// source-sha256: a2e8d20f2f38f52c936cf37e37966af24174b391a1243720560c891de3265fb3
#if defined(__GNUC__) || defined(__clang__)
#pragma GCC system_header
#endif
#pragma once
/*
    #version:1# (machine generated, don't edit!)

    Generated by sokol-shdc (https://github.com/floooh/sokol-tools)

    Overview:
    =========
    Shader program: 'fill':
        Get shader desc: video_fill_shader_desc(sg_query_backend());
        Vertex Shader: quad_vs
        Fragment Shader: fill_fs
        Attributes:
    Shader program: 'mask':
        Get shader desc: video_mask_shader_desc(sg_query_backend());
        Vertex Shader: quad_vs
        Fragment Shader: mask_fs
        Attributes:
    Shader program: 'movie':
        Get shader desc: video_movie_shader_desc(sg_query_backend());
        Vertex Shader: quad_vs
        Fragment Shader: movie_fs
        Attributes:
    Shader program: 'movie_q':
        Get shader desc: video_movie_q_shader_desc(sg_query_backend());
        Vertex Shader: quad_vs
        Fragment Shader: movie_q_fs
        Attributes:
    Shader program: 'picture':
        Get shader desc: video_picture_shader_desc(sg_query_backend());
        Vertex Shader: quad_vs
        Fragment Shader: picture_fs
        Attributes:
    Shader program: 'warp':
        Get shader desc: video_warp_shader_desc(sg_query_backend());
        Vertex Shader: mesh_vs
        Fragment Shader: warp_fs
        Attributes:
            ATTR_video_warp_position => 0
            ATTR_video_warp_texel => 1
    Bindings:
        Uniform block 'quad':
            C struct: video_quad_t
            Bind slot: UB_video_quad => 0
        Uniform block 'fill':
            C struct: video_fill_t
            Bind slot: UB_video_fill => 1
        Uniform block 'mask':
            C struct: video_mask_t
            Bind slot: UB_video_mask => 1
        Uniform block 'grade':
            C struct: video_grade_t
            Bind slot: UB_video_grade => 1
        Uniform block 'warp':
            C struct: video_warp_t
            Bind slot: UB_video_warp => 1
        Texture 'grade_tables':
            Image type: SG_IMAGETYPE_2D
            Sample type: SG_IMAGESAMPLETYPE_FLOAT
            Multisampled: false
            Bind slot: VIEW_video_grade_tables => 1
        Texture 'picture':
            Image type: SG_IMAGETYPE_2D
            Sample type: SG_IMAGESAMPLETYPE_FLOAT
            Multisampled: false
            Bind slot: VIEW_video_picture => 0
        Texture 'canvas':
            Image type: SG_IMAGETYPE_2D
            Sample type: SG_IMAGESAMPLETYPE_FLOAT
            Multisampled: false
            Bind slot: VIEW_video_canvas => 0
        Sampler 'grade_smp':
            Type: SG_SAMPLERTYPE_FILTERING
            Bind slot: SMP_video_grade_smp => 1
        Sampler 'picture_smp':
            Type: SG_SAMPLERTYPE_FILTERING
            Bind slot: SMP_video_picture_smp => 0
        Sampler 'canvas_smp':
            Type: SG_SAMPLERTYPE_FILTERING
            Bind slot: SMP_video_canvas_smp => 0
*/
#if !defined(SOKOL_GFX_INCLUDED)
#error "Please include sokol_gfx.h before video.glsl.tmp"
#endif
#if !defined(SOKOL_SHDC_ALIGN)
#if defined(_MSC_VER)
#define SOKOL_SHDC_ALIGN(a) __declspec(align(a))
#else
#define SOKOL_SHDC_ALIGN(a) __attribute__((aligned(a)))
#endif
#endif
#define ATTR_video_warp_position (0)
#define ATTR_video_warp_texel (1)
#define UB_video_quad (0)
#define UB_video_fill (1)
#define UB_video_mask (1)
#define UB_video_grade (1)
#define UB_video_warp (1)
#define VIEW_video_grade_tables (1)
#define VIEW_video_picture (0)
#define VIEW_video_canvas (0)
#define SMP_video_grade_smp (1)
#define SMP_video_picture_smp (0)
#define SMP_video_canvas_smp (0)
#pragma pack(push,1)
SOKOL_SHDC_ALIGN(16) typedef struct video_quad_t {
    float corner_xy01[4];
    float corner_xy23[4];
    float corner_uv01[4];
    float corner_uv23[4];
} video_quad_t;
#pragma pack(pop)
#pragma pack(push,1)
SOKOL_SHDC_ALIGN(16) typedef struct video_fill_t {
    float colour[4];
} video_fill_t;
#pragma pack(pop)
#pragma pack(push,1)
SOKOL_SHDC_ALIGN(16) typedef struct video_mask_t {
    float colour[4];
    float shape[4];
    float count[4];
    float corners[32][4];
} video_mask_t;
#pragma pack(pop)
#pragma pack(push,1)
SOKOL_SHDC_ALIGN(16) typedef struct video_grade_t {
    float grade_a[4];
    float grade_b[4];
} video_grade_t;
#pragma pack(pop)
#pragma pack(push,1)
SOKOL_SHDC_ALIGN(16) typedef struct video_warp_t {
    float slope[4];
    float offset[4];
    float power[4];
    float misc[4];
} video_warp_t;
#pragma pack(pop)
/*
    #version 410

    uniform vec4 quad[4];
    layout(location = 0) out vec2 at;

    void main()
    {
        bool _19 = gl_VertexID == 0;
        vec2 _20;
        if (_19)
        {
            _20 = quad[0].xy;
        }
        else
        {
            vec2 _35;
            if (gl_VertexID == 1)
            {
                _35 = quad[0].zw;
            }
            else
            {
                vec2 _45;
                if (gl_VertexID == 2)
                {
                    _45 = quad[1].xy;
                }
                else
                {
                    _45 = quad[1].zw;
                }
                _35 = _45;
            }
            _20 = _35;
        }
        vec2 _62;
        if (_19)
        {
            _62 = quad[2].xy;
        }
        else
        {
            vec2 _71;
            if (gl_VertexID == 1)
            {
                _71 = quad[2].zw;
            }
            else
            {
                vec2 _80;
                if (gl_VertexID == 2)
                {
                    _80 = quad[3].xy;
                }
                else
                {
                    _80 = quad[3].zw;
                }
                _71 = _80;
            }
            _62 = _71;
        }
        at = _62;
        gl_Position = vec4(_20, 0.0, 1.0);
    }

*/
#if defined(SOKOL_GLCORE)
static const uint8_t video_quad_vs_source_glsl410[1087] = {
    0x23,0x76,0x65,0x72,0x73,0x69,0x6f,0x6e,0x20,0x34,0x31,0x30,0x0a,0x0a,0x75,0x6e,
    0x69,0x66,0x6f,0x72,0x6d,0x20,0x76,0x65,0x63,0x34,0x20,0x71,0x75,0x61,0x64,0x5b,
    0x34,0x5d,0x3b,0x0a,0x6c,0x61,0x79,0x6f,0x75,0x74,0x28,0x6c,0x6f,0x63,0x61,0x74,
    0x69,0x6f,0x6e,0x20,0x3d,0x20,0x30,0x29,0x20,0x6f,0x75,0x74,0x20,0x76,0x65,0x63,
    0x32,0x20,0x61,0x74,0x3b,0x0a,0x0a,0x76,0x6f,0x69,0x64,0x20,0x6d,0x61,0x69,0x6e,
    0x28,0x29,0x0a,0x7b,0x0a,0x20,0x20,0x20,0x20,0x62,0x6f,0x6f,0x6c,0x20,0x5f,0x31,
    0x39,0x20,0x3d,0x20,0x67,0x6c,0x5f,0x56,0x65,0x72,0x74,0x65,0x78,0x49,0x44,0x20,
    0x3d,0x3d,0x20,0x30,0x3b,0x0a,0x20,0x20,0x20,0x20,0x76,0x65,0x63,0x32,0x20,0x5f,
    0x32,0x30,0x3b,0x0a,0x20,0x20,0x20,0x20,0x69,0x66,0x20,0x28,0x5f,0x31,0x39,0x29,
    0x0a,0x20,0x20,0x20,0x20,0x7b,0x0a,0x20,0x20,0x20,0x20,0x20,0x20,0x20,0x20,0x5f,
    0x32,0x30,0x20,0x3d,0x20,0x71,0x75,0x61,0x64,0x5b,0x30,0x5d,0x2e,0x78,0x79,0x3b,
    0x0a,0x20,0x20,0x20,0x20,0x7d,0x0a,0x20,0x20,0x20,0x20,0x65,0x6c,0x73,0x65,0x0a,
    0x20,0x20,0x20,0x20,0x7b,0x0a,0x20,0x20,0x20,0x20,0x20,0x20,0x20,0x20,0x76,0x65,
    0x63,0x32,0x20,0x5f,0x33,0x35,0x3b,0x0a,0x20,0x20,0x20,0x20,0x20,0x20,0x20,0x20,
    0x69,0x66,0x20,0x28,0x67,0x6c,0x5f,0x56,0x65,0x72,0x74,0x65,0x78,0x49,0x44,0x20,
    0x3d,0x3d,0x20,0x31,0x29,0x0a,0x20,0x20,0x20,0x20,0x20,0x20,0x20,0x20,0x7b,0x0a,
    0x20,0x20,0x20,0x20,0x20,0x20,0x20,0x20,0x20,0x20,0x20,0x20,0x5f,0x33,0x35,0x20,
    0x3d,0x20,0x71,0x75,0x61,0x64,0x5b,0x30,0x5d,0x2e,0x7a,0x77,0x3b,0x0a,0x20,0x20,
    0x20,0x20,0x20,0x20,0x20,0x20,0x7d,0x0a,0x20,0x20,0x20,0x20,0x20,0x20,0x20,0x20,
    0x65,0x6c,0x73,0x65,0x0a,0x20,0x20,0x20,0x20,0x20,0x20,0x20,0x20,0x7b,0x0a,0x20,
    0x20,0x20,0x20,0x20,0x20,0x20,0x20,0x20,0x20,0x20,0x20,0x76,0x65,0x63,0x32,0x20,
    0x5f,0x34,0x35,0x3b,0x0a,0x20,0x20,0x20,0x20,0x20,0x20,0x20,0x20,0x20,0x20,0x20,
    0x20,0x69,0x66,0x20,0x28,0x67,0x6c,0x5f,0x56,0x65,0x72,0x74,0x65,0x78,0x49,0x44,
    0x20,0x3d,0x3d,0x20,0x32,0x29,0x0a,0x20,0x20,0x20,0x20,0x20,0x20,0x20,0x20,0x20,
    0x20,0x20,0x20,0x7b,0x0a,0x20,0x20,0x20,0x20,0x20,0x20,0x20,0x20,0x20,0x20,0x20,
    0x20,0x20,0x20,0x20,0x20,0x5f,0x34,0x35,0x20,0x3d,0x20,0x71,0x75,0x61,0x64,0x5b,
    0x31,0x5d,0x2e,0x78,0x79,0x3b,0x0a,0x20,0x20,0x20,0x20,0x20,0x20,0x20,0x20,0x20,
    0x20,0x20,0x20,0x7d,0x0a,0x20,0x20,0x20,0x20,0x20,0x20,0x20,0x20,0x20,0x20,0x20,
    0x20,0x65,0x6c,0x73,0x65,0x0a,0x20,0x20,0x20,0x20,0x20,0x20,0x20,0x20,0x20,0x20,
    0x20,0x20,0x7b,0x0a,0x20,0x20,0x20,0x20,0x20,0x20,0x20,0x20,0x20,0x20,0x20,0x20,
    0x20,0x20,0x20,0x20,0x5f,0x34,0x35,0x20,0x3d,0x20,0x71,0x75,0x61,0x64,0x5b,0x31,
    0x5d,0x2e,0x7a,0x77,0x3b,0x0a,0x20,0x20,0x20,0x20,0x20,0x20,0x20,0x20,0x20,0x20,
    0x20,0x20,0x7d,0x0a,0x20,0x20,0x20,0x20,0x20,0x20,0x20,0x20,0x20,0x20,0x20,0x20,
    0x5f,0x33,0x35,0x20,0x3d,0x20,0x5f,0x34,0x35,0x3b,0x0a,0x20,0x20,0x20,0x20,0x20,
    0x20,0x20,0x20,0x7d,0x0a,0x20,0x20,0x20,0x20,0x20,0x20,0x20,0x20,0x5f,0x32,0x30,
    0x20,0x3d,0x20,0x5f,0x33,0x35,0x3b,0x0a,0x20,0x20,0x20,0x20,0x7d,0x0a,0x20,0x20,
    0x20,0x20,0x76,0x65,0x63,0x32,0x20,0x5f,0x36,0x32,0x3b,0x0a,0x20,0x20,0x20,0x20,
    0x69,0x66,0x20,0x28,0x5f,0x31,0x39,0x29,0x0a,0x20,0x20,0x20,0x20,0x7b,0x0a,0x20,
    0x20,0x20,0x20,0x20,0x20,0x20,0x20,0x5f,0x36,0x32,0x20,0x3d,0x20,0x71,0x75,0x61,
    0x64,0x5b,0x32,0x5d,0x2e,0x78,0x79,0x3b,0x0a,0x20,0x20,0x20,0x20,0x7d,0x0a,0x20,
    0x20,0x20,0x20,0x65,0x6c,0x73,0x65,0x0a,0x20,0x20,0x20,0x20,0x7b,0x0a,0x20,0x20,
    0x20,0x20,0x20,0x20,0x20,0x20,0x76,0x65,0x63,0x32,0x20,0x5f,0x37,0x31,0x3b,0x0a,
    0x20,0x20,0x20,0x20,0x20,0x20,0x20,0x20,0x69,0x66,0x20,0x28,0x67,0x6c,0x5f,0x56,
    0x65,0x72,0x74,0x65,0x78,0x49,0x44,0x20,0x3d,0x3d,0x20,0x31,0x29,0x0a,0x20,0x20,
    0x20,0x20,0x20,0x20,0x20,0x20,0x7b,0x0a,0x20,0x20,0x20,0x20,0x20,0x20,0x20,0x20,
    0x20,0x20,0x20,0x20,0x5f,0x37,0x31,0x20,0x3d,0x20,0x71,0x75,0x61,0x64,0x5b,0x32,
    0x5d,0x2e,0x7a,0x77,0x3b,0x0a,0x20,0x20,0x20,0x20,0x20,0x20,0x20,0x20,0x7d,0x0a,
    0x20,0x20,0x20,0x20,0x20,0x20,0x20,0x20,0x65,0x6c,0x73,0x65,0x0a,0x20,0x20,0x20,
    0x20,0x20,0x20,0x20,0x20,0x7b,0x0a,0x20,0x20,0x20,0x20,0x20,0x20,0x20,0x20,0x20,
    0x20,0x20,0x20,0x76,0x65,0x63,0x32,0x20,0x5f,0x38,0x30,0x3b,0x0a,0x20,0x20,0x20,
    0x20,0x20,0x20,0x20,0x20,0x20,0x20,0x20,0x20,0x69,0x66,0x20,0x28,0x67,0x6c,0x5f,
    0x56,0x65,0x72,0x74,0x65,0x78,0x49,0x44,0x20,0x3d,0x3d,0x20,0x32,0x29,0x0a,0x20,
    0x20,0x20,0x20,0x20,0x20,0x20,0x20,0x20,0x20,0x20,0x20,0x7b,0x0a,0x20,0x20,0x20,
    0x20,0x20,0x20,0x20,0x20,0x20,0x20,0x20,0x20,0x20,0x20,0x20,0x20,0x5f,0x38,0x30,
    0x20,0x3d,0x20,0x71,0x75,0x61,0x64,0x5b,0x33,0x5d,0x2e,0x78,0x79,0x3b,0x0a,0x20,
    0x20,0x20,0x20,0x20,0x20,0x20,0x20,0x20,0x20,0x20,0x20,0x7d,0x0a,0x20,0x20,0x20,
    0x20,0x20,0x20,0x20,0x20,0x20,0x20,0x20,0x20,0x65,0x6c,0x73,0x65,0x0a,0x20,0x20,
    0x20,0x20,0x20,0x20,0x20,0x20,0x20,0x20,0x20,0x20,0x7b,0x0a,0x20,0x20,0x20,0x20,
    0x20,0x20,0x20,0x20,0x20,0x20,0x20,0x20,0x20,0x20,0x20,0x20,0x5f,0x38,0x30,0x20,
    0x3d,0x20,0x71,0x75,0x61,0x64,0x5b,0x33,0x5d,0x2e,0x7a,0x77,0x3b,0x0a,0x20,0x20,
    0x20,0x20,0x20,0x20,0x20,0x20,0x20,0x20,0x20,0x20,0x7d,0x0a,0x20,0x20,0x20,0x20,
    0x20,0x20,0x20,0x20,0x20,0x20,0x20,0x20,0x5f,0x37,0x31,0x20,0x3d,0x20,0x5f,0x38,
    0x30,0x3b,0x0a,0x20,0x20,0x20,0x20,0x20,0x20,0x20,0x20,0x7d,0x0a,0x20,0x20,0x20,
    0x20,0x20,0x20,0x20,0x20,0x5f,0x36,0x32,0x20,0x3d,0x20,0x5f,0x37,0x31,0x3b,0x0a,
    0x20,0x20,0x20,0x20,0x7d,0x0a,0x20,0x20,0x20,0x20,0x61,0x74,0x20,0x3d,0x20,0x5f,
    0x36,0x32,0x3b,0x0a,0x20,0x20,0x20,0x20,0x67,0x6c,0x5f,0x50,0x6f,0x73,0x69,0x74,
    0x69,0x6f,0x6e,0x20,0x3d,0x20,0x76,0x65,0x63,0x34,0x28,0x5f,0x32,0x30,0x2c,0x20,
    0x30,0x2e,0x30,0x2c,0x20,0x31,0x2e,0x30,0x29,0x3b,0x0a,0x7d,0x0a,0x0a,0x00,
};
#endif
/*
    #version 410

    layout(location = 0) out vec2 at;
    layout(location = 1) in vec2 texel;
    layout(location = 0) in vec2 position;

    void main()
    {
        at = texel;
        gl_Position = vec4(position, 0.0, 1.0);
    }

*/
#if defined(SOKOL_GLCORE)
static const uint8_t video_mesh_vs_source_glsl410[202] = {
    0x23,0x76,0x65,0x72,0x73,0x69,0x6f,0x6e,0x20,0x34,0x31,0x30,0x0a,0x0a,0x6c,0x61,
    0x79,0x6f,0x75,0x74,0x28,0x6c,0x6f,0x63,0x61,0x74,0x69,0x6f,0x6e,0x20,0x3d,0x20,
    0x30,0x29,0x20,0x6f,0x75,0x74,0x20,0x76,0x65,0x63,0x32,0x20,0x61,0x74,0x3b,0x0a,
    0x6c,0x61,0x79,0x6f,0x75,0x74,0x28,0x6c,0x6f,0x63,0x61,0x74,0x69,0x6f,0x6e,0x20,
    0x3d,0x20,0x31,0x29,0x20,0x69,0x6e,0x20,0x76,0x65,0x63,0x32,0x20,0x74,0x65,0x78,
    0x65,0x6c,0x3b,0x0a,0x6c,0x61,0x79,0x6f,0x75,0x74,0x28,0x6c,0x6f,0x63,0x61,0x74,
    0x69,0x6f,0x6e,0x20,0x3d,0x20,0x30,0x29,0x20,0x69,0x6e,0x20,0x76,0x65,0x63,0x32,
    0x20,0x70,0x6f,0x73,0x69,0x74,0x69,0x6f,0x6e,0x3b,0x0a,0x0a,0x76,0x6f,0x69,0x64,
    0x20,0x6d,0x61,0x69,0x6e,0x28,0x29,0x0a,0x7b,0x0a,0x20,0x20,0x20,0x20,0x61,0x74,
    0x20,0x3d,0x20,0x74,0x65,0x78,0x65,0x6c,0x3b,0x0a,0x20,0x20,0x20,0x20,0x67,0x6c,
    0x5f,0x50,0x6f,0x73,0x69,0x74,0x69,0x6f,0x6e,0x20,0x3d,0x20,0x76,0x65,0x63,0x34,
    0x28,0x70,0x6f,0x73,0x69,0x74,0x69,0x6f,0x6e,0x2c,0x20,0x30,0x2e,0x30,0x2c,0x20,
    0x31,0x2e,0x30,0x29,0x3b,0x0a,0x7d,0x0a,0x0a,0x00,
};
#endif
/*
    #version 410

    uniform vec4 fill[1];
    layout(location = 0) out vec4 frag_colour;
    layout(location = 0) in vec2 at;

    void main()
    {
        frag_colour = vec4(fill[0].xyz * fill[0].w, fill[0].w);
    }

*/
#if defined(SOKOL_GLCORE)
static const uint8_t video_fill_fs_source_glsl410[191] = {
    0x23,0x76,0x65,0x72,0x73,0x69,0x6f,0x6e,0x20,0x34,0x31,0x30,0x0a,0x0a,0x75,0x6e,
    0x69,0x66,0x6f,0x72,0x6d,0x20,0x76,0x65,0x63,0x34,0x20,0x66,0x69,0x6c,0x6c,0x5b,
    0x31,0x5d,0x3b,0x0a,0x6c,0x61,0x79,0x6f,0x75,0x74,0x28,0x6c,0x6f,0x63,0x61,0x74,
    0x69,0x6f,0x6e,0x20,0x3d,0x20,0x30,0x29,0x20,0x6f,0x75,0x74,0x20,0x76,0x65,0x63,
    0x34,0x20,0x66,0x72,0x61,0x67,0x5f,0x63,0x6f,0x6c,0x6f,0x75,0x72,0x3b,0x0a,0x6c,
    0x61,0x79,0x6f,0x75,0x74,0x28,0x6c,0x6f,0x63,0x61,0x74,0x69,0x6f,0x6e,0x20,0x3d,
    0x20,0x30,0x29,0x20,0x69,0x6e,0x20,0x76,0x65,0x63,0x32,0x20,0x61,0x74,0x3b,0x0a,
    0x0a,0x76,0x6f,0x69,0x64,0x20,0x6d,0x61,0x69,0x6e,0x28,0x29,0x0a,0x7b,0x0a,0x20,
    0x20,0x20,0x20,0x66,0x72,0x61,0x67,0x5f,0x63,0x6f,0x6c,0x6f,0x75,0x72,0x20,0x3d,
    0x20,0x76,0x65,0x63,0x34,0x28,0x66,0x69,0x6c,0x6c,0x5b,0x30,0x5d,0x2e,0x78,0x79,
    0x7a,0x20,0x2a,0x20,0x66,0x69,0x6c,0x6c,0x5b,0x30,0x5d,0x2e,0x77,0x2c,0x20,0x66,
    0x69,0x6c,0x6c,0x5b,0x30,0x5d,0x2e,0x77,0x29,0x3b,0x0a,0x7d,0x0a,0x0a,0x00,
};
#endif
/*
    #version 410

    uniform vec4 grade[2];
    uniform sampler2D picture_picture_smp;
    uniform sampler2D grade_tables_grade_smp;

    layout(location = 0) in vec2 at;
    layout(location = 0) out vec4 frag_colour;

    vec3 apply_grade(inout vec3 c)
    {
        c = pow(clamp(c, vec3(0.0), vec3(1.0)), vec3(1.0 / grade[0].x));
        c = ((c - vec3(0.5)) * grade[0].y) + vec3(0.5);
        vec3 _54 = vec3(dot(c, vec3(0.2125999927520751953125, 0.715200006961822509765625, 0.072200000286102294921875)));
        vec3 _55 = c - _54;
        c = clamp(_54 + ((((_55 * grade[1].x) + (cross(vec3(0.57735025882720947265625), _55) * grade[1].y)) + ((vec3(0.57735025882720947265625) * dot(vec3(0.57735025882720947265625), _55)) * (1.0 - grade[1].x))) * grade[0].z), vec3(0.0), vec3(1.0));
        if (grade[0].w > 0.5)
        {
            vec3 _107 = ((c * 255.0) + vec3(0.5)) * vec3(0.00390625);
            c = vec3(texture(grade_tables_grade_smp, vec2(_107.x, 0.5)).x, texture(grade_tables_grade_smp, vec2(_107.y, 0.5)).y, texture(grade_tables_grade_smp, vec2(_107.z, 0.5)).z);
        }
        return c;
    }

    void main()
    {
        vec4 _154 = texture(picture_picture_smp, at);
        float _157 = _154.w;
        vec3 _159;
        if (_157 > 0.0)
        {
            vec3 param = _154.xyz / vec3(_157);
            vec3 _169 = apply_grade(param);
            _159 = _169;
        }
        else
        {
            _159 = vec3(0.0);
        }
        frag_colour = vec4(_159 * _157, _157) * grade[1].z;
    }

*/
#if defined(SOKOL_GLCORE)
static const uint8_t video_picture_fs_source_glsl410[1386] = {
    0x23,0x76,0x65,0x72,0x73,0x69,0x6f,0x6e,0x20,0x34,0x31,0x30,0x0a,0x0a,0x75,0x6e,
    0x69,0x66,0x6f,0x72,0x6d,0x20,0x76,0x65,0x63,0x34,0x20,0x67,0x72,0x61,0x64,0x65,
    0x5b,0x32,0x5d,0x3b,0x0a,0x75,0x6e,0x69,0x66,0x6f,0x72,0x6d,0x20,0x73,0x61,0x6d,
    0x70,0x6c,0x65,0x72,0x32,0x44,0x20,0x70,0x69,0x63,0x74,0x75,0x72,0x65,0x5f,0x70,
    0x69,0x63,0x74,0x75,0x72,0x65,0x5f,0x73,0x6d,0x70,0x3b,0x0a,0x75,0x6e,0x69,0x66,
    0x6f,0x72,0x6d,0x20,0x73,0x61,0x6d,0x70,0x6c,0x65,0x72,0x32,0x44,0x20,0x67,0x72,
    0x61,0x64,0x65,0x5f,0x74,0x61,0x62,0x6c,0x65,0x73,0x5f,0x67,0x72,0x61,0x64,0x65,
    0x5f,0x73,0x6d,0x70,0x3b,0x0a,0x0a,0x6c,0x61,0x79,0x6f,0x75,0x74,0x28,0x6c,0x6f,
    0x63,0x61,0x74,0x69,0x6f,0x6e,0x20,0x3d,0x20,0x30,0x29,0x20,0x69,0x6e,0x20,0x76,
    0x65,0x63,0x32,0x20,0x61,0x74,0x3b,0x0a,0x6c,0x61,0x79,0x6f,0x75,0x74,0x28,0x6c,
    0x6f,0x63,0x61,0x74,0x69,0x6f,0x6e,0x20,0x3d,0x20,0x30,0x29,0x20,0x6f,0x75,0x74,
    0x20,0x76,0x65,0x63,0x34,0x20,0x66,0x72,0x61,0x67,0x5f,0x63,0x6f,0x6c,0x6f,0x75,
    0x72,0x3b,0x0a,0x0a,0x76,0x65,0x63,0x33,0x20,0x61,0x70,0x70,0x6c,0x79,0x5f,0x67,
    0x72,0x61,0x64,0x65,0x28,0x69,0x6e,0x6f,0x75,0x74,0x20,0x76,0x65,0x63,0x33,0x20,
    0x63,0x29,0x0a,0x7b,0x0a,0x20,0x20,0x20,0x20,0x63,0x20,0x3d,0x20,0x70,0x6f,0x77,
    0x28,0x63,0x6c,0x61,0x6d,0x70,0x28,0x63,0x2c,0x20,0x76,0x65,0x63,0x33,0x28,0x30,
    0x2e,0x30,0x29,0x2c,0x20,0x76,0x65,0x63,0x33,0x28,0x31,0x2e,0x30,0x29,0x29,0x2c,
    0x20,0x76,0x65,0x63,0x33,0x28,0x31,0x2e,0x30,0x20,0x2f,0x20,0x67,0x72,0x61,0x64,
    0x65,0x5b,0x30,0x5d,0x2e,0x78,0x29,0x29,0x3b,0x0a,0x20,0x20,0x20,0x20,0x63,0x20,
    0x3d,0x20,0x28,0x28,0x63,0x20,0x2d,0x20,0x76,0x65,0x63,0x33,0x28,0x30,0x2e,0x35,
    0x29,0x29,0x20,0x2a,0x20,0x67,0x72,0x61,0x64,0x65,0x5b,0x30,0x5d,0x2e,0x79,0x29,
    0x20,0x2b,0x20,0x76,0x65,0x63,0x33,0x28,0x30,0x2e,0x35,0x29,0x3b,0x0a,0x20,0x20,
    0x20,0x20,0x76,0x65,0x63,0x33,0x20,0x5f,0x35,0x34,0x20,0x3d,0x20,0x76,0x65,0x63,
    0x33,0x28,0x64,0x6f,0x74,0x28,0x63,0x2c,0x20,0x76,0x65,0x63,0x33,0x28,0x30,0x2e,
    0x32,0x31,0x32,0x35,0x39,0x39,0x39,0x39,0x32,0x37,0x35,0x32,0x30,0x37,0x35,0x31,
    0x39,0x35,0x33,0x31,0x32,0x35,0x2c,0x20,0x30,0x2e,0x37,0x31,0x35,0x32,0x30,0x30,
    0x30,0x30,0x36,0x39,0x36,0x31,0x38,0x32,0x32,0x35,0x30,0x39,0x37,0x36,0x35,0x36,
    0x32,0x35,0x2c,0x20,0x30,0x2e,0x30,0x37,0x32,0x32,0x30,0x30,0x30,0x30,0x30,0x32,
    0x38,0x36,0x31,0x30,0x32,0x32,0x39,0x34,0x39,0x32,0x31,0x38,0x37,0x35,0x29,0x29,
    0x29,0x3b,0x0a,0x20,0x20,0x20,0x20,0x76,0x65,0x63,0x33,0x20,0x5f,0x35,0x35,0x20,
    0x3d,0x20,0x63,0x20,0x2d,0x20,0x5f,0x35,0x34,0x3b,0x0a,0x20,0x20,0x20,0x20,0x63,
    0x20,0x3d,0x20,0x63,0x6c,0x61,0x6d,0x70,0x28,0x5f,0x35,0x34,0x20,0x2b,0x20,0x28,
    0x28,0x28,0x28,0x5f,0x35,0x35,0x20,0x2a,0x20,0x67,0x72,0x61,0x64,0x65,0x5b,0x31,
    0x5d,0x2e,0x78,0x29,0x20,0x2b,0x20,0x28,0x63,0x72,0x6f,0x73,0x73,0x28,0x76,0x65,
    0x63,0x33,0x28,0x30,0x2e,0x35,0x37,0x37,0x33,0x35,0x30,0x32,0x35,0x38,0x38,0x32,
    0x37,0x32,0x30,0x39,0x34,0x37,0x32,0x36,0x35,0x36,0x32,0x35,0x29,0x2c,0x20,0x5f,
    0x35,0x35,0x29,0x20,0x2a,0x20,0x67,0x72,0x61,0x64,0x65,0x5b,0x31,0x5d,0x2e,0x79,
    0x29,0x29,0x20,0x2b,0x20,0x28,0x28,0x76,0x65,0x63,0x33,0x28,0x30,0x2e,0x35,0x37,
    0x37,0x33,0x35,0x30,0x32,0x35,0x38,0x38,0x32,0x37,0x32,0x30,0x39,0x34,0x37,0x32,
    0x36,0x35,0x36,0x32,0x35,0x29,0x20,0x2a,0x20,0x64,0x6f,0x74,0x28,0x76,0x65,0x63,
    0x33,0x28,0x30,0x2e,0x35,0x37,0x37,0x33,0x35,0x30,0x32,0x35,0x38,0x38,0x32,0x37,
    0x32,0x30,0x39,0x34,0x37,0x32,0x36,0x35,0x36,0x32,0x35,0x29,0x2c,0x20,0x5f,0x35,
    0x35,0x29,0x29,0x20,0x2a,0x20,0x28,0x31,0x2e,0x30,0x20,0x2d,0x20,0x67,0x72,0x61,
    0x64,0x65,0x5b,0x31,0x5d,0x2e,0x78,0x29,0x29,0x29,0x20,0x2a,0x20,0x67,0x72,0x61,
    0x64,0x65,0x5b,0x30,0x5d,0x2e,0x7a,0x29,0x2c,0x20,0x76,0x65,0x63,0x33,0x28,0x30,
    0x2e,0x30,0x29,0x2c,0x20,0x76,0x65,0x63,0x33,0x28,0x31,0x2e,0x30,0x29,0x29,0x3b,
    0x0a,0x20,0x20,0x20,0x20,0x69,0x66,0x20,0x28,0x67,0x72,0x61,0x64,0x65,0x5b,0x30,
    0x5d,0x2e,0x77,0x20,0x3e,0x20,0x30,0x2e,0x35,0x29,0x0a,0x20,0x20,0x20,0x20,0x7b,
    0x0a,0x20,0x20,0x20,0x20,0x20,0x20,0x20,0x20,0x76,0x65,0x63,0x33,0x20,0x5f,0x31,
    0x30,0x37,0x20,0x3d,0x20,0x28,0x28,0x63,0x20,0x2a,0x20,0x32,0x35,0x35,0x2e,0x30,
    0x29,0x20,0x2b,0x20,0x76,0x65,0x63,0x33,0x28,0x30,0x2e,0x35,0x29,0x29,0x20,0x2a,
    0x20,0x76,0x65,0x63,0x33,0x28,0x30,0x2e,0x30,0x30,0x33,0x39,0x30,0x36,0x32,0x35,
    0x29,0x3b,0x0a,0x20,0x20,0x20,0x20,0x20,0x20,0x20,0x20,0x63,0x20,0x3d,0x20,0x76,
    0x65,0x63,0x33,0x28,0x74,0x65,0x78,0x74,0x75,0x72,0x65,0x28,0x67,0x72,0x61,0x64,
    0x65,0x5f,0x74,0x61,0x62,0x6c,0x65,0x73,0x5f,0x67,0x72,0x61,0x64,0x65,0x5f,0x73,
    0x6d,0x70,0x2c,0x20,0x76,0x65,0x63,0x32,0x28,0x5f,0x31,0x30,0x37,0x2e,0x78,0x2c,
    0x20,0x30,0x2e,0x35,0x29,0x29,0x2e,0x78,0x2c,0x20,0x74,0x65,0x78,0x74,0x75,0x72,
    0x65,0x28,0x67,0x72,0x61,0x64,0x65,0x5f,0x74,0x61,0x62,0x6c,0x65,0x73,0x5f,0x67,
    0x72,0x61,0x64,0x65,0x5f,0x73,0x6d,0x70,0x2c,0x20,0x76,0x65,0x63,0x32,0x28,0x5f,
    0x31,0x30,0x37,0x2e,0x79,0x2c,0x20,0x30,0x2e,0x35,0x29,0x29,0x2e,0x79,0x2c,0x20,
    0x74,0x65,0x78,0x74,0x75,0x72,0x65,0x28,0x67,0x72,0x61,0x64,0x65,0x5f,0x74,0x61,
    0x62,0x6c,0x65,0x73,0x5f,0x67,0x72,0x61,0x64,0x65,0x5f,0x73,0x6d,0x70,0x2c,0x20,
    0x76,0x65,0x63,0x32,0x28,0x5f,0x31,0x30,0x37,0x2e,0x7a,0x2c,0x20,0x30,0x2e,0x35,
    0x29,0x29,0x2e,0x7a,0x29,0x3b,0x0a,0x20,0x20,0x20,0x20,0x7d,0x0a,0x20,0x20,0x20,
    0x20,0x72,0x65,0x74,0x75,0x72,0x6e,0x20,0x63,0x3b,0x0a,0x7d,0x0a,0x0a,0x76,0x6f,
    0x69,0x64,0x20,0x6d,0x61,0x69,0x6e,0x28,0x29,0x0a,0x7b,0x0a,0x20,0x20,0x20,0x20,
    0x76,0x65,0x63,0x34,0x20,0x5f,0x31,0x35,0x34,0x20,0x3d,0x20,0x74,0x65,0x78,0x74,
    0x75,0x72,0x65,0x28,0x70,0x69,0x63,0x74,0x75,0x72,0x65,0x5f,0x70,0x69,0x63,0x74,
    0x75,0x72,0x65,0x5f,0x73,0x6d,0x70,0x2c,0x20,0x61,0x74,0x29,0x3b,0x0a,0x20,0x20,
    0x20,0x20,0x66,0x6c,0x6f,0x61,0x74,0x20,0x5f,0x31,0x35,0x37,0x20,0x3d,0x20,0x5f,
    0x31,0x35,0x34,0x2e,0x77,0x3b,0x0a,0x20,0x20,0x20,0x20,0x76,0x65,0x63,0x33,0x20,
    0x5f,0x31,0x35,0x39,0x3b,0x0a,0x20,0x20,0x20,0x20,0x69,0x66,0x20,0x28,0x5f,0x31,
    0x35,0x37,0x20,0x3e,0x20,0x30,0x2e,0x30,0x29,0x0a,0x20,0x20,0x20,0x20,0x7b,0x0a,
    0x20,0x20,0x20,0x20,0x20,0x20,0x20,0x20,0x76,0x65,0x63,0x33,0x20,0x70,0x61,0x72,
    0x61,0x6d,0x20,0x3d,0x20,0x5f,0x31,0x35,0x34,0x2e,0x78,0x79,0x7a,0x20,0x2f,0x20,
    0x76,0x65,0x63,0x33,0x28,0x5f,0x31,0x35,0x37,0x29,0x3b,0x0a,0x20,0x20,0x20,0x20,
    0x20,0x20,0x20,0x20,0x76,0x65,0x63,0x33,0x20,0x5f,0x31,0x36,0x39,0x20,0x3d,0x20,
    0x61,0x70,0x70,0x6c,0x79,0x5f,0x67,0x72,0x61,0x64,0x65,0x28,0x70,0x61,0x72,0x61,
    0x6d,0x29,0x3b,0x0a,0x20,0x20,0x20,0x20,0x20,0x20,0x20,0x20,0x5f,0x31,0x35,0x39,
    0x20,0x3d,0x20,0x5f,0x31,0x36,0x39,0x3b,0x0a,0x20,0x20,0x20,0x20,0x7d,0x0a,0x20,
    0x20,0x20,0x20,0x65,0x6c,0x73,0x65,0x0a,0x20,0x20,0x20,0x20,0x7b,0x0a,0x20,0x20,
    0x20,0x20,0x20,0x20,0x20,0x20,0x5f,0x31,0x35,0x39,0x20,0x3d,0x20,0x76,0x65,0x63,
    0x33,0x28,0x30,0x2e,0x30,0x29,0x3b,0x0a,0x20,0x20,0x20,0x20,0x7d,0x0a,0x20,0x20,
    0x20,0x20,0x66,0x72,0x61,0x67,0x5f,0x63,0x6f,0x6c,0x6f,0x75,0x72,0x20,0x3d,0x20,
    0x76,0x65,0x63,0x34,0x28,0x5f,0x31,0x35,0x39,0x20,0x2a,0x20,0x5f,0x31,0x35,0x37,
    0x2c,0x20,0x5f,0x31,0x35,0x37,0x29,0x20,0x2a,0x20,0x67,0x72,0x61,0x64,0x65,0x5b,
    0x31,0x5d,0x2e,0x7a,0x3b,0x0a,0x7d,0x0a,0x0a,0x00,
};
#endif
/*
    #version 410

    uniform vec4 grade[2];
    uniform sampler2D picture_picture_smp;
    uniform sampler2D grade_tables_grade_smp;

    layout(location = 0) in vec2 at;
    layout(location = 0) out vec4 frag_colour;

    vec3 apply_grade(inout vec3 c)
    {
        c = pow(clamp(c, vec3(0.0), vec3(1.0)), vec3(1.0 / grade[0].x));
        c = ((c - vec3(0.5)) * grade[0].y) + vec3(0.5);
        vec3 _54 = vec3(dot(c, vec3(0.2125999927520751953125, 0.715200006961822509765625, 0.072200000286102294921875)));
        vec3 _55 = c - _54;
        c = clamp(_54 + ((((_55 * grade[1].x) + (cross(vec3(0.57735025882720947265625), _55) * grade[1].y)) + ((vec3(0.57735025882720947265625) * dot(vec3(0.57735025882720947265625), _55)) * (1.0 - grade[1].x))) * grade[0].z), vec3(0.0), vec3(1.0));
        if (grade[0].w > 0.5)
        {
            vec3 _107 = ((c * 255.0) + vec3(0.5)) * vec3(0.00390625);
            c = vec3(texture(grade_tables_grade_smp, vec2(_107.x, 0.5)).x, texture(grade_tables_grade_smp, vec2(_107.y, 0.5)).y, texture(grade_tables_grade_smp, vec2(_107.z, 0.5)).z);
        }
        return c;
    }

    void main()
    {
        vec4 _154 = texture(picture_picture_smp, at);
        float _159;
        if (grade[1].w > 0.5)
        {
            _159 = 1.0;
        }
        else
        {
            _159 = _154.w;
        }
        vec3 param = _154.xyz;
        vec3 _171 = apply_grade(param);
        frag_colour = vec4(_171 * _159, _159) * grade[1].z;
    }

*/
#if defined(SOKOL_GLCORE)
static const uint8_t video_movie_fs_source_glsl410[1343] = {
    0x23,0x76,0x65,0x72,0x73,0x69,0x6f,0x6e,0x20,0x34,0x31,0x30,0x0a,0x0a,0x75,0x6e,
    0x69,0x66,0x6f,0x72,0x6d,0x20,0x76,0x65,0x63,0x34,0x20,0x67,0x72,0x61,0x64,0x65,
    0x5b,0x32,0x5d,0x3b,0x0a,0x75,0x6e,0x69,0x66,0x6f,0x72,0x6d,0x20,0x73,0x61,0x6d,
    0x70,0x6c,0x65,0x72,0x32,0x44,0x20,0x70,0x69,0x63,0x74,0x75,0x72,0x65,0x5f,0x70,
    0x69,0x63,0x74,0x75,0x72,0x65,0x5f,0x73,0x6d,0x70,0x3b,0x0a,0x75,0x6e,0x69,0x66,
    0x6f,0x72,0x6d,0x20,0x73,0x61,0x6d,0x70,0x6c,0x65,0x72,0x32,0x44,0x20,0x67,0x72,
    0x61,0x64,0x65,0x5f,0x74,0x61,0x62,0x6c,0x65,0x73,0x5f,0x67,0x72,0x61,0x64,0x65,
    0x5f,0x73,0x6d,0x70,0x3b,0x0a,0x0a,0x6c,0x61,0x79,0x6f,0x75,0x74,0x28,0x6c,0x6f,
    0x63,0x61,0x74,0x69,0x6f,0x6e,0x20,0x3d,0x20,0x30,0x29,0x20,0x69,0x6e,0x20,0x76,
    0x65,0x63,0x32,0x20,0x61,0x74,0x3b,0x0a,0x6c,0x61,0x79,0x6f,0x75,0x74,0x28,0x6c,
    0x6f,0x63,0x61,0x74,0x69,0x6f,0x6e,0x20,0x3d,0x20,0x30,0x29,0x20,0x6f,0x75,0x74,
    0x20,0x76,0x65,0x63,0x34,0x20,0x66,0x72,0x61,0x67,0x5f,0x63,0x6f,0x6c,0x6f,0x75,
    0x72,0x3b,0x0a,0x0a,0x76,0x65,0x63,0x33,0x20,0x61,0x70,0x70,0x6c,0x79,0x5f,0x67,
    0x72,0x61,0x64,0x65,0x28,0x69,0x6e,0x6f,0x75,0x74,0x20,0x76,0x65,0x63,0x33,0x20,
    0x63,0x29,0x0a,0x7b,0x0a,0x20,0x20,0x20,0x20,0x63,0x20,0x3d,0x20,0x70,0x6f,0x77,
    0x28,0x63,0x6c,0x61,0x6d,0x70,0x28,0x63,0x2c,0x20,0x76,0x65,0x63,0x33,0x28,0x30,
    0x2e,0x30,0x29,0x2c,0x20,0x76,0x65,0x63,0x33,0x28,0x31,0x2e,0x30,0x29,0x29,0x2c,
    0x20,0x76,0x65,0x63,0x33,0x28,0x31,0x2e,0x30,0x20,0x2f,0x20,0x67,0x72,0x61,0x64,
    0x65,0x5b,0x30,0x5d,0x2e,0x78,0x29,0x29,0x3b,0x0a,0x20,0x20,0x20,0x20,0x63,0x20,
    0x3d,0x20,0x28,0x28,0x63,0x20,0x2d,0x20,0x76,0x65,0x63,0x33,0x28,0x30,0x2e,0x35,
    0x29,0x29,0x20,0x2a,0x20,0x67,0x72,0x61,0x64,0x65,0x5b,0x30,0x5d,0x2e,0x79,0x29,
    0x20,0x2b,0x20,0x76,0x65,0x63,0x33,0x28,0x30,0x2e,0x35,0x29,0x3b,0x0a,0x20,0x20,
    0x20,0x20,0x76,0x65,0x63,0x33,0x20,0x5f,0x35,0x34,0x20,0x3d,0x20,0x76,0x65,0x63,
    0x33,0x28,0x64,0x6f,0x74,0x28,0x63,0x2c,0x20,0x76,0x65,0x63,0x33,0x28,0x30,0x2e,
    0x32,0x31,0x32,0x35,0x39,0x39,0x39,0x39,0x32,0x37,0x35,0x32,0x30,0x37,0x35,0x31,
    0x39,0x35,0x33,0x31,0x32,0x35,0x2c,0x20,0x30,0x2e,0x37,0x31,0x35,0x32,0x30,0x30,
    0x30,0x30,0x36,0x39,0x36,0x31,0x38,0x32,0x32,0x35,0x30,0x39,0x37,0x36,0x35,0x36,
    0x32,0x35,0x2c,0x20,0x30,0x2e,0x30,0x37,0x32,0x32,0x30,0x30,0x30,0x30,0x30,0x32,
    0x38,0x36,0x31,0x30,0x32,0x32,0x39,0x34,0x39,0x32,0x31,0x38,0x37,0x35,0x29,0x29,
    0x29,0x3b,0x0a,0x20,0x20,0x20,0x20,0x76,0x65,0x63,0x33,0x20,0x5f,0x35,0x35,0x20,
    0x3d,0x20,0x63,0x20,0x2d,0x20,0x5f,0x35,0x34,0x3b,0x0a,0x20,0x20,0x20,0x20,0x63,
    0x20,0x3d,0x20,0x63,0x6c,0x61,0x6d,0x70,0x28,0x5f,0x35,0x34,0x20,0x2b,0x20,0x28,
    0x28,0x28,0x28,0x5f,0x35,0x35,0x20,0x2a,0x20,0x67,0x72,0x61,0x64,0x65,0x5b,0x31,
    0x5d,0x2e,0x78,0x29,0x20,0x2b,0x20,0x28,0x63,0x72,0x6f,0x73,0x73,0x28,0x76,0x65,
    0x63,0x33,0x28,0x30,0x2e,0x35,0x37,0x37,0x33,0x35,0x30,0x32,0x35,0x38,0x38,0x32,
    0x37,0x32,0x30,0x39,0x34,0x37,0x32,0x36,0x35,0x36,0x32,0x35,0x29,0x2c,0x20,0x5f,
    0x35,0x35,0x29,0x20,0x2a,0x20,0x67,0x72,0x61,0x64,0x65,0x5b,0x31,0x5d,0x2e,0x79,
    0x29,0x29,0x20,0x2b,0x20,0x28,0x28,0x76,0x65,0x63,0x33,0x28,0x30,0x2e,0x35,0x37,
    0x37,0x33,0x35,0x30,0x32,0x35,0x38,0x38,0x32,0x37,0x32,0x30,0x39,0x34,0x37,0x32,
    0x36,0x35,0x36,0x32,0x35,0x29,0x20,0x2a,0x20,0x64,0x6f,0x74,0x28,0x76,0x65,0x63,
    0x33,0x28,0x30,0x2e,0x35,0x37,0x37,0x33,0x35,0x30,0x32,0x35,0x38,0x38,0x32,0x37,
    0x32,0x30,0x39,0x34,0x37,0x32,0x36,0x35,0x36,0x32,0x35,0x29,0x2c,0x20,0x5f,0x35,
    0x35,0x29,0x29,0x20,0x2a,0x20,0x28,0x31,0x2e,0x30,0x20,0x2d,0x20,0x67,0x72,0x61,
    0x64,0x65,0x5b,0x31,0x5d,0x2e,0x78,0x29,0x29,0x29,0x20,0x2a,0x20,0x67,0x72,0x61,
    0x64,0x65,0x5b,0x30,0x5d,0x2e,0x7a,0x29,0x2c,0x20,0x76,0x65,0x63,0x33,0x28,0x30,
    0x2e,0x30,0x29,0x2c,0x20,0x76,0x65,0x63,0x33,0x28,0x31,0x2e,0x30,0x29,0x29,0x3b,
    0x0a,0x20,0x20,0x20,0x20,0x69,0x66,0x20,0x28,0x67,0x72,0x61,0x64,0x65,0x5b,0x30,
    0x5d,0x2e,0x77,0x20,0x3e,0x20,0x30,0x2e,0x35,0x29,0x0a,0x20,0x20,0x20,0x20,0x7b,
    0x0a,0x20,0x20,0x20,0x20,0x20,0x20,0x20,0x20,0x76,0x65,0x63,0x33,0x20,0x5f,0x31,
    0x30,0x37,0x20,0x3d,0x20,0x28,0x28,0x63,0x20,0x2a,0x20,0x32,0x35,0x35,0x2e,0x30,
    0x29,0x20,0x2b,0x20,0x76,0x65,0x63,0x33,0x28,0x30,0x2e,0x35,0x29,0x29,0x20,0x2a,
    0x20,0x76,0x65,0x63,0x33,0x28,0x30,0x2e,0x30,0x30,0x33,0x39,0x30,0x36,0x32,0x35,
    0x29,0x3b,0x0a,0x20,0x20,0x20,0x20,0x20,0x20,0x20,0x20,0x63,0x20,0x3d,0x20,0x76,
    0x65,0x63,0x33,0x28,0x74,0x65,0x78,0x74,0x75,0x72,0x65,0x28,0x67,0x72,0x61,0x64,
    0x65,0x5f,0x74,0x61,0x62,0x6c,0x65,0x73,0x5f,0x67,0x72,0x61,0x64,0x65,0x5f,0x73,
    0x6d,0x70,0x2c,0x20,0x76,0x65,0x63,0x32,0x28,0x5f,0x31,0x30,0x37,0x2e,0x78,0x2c,
    0x20,0x30,0x2e,0x35,0x29,0x29,0x2e,0x78,0x2c,0x20,0x74,0x65,0x78,0x74,0x75,0x72,
    0x65,0x28,0x67,0x72,0x61,0x64,0x65,0x5f,0x74,0x61,0x62,0x6c,0x65,0x73,0x5f,0x67,
    0x72,0x61,0x64,0x65,0x5f,0x73,0x6d,0x70,0x2c,0x20,0x76,0x65,0x63,0x32,0x28,0x5f,
    0x31,0x30,0x37,0x2e,0x79,0x2c,0x20,0x30,0x2e,0x35,0x29,0x29,0x2e,0x79,0x2c,0x20,
    0x74,0x65,0x78,0x74,0x75,0x72,0x65,0x28,0x67,0x72,0x61,0x64,0x65,0x5f,0x74,0x61,
    0x62,0x6c,0x65,0x73,0x5f,0x67,0x72,0x61,0x64,0x65,0x5f,0x73,0x6d,0x70,0x2c,0x20,
    0x76,0x65,0x63,0x32,0x28,0x5f,0x31,0x30,0x37,0x2e,0x7a,0x2c,0x20,0x30,0x2e,0x35,
    0x29,0x29,0x2e,0x7a,0x29,0x3b,0x0a,0x20,0x20,0x20,0x20,0x7d,0x0a,0x20,0x20,0x20,
    0x20,0x72,0x65,0x74,0x75,0x72,0x6e,0x20,0x63,0x3b,0x0a,0x7d,0x0a,0x0a,0x76,0x6f,
    0x69,0x64,0x20,0x6d,0x61,0x69,0x6e,0x28,0x29,0x0a,0x7b,0x0a,0x20,0x20,0x20,0x20,
    0x76,0x65,0x63,0x34,0x20,0x5f,0x31,0x35,0x34,0x20,0x3d,0x20,0x74,0x65,0x78,0x74,
    0x75,0x72,0x65,0x28,0x70,0x69,0x63,0x74,0x75,0x72,0x65,0x5f,0x70,0x69,0x63,0x74,
    0x75,0x72,0x65,0x5f,0x73,0x6d,0x70,0x2c,0x20,0x61,0x74,0x29,0x3b,0x0a,0x20,0x20,
    0x20,0x20,0x66,0x6c,0x6f,0x61,0x74,0x20,0x5f,0x31,0x35,0x39,0x3b,0x0a,0x20,0x20,
    0x20,0x20,0x69,0x66,0x20,0x28,0x67,0x72,0x61,0x64,0x65,0x5b,0x31,0x5d,0x2e,0x77,
    0x20,0x3e,0x20,0x30,0x2e,0x35,0x29,0x0a,0x20,0x20,0x20,0x20,0x7b,0x0a,0x20,0x20,
    0x20,0x20,0x20,0x20,0x20,0x20,0x5f,0x31,0x35,0x39,0x20,0x3d,0x20,0x31,0x2e,0x30,
    0x3b,0x0a,0x20,0x20,0x20,0x20,0x7d,0x0a,0x20,0x20,0x20,0x20,0x65,0x6c,0x73,0x65,
    0x0a,0x20,0x20,0x20,0x20,0x7b,0x0a,0x20,0x20,0x20,0x20,0x20,0x20,0x20,0x20,0x5f,
    0x31,0x35,0x39,0x20,0x3d,0x20,0x5f,0x31,0x35,0x34,0x2e,0x77,0x3b,0x0a,0x20,0x20,
    0x20,0x20,0x7d,0x0a,0x20,0x20,0x20,0x20,0x76,0x65,0x63,0x33,0x20,0x70,0x61,0x72,
    0x61,0x6d,0x20,0x3d,0x20,0x5f,0x31,0x35,0x34,0x2e,0x78,0x79,0x7a,0x3b,0x0a,0x20,
    0x20,0x20,0x20,0x76,0x65,0x63,0x33,0x20,0x5f,0x31,0x37,0x31,0x20,0x3d,0x20,0x61,
    0x70,0x70,0x6c,0x79,0x5f,0x67,0x72,0x61,0x64,0x65,0x28,0x70,0x61,0x72,0x61,0x6d,
    0x29,0x3b,0x0a,0x20,0x20,0x20,0x20,0x66,0x72,0x61,0x67,0x5f,0x63,0x6f,0x6c,0x6f,
    0x75,0x72,0x20,0x3d,0x20,0x76,0x65,0x63,0x34,0x28,0x5f,0x31,0x37,0x31,0x20,0x2a,
    0x20,0x5f,0x31,0x35,0x39,0x2c,0x20,0x5f,0x31,0x35,0x39,0x29,0x20,0x2a,0x20,0x67,
    0x72,0x61,0x64,0x65,0x5b,0x31,0x5d,0x2e,0x7a,0x3b,0x0a,0x7d,0x0a,0x0a,0x00,
};
#endif
/*
    #version 410

    uniform vec4 grade[2];
    uniform sampler2D picture_picture_smp;
    uniform sampler2D grade_tables_grade_smp;

    layout(location = 0) in vec2 at;
    layout(location = 0) out vec4 frag_colour;

    vec3 apply_grade(inout vec3 c)
    {
        c = pow(clamp(c, vec3(0.0), vec3(1.0)), vec3(1.0 / grade[0].x));
        c = ((c - vec3(0.5)) * grade[0].y) + vec3(0.5);
        vec3 _54 = vec3(dot(c, vec3(0.2125999927520751953125, 0.715200006961822509765625, 0.072200000286102294921875)));
        vec3 _55 = c - _54;
        c = clamp(_54 + ((((_55 * grade[1].x) + (cross(vec3(0.57735025882720947265625), _55) * grade[1].y)) + ((vec3(0.57735025882720947265625) * dot(vec3(0.57735025882720947265625), _55)) * (1.0 - grade[1].x))) * grade[0].z), vec3(0.0), vec3(1.0));
        if (grade[0].w > 0.5)
        {
            vec3 _107 = ((c * 255.0) + vec3(0.5)) * vec3(0.00390625);
            c = vec3(texture(grade_tables_grade_smp, vec2(_107.x, 0.5)).x, texture(grade_tables_grade_smp, vec2(_107.y, 0.5)).y, texture(grade_tables_grade_smp, vec2(_107.z, 0.5)).z);
        }
        return c;
    }

    void main()
    {
        vec4 _154 = texture(picture_picture_smp, at);
        float _160 = (_154.z * 31.875) + 1.0;
        float _167 = (_154.x - 0.501960813999176025390625) / _160;
        float _173 = (_154.y - 0.501960813999176025390625) / _160;
        float _176 = _154.w;
        vec3 param = clamp(vec3((_176 + _167) - _173, _176 + _173, (_176 - _167) - _173), vec3(0.0), vec3(1.0));
        vec3 _199 = apply_grade(param);
        frag_colour = vec4(_199, 1.0) * grade[1].z;
    }

*/
#if defined(SOKOL_GLCORE)
static const uint8_t video_movie_q_fs_source_glsl410[1492] = {
    0x23,0x76,0x65,0x72,0x73,0x69,0x6f,0x6e,0x20,0x34,0x31,0x30,0x0a,0x0a,0x75,0x6e,
    0x69,0x66,0x6f,0x72,0x6d,0x20,0x76,0x65,0x63,0x34,0x20,0x67,0x72,0x61,0x64,0x65,
    0x5b,0x32,0x5d,0x3b,0x0a,0x75,0x6e,0x69,0x66,0x6f,0x72,0x6d,0x20,0x73,0x61,0x6d,
    0x70,0x6c,0x65,0x72,0x32,0x44,0x20,0x70,0x69,0x63,0x74,0x75,0x72,0x65,0x5f,0x70,
    0x69,0x63,0x74,0x75,0x72,0x65,0x5f,0x73,0x6d,0x70,0x3b,0x0a,0x75,0x6e,0x69,0x66,
    0x6f,0x72,0x6d,0x20,0x73,0x61,0x6d,0x70,0x6c,0x65,0x72,0x32,0x44,0x20,0x67,0x72,
    0x61,0x64,0x65,0x5f,0x74,0x61,0x62,0x6c,0x65,0x73,0x5f,0x67,0x72,0x61,0x64,0x65,
    0x5f,0x73,0x6d,0x70,0x3b,0x0a,0x0a,0x6c,0x61,0x79,0x6f,0x75,0x74,0x28,0x6c,0x6f,
    0x63,0x61,0x74,0x69,0x6f,0x6e,0x20,0x3d,0x20,0x30,0x29,0x20,0x69,0x6e,0x20,0x76,
    0x65,0x63,0x32,0x20,0x61,0x74,0x3b,0x0a,0x6c,0x61,0x79,0x6f,0x75,0x74,0x28,0x6c,
    0x6f,0x63,0x61,0x74,0x69,0x6f,0x6e,0x20,0x3d,0x20,0x30,0x29,0x20,0x6f,0x75,0x74,
    0x20,0x76,0x65,0x63,0x34,0x20,0x66,0x72,0x61,0x67,0x5f,0x63,0x6f,0x6c,0x6f,0x75,
    0x72,0x3b,0x0a,0x0a,0x76,0x65,0x63,0x33,0x20,0x61,0x70,0x70,0x6c,0x79,0x5f,0x67,
    0x72,0x61,0x64,0x65,0x28,0x69,0x6e,0x6f,0x75,0x74,0x20,0x76,0x65,0x63,0x33,0x20,
    0x63,0x29,0x0a,0x7b,0x0a,0x20,0x20,0x20,0x20,0x63,0x20,0x3d,0x20,0x70,0x6f,0x77,
    0x28,0x63,0x6c,0x61,0x6d,0x70,0x28,0x63,0x2c,0x20,0x76,0x65,0x63,0x33,0x28,0x30,
    0x2e,0x30,0x29,0x2c,0x20,0x76,0x65,0x63,0x33,0x28,0x31,0x2e,0x30,0x29,0x29,0x2c,
    0x20,0x76,0x65,0x63,0x33,0x28,0x31,0x2e,0x30,0x20,0x2f,0x20,0x67,0x72,0x61,0x64,
    0x65,0x5b,0x30,0x5d,0x2e,0x78,0x29,0x29,0x3b,0x0a,0x20,0x20,0x20,0x20,0x63,0x20,
    0x3d,0x20,0x28,0x28,0x63,0x20,0x2d,0x20,0x76,0x65,0x63,0x33,0x28,0x30,0x2e,0x35,
    0x29,0x29,0x20,0x2a,0x20,0x67,0x72,0x61,0x64,0x65,0x5b,0x30,0x5d,0x2e,0x79,0x29,
    0x20,0x2b,0x20,0x76,0x65,0x63,0x33,0x28,0x30,0x2e,0x35,0x29,0x3b,0x0a,0x20,0x20,
    0x20,0x20,0x76,0x65,0x63,0x33,0x20,0x5f,0x35,0x34,0x20,0x3d,0x20,0x76,0x65,0x63,
    0x33,0x28,0x64,0x6f,0x74,0x28,0x63,0x2c,0x20,0x76,0x65,0x63,0x33,0x28,0x30,0x2e,
    0x32,0x31,0x32,0x35,0x39,0x39,0x39,0x39,0x32,0x37,0x35,0x32,0x30,0x37,0x35,0x31,
    0x39,0x35,0x33,0x31,0x32,0x35,0x2c,0x20,0x30,0x2e,0x37,0x31,0x35,0x32,0x30,0x30,
    0x30,0x30,0x36,0x39,0x36,0x31,0x38,0x32,0x32,0x35,0x30,0x39,0x37,0x36,0x35,0x36,
    0x32,0x35,0x2c,0x20,0x30,0x2e,0x30,0x37,0x32,0x32,0x30,0x30,0x30,0x30,0x30,0x32,
    0x38,0x36,0x31,0x30,0x32,0x32,0x39,0x34,0x39,0x32,0x31,0x38,0x37,0x35,0x29,0x29,
    0x29,0x3b,0x0a,0x20,0x20,0x20,0x20,0x76,0x65,0x63,0x33,0x20,0x5f,0x35,0x35,0x20,
    0x3d,0x20,0x63,0x20,0x2d,0x20,0x5f,0x35,0x34,0x3b,0x0a,0x20,0x20,0x20,0x20,0x63,
    0x20,0x3d,0x20,0x63,0x6c,0x61,0x6d,0x70,0x28,0x5f,0x35,0x34,0x20,0x2b,0x20,0x28,
    0x28,0x28,0x28,0x5f,0x35,0x35,0x20,0x2a,0x20,0x67,0x72,0x61,0x64,0x65,0x5b,0x31,
    0x5d,0x2e,0x78,0x29,0x20,0x2b,0x20,0x28,0x63,0x72,0x6f,0x73,0x73,0x28,0x76,0x65,
    0x63,0x33,0x28,0x30,0x2e,0x35,0x37,0x37,0x33,0x35,0x30,0x32,0x35,0x38,0x38,0x32,
    0x37,0x32,0x30,0x39,0x34,0x37,0x32,0x36,0x35,0x36,0x32,0x35,0x29,0x2c,0x20,0x5f,
    0x35,0x35,0x29,0x20,0x2a,0x20,0x67,0x72,0x61,0x64,0x65,0x5b,0x31,0x5d,0x2e,0x79,
    0x29,0x29,0x20,0x2b,0x20,0x28,0x28,0x76,0x65,0x63,0x33,0x28,0x30,0x2e,0x35,0x37,
    0x37,0x33,0x35,0x30,0x32,0x35,0x38,0x38,0x32,0x37,0x32,0x30,0x39,0x34,0x37,0x32,
    0x36,0x35,0x36,0x32,0x35,0x29,0x20,0x2a,0x20,0x64,0x6f,0x74,0x28,0x76,0x65,0x63,
    0x33,0x28,0x30,0x2e,0x35,0x37,0x37,0x33,0x35,0x30,0x32,0x35,0x38,0x38,0x32,0x37,
    0x32,0x30,0x39,0x34,0x37,0x32,0x36,0x35,0x36,0x32,0x35,0x29,0x2c,0x20,0x5f,0x35,
    0x35,0x29,0x29,0x20,0x2a,0x20,0x28,0x31,0x2e,0x30,0x20,0x2d,0x20,0x67,0x72,0x61,
    0x64,0x65,0x5b,0x31,0x5d,0x2e,0x78,0x29,0x29,0x29,0x20,0x2a,0x20,0x67,0x72,0x61,
    0x64,0x65,0x5b,0x30,0x5d,0x2e,0x7a,0x29,0x2c,0x20,0x76,0x65,0x63,0x33,0x28,0x30,
    0x2e,0x30,0x29,0x2c,0x20,0x76,0x65,0x63,0x33,0x28,0x31,0x2e,0x30,0x29,0x29,0x3b,
    0x0a,0x20,0x20,0x20,0x20,0x69,0x66,0x20,0x28,0x67,0x72,0x61,0x64,0x65,0x5b,0x30,
    0x5d,0x2e,0x77,0x20,0x3e,0x20,0x30,0x2e,0x35,0x29,0x0a,0x20,0x20,0x20,0x20,0x7b,
    0x0a,0x20,0x20,0x20,0x20,0x20,0x20,0x20,0x20,0x76,0x65,0x63,0x33,0x20,0x5f,0x31,
    0x30,0x37,0x20,0x3d,0x20,0x28,0x28,0x63,0x20,0x2a,0x20,0x32,0x35,0x35,0x2e,0x30,
    0x29,0x20,0x2b,0x20,0x76,0x65,0x63,0x33,0x28,0x30,0x2e,0x35,0x29,0x29,0x20,0x2a,
    0x20,0x76,0x65,0x63,0x33,0x28,0x30,0x2e,0x30,0x30,0x33,0x39,0x30,0x36,0x32,0x35,
    0x29,0x3b,0x0a,0x20,0x20,0x20,0x20,0x20,0x20,0x20,0x20,0x63,0x20,0x3d,0x20,0x76,
    0x65,0x63,0x33,0x28,0x74,0x65,0x78,0x74,0x75,0x72,0x65,0x28,0x67,0x72,0x61,0x64,
    0x65,0x5f,0x74,0x61,0x62,0x6c,0x65,0x73,0x5f,0x67,0x72,0x61,0x64,0x65,0x5f,0x73,
    0x6d,0x70,0x2c,0x20,0x76,0x65,0x63,0x32,0x28,0x5f,0x31,0x30,0x37,0x2e,0x78,0x2c,
    0x20,0x30,0x2e,0x35,0x29,0x29,0x2e,0x78,0x2c,0x20,0x74,0x65,0x78,0x74,0x75,0x72,
    0x65,0x28,0x67,0x72,0x61,0x64,0x65,0x5f,0x74,0x61,0x62,0x6c,0x65,0x73,0x5f,0x67,
    0x72,0x61,0x64,0x65,0x5f,0x73,0x6d,0x70,0x2c,0x20,0x76,0x65,0x63,0x32,0x28,0x5f,
    0x31,0x30,0x37,0x2e,0x79,0x2c,0x20,0x30,0x2e,0x35,0x29,0x29,0x2e,0x79,0x2c,0x20,
    0x74,0x65,0x78,0x74,0x75,0x72,0x65,0x28,0x67,0x72,0x61,0x64,0x65,0x5f,0x74,0x61,
    0x62,0x6c,0x65,0x73,0x5f,0x67,0x72,0x61,0x64,0x65,0x5f,0x73,0x6d,0x70,0x2c,0x20,
    0x76,0x65,0x63,0x32,0x28,0x5f,0x31,0x30,0x37,0x2e,0x7a,0x2c,0x20,0x30,0x2e,0x35,
    0x29,0x29,0x2e,0x7a,0x29,0x3b,0x0a,0x20,0x20,0x20,0x20,0x7d,0x0a,0x20,0x20,0x20,
    0x20,0x72,0x65,0x74,0x75,0x72,0x6e,0x20,0x63,0x3b,0x0a,0x7d,0x0a,0x0a,0x76,0x6f,
    0x69,0x64,0x20,0x6d,0x61,0x69,0x6e,0x28,0x29,0x0a,0x7b,0x0a,0x20,0x20,0x20,0x20,
    0x76,0x65,0x63,0x34,0x20,0x5f,0x31,0x35,0x34,0x20,0x3d,0x20,0x74,0x65,0x78,0x74,
    0x75,0x72,0x65,0x28,0x70,0x69,0x63,0x74,0x75,0x72,0x65,0x5f,0x70,0x69,0x63,0x74,
    0x75,0x72,0x65,0x5f,0x73,0x6d,0x70,0x2c,0x20,0x61,0x74,0x29,0x3b,0x0a,0x20,0x20,
    0x20,0x20,0x66,0x6c,0x6f,0x61,0x74,0x20,0x5f,0x31,0x36,0x30,0x20,0x3d,0x20,0x28,
    0x5f,0x31,0x35,0x34,0x2e,0x7a,0x20,0x2a,0x20,0x33,0x31,0x2e,0x38,0x37,0x35,0x29,
    0x20,0x2b,0x20,0x31,0x2e,0x30,0x3b,0x0a,0x20,0x20,0x20,0x20,0x66,0x6c,0x6f,0x61,
    0x74,0x20,0x5f,0x31,0x36,0x37,0x20,0x3d,0x20,0x28,0x5f,0x31,0x35,0x34,0x2e,0x78,
    0x20,0x2d,0x20,0x30,0x2e,0x35,0x30,0x31,0x39,0x36,0x30,0x38,0x31,0x33,0x39,0x39,
    0x39,0x31,0x37,0x36,0x30,0x32,0x35,0x33,0x39,0x30,0x36,0x32,0x35,0x29,0x20,0x2f,
    0x20,0x5f,0x31,0x36,0x30,0x3b,0x0a,0x20,0x20,0x20,0x20,0x66,0x6c,0x6f,0x61,0x74,
    0x20,0x5f,0x31,0x37,0x33,0x20,0x3d,0x20,0x28,0x5f,0x31,0x35,0x34,0x2e,0x79,0x20,
    0x2d,0x20,0x30,0x2e,0x35,0x30,0x31,0x39,0x36,0x30,0x38,0x31,0x33,0x39,0x39,0x39,
    0x31,0x37,0x36,0x30,0x32,0x35,0x33,0x39,0x30,0x36,0x32,0x35,0x29,0x20,0x2f,0x20,
    0x5f,0x31,0x36,0x30,0x3b,0x0a,0x20,0x20,0x20,0x20,0x66,0x6c,0x6f,0x61,0x74,0x20,
    0x5f,0x31,0x37,0x36,0x20,0x3d,0x20,0x5f,0x31,0x35,0x34,0x2e,0x77,0x3b,0x0a,0x20,
    0x20,0x20,0x20,0x76,0x65,0x63,0x33,0x20,0x70,0x61,0x72,0x61,0x6d,0x20,0x3d,0x20,
    0x63,0x6c,0x61,0x6d,0x70,0x28,0x76,0x65,0x63,0x33,0x28,0x28,0x5f,0x31,0x37,0x36,
    0x20,0x2b,0x20,0x5f,0x31,0x36,0x37,0x29,0x20,0x2d,0x20,0x5f,0x31,0x37,0x33,0x2c,
    0x20,0x5f,0x31,0x37,0x36,0x20,0x2b,0x20,0x5f,0x31,0x37,0x33,0x2c,0x20,0x28,0x5f,
    0x31,0x37,0x36,0x20,0x2d,0x20,0x5f,0x31,0x36,0x37,0x29,0x20,0x2d,0x20,0x5f,0x31,
    0x37,0x33,0x29,0x2c,0x20,0x76,0x65,0x63,0x33,0x28,0x30,0x2e,0x30,0x29,0x2c,0x20,
    0x76,0x65,0x63,0x33,0x28,0x31,0x2e,0x30,0x29,0x29,0x3b,0x0a,0x20,0x20,0x20,0x20,
    0x76,0x65,0x63,0x33,0x20,0x5f,0x31,0x39,0x39,0x20,0x3d,0x20,0x61,0x70,0x70,0x6c,
    0x79,0x5f,0x67,0x72,0x61,0x64,0x65,0x28,0x70,0x61,0x72,0x61,0x6d,0x29,0x3b,0x0a,
    0x20,0x20,0x20,0x20,0x66,0x72,0x61,0x67,0x5f,0x63,0x6f,0x6c,0x6f,0x75,0x72,0x20,
    0x3d,0x20,0x76,0x65,0x63,0x34,0x28,0x5f,0x31,0x39,0x39,0x2c,0x20,0x31,0x2e,0x30,
    0x29,0x20,0x2a,0x20,0x67,0x72,0x61,0x64,0x65,0x5b,0x31,0x5d,0x2e,0x7a,0x3b,0x0a,
    0x7d,0x0a,0x0a,0x00,
};
#endif
/*
    #version 410

    uniform vec4 mask[35];
    layout(location = 0) in vec2 at;
    layout(location = 0) out vec4 frag_colour;

    vec2 corner(int n)
    {
        int _26 = n >> 1;
        vec2 _36;
        if ((n & 1) == 0)
        {
            _36 = mask[_26 * 1 + 3].xy;
        }
        else
        {
            _36 = mask[_26 * 1 + 3].zw;
        }
        return _36;
    }

    void main()
    {
        int _59 = clamp(int(mask[2].x), 0, 64);
        float _69 = at.x * mask[1].x;
        float _77 = (1.0 - at.y) * mask[1].y;
        vec2 _78 = vec2(_69, _77);
        bool inside = false;
        float nearest = 1000000015047466219876688855040.0;
        int previous = _59 - 1;
        float _161;
        for (int n = 0; n < _59; n++)
        {
            int param = previous;
            vec2 _101 = corner(param) * mask[1].xy;
            int param_1 = n;
            vec2 _107 = corner(param_1) * mask[1].xy;
            float _109 = _107.y;
            float _114 = _101.y;
            bool _118 = (_109 > _77) != (_114 > _77);
            bool _144;
            if (_118)
            {
                float _126 = _107.x;
                _144 = _69 < ((((_101.x - _126) * (_77 - _109)) / (_114 - _109)) + _126);
            }
            else
            {
                _144 = _118;
            }
            if (_144)
            {
                inside = !inside;
            }
            vec2 _152 = _101 - _107;
            float _156 = dot(_152, _152);
            if (_156 > 0.0)
            {
                _161 = clamp(dot(_78 - _107, _152) / _156, 0.0, 1.0);
            }
            else
            {
                _161 = 0.0;
            }
            nearest = min(nearest, length(_78 - (_107 + (_152 * _161))));
            previous = n;
        }
        float _194;
        if (_59 < 3)
        {
            _194 = 0.0;
        }
        else
        {
            float _200;
            if (mask[1].z > 0.0)
            {
                float _205;
                if (inside)
                {
                    _205 = nearest;
                }
                else
                {
                    _205 = -nearest;
                }
                _200 = clamp(0.5 + (_205 / mask[1].z), 0.0, 1.0);
            }
            else
            {
                _200 = float(inside);
            }
            _194 = _200;
        }
        float cover = _194;
        if (mask[1].w > 0.5)
        {
            cover = 1.0 - cover;
        }
        float _234 = mask[0].w * cover;
        frag_colour = vec4(mask[0].xyz * _234, _234);
    }

*/
#if defined(SOKOL_GLCORE)
static const uint8_t video_mask_fs_source_glsl410[2216] = {
    0x23,0x76,0x65,0x72,0x73,0x69,0x6f,0x6e,0x20,0x34,0x31,0x30,0x0a,0x0a,0x75,0x6e,
    0x69,0x66,0x6f,0x72,0x6d,0x20,0x76,0x65,0x63,0x34,0x20,0x6d,0x61,0x73,0x6b,0x5b,
    0x33,0x35,0x5d,0x3b,0x0a,0x6c,0x61,0x79,0x6f,0x75,0x74,0x28,0x6c,0x6f,0x63,0x61,
    0x74,0x69,0x6f,0x6e,0x20,0x3d,0x20,0x30,0x29,0x20,0x69,0x6e,0x20,0x76,0x65,0x63,
    0x32,0x20,0x61,0x74,0x3b,0x0a,0x6c,0x61,0x79,0x6f,0x75,0x74,0x28,0x6c,0x6f,0x63,
    0x61,0x74,0x69,0x6f,0x6e,0x20,0x3d,0x20,0x30,0x29,0x20,0x6f,0x75,0x74,0x20,0x76,
    0x65,0x63,0x34,0x20,0x66,0x72,0x61,0x67,0x5f,0x63,0x6f,0x6c,0x6f,0x75,0x72,0x3b,
    0x0a,0x0a,0x76,0x65,0x63,0x32,0x20,0x63,0x6f,0x72,0x6e,0x65,0x72,0x28,0x69,0x6e,
    0x74,0x20,0x6e,0x29,0x0a,0x7b,0x0a,0x20,0x20,0x20,0x20,0x69,0x6e,0x74,0x20,0x5f,
    0x32,0x36,0x20,0x3d,0x20,0x6e,0x20,0x3e,0x3e,0x20,0x31,0x3b,0x0a,0x20,0x20,0x20,
    0x20,0x76,0x65,0x63,0x32,0x20,0x5f,0x33,0x36,0x3b,0x0a,0x20,0x20,0x20,0x20,0x69,
    0x66,0x20,0x28,0x28,0x6e,0x20,0x26,0x20,0x31,0x29,0x20,0x3d,0x3d,0x20,0x30,0x29,
    0x0a,0x20,0x20,0x20,0x20,0x7b,0x0a,0x20,0x20,0x20,0x20,0x20,0x20,0x20,0x20,0x5f,
    0x33,0x36,0x20,0x3d,0x20,0x6d,0x61,0x73,0x6b,0x5b,0x5f,0x32,0x36,0x20,0x2a,0x20,
    0x31,0x20,0x2b,0x20,0x33,0x5d,0x2e,0x78,0x79,0x3b,0x0a,0x20,0x20,0x20,0x20,0x7d,
    0x0a,0x20,0x20,0x20,0x20,0x65,0x6c,0x73,0x65,0x0a,0x20,0x20,0x20,0x20,0x7b,0x0a,
    0x20,0x20,0x20,0x20,0x20,0x20,0x20,0x20,0x5f,0x33,0x36,0x20,0x3d,0x20,0x6d,0x61,
    0x73,0x6b,0x5b,0x5f,0x32,0x36,0x20,0x2a,0x20,0x31,0x20,0x2b,0x20,0x33,0x5d,0x2e,
    0x7a,0x77,0x3b,0x0a,0x20,0x20,0x20,0x20,0x7d,0x0a,0x20,0x20,0x20,0x20,0x72,0x65,
    0x74,0x75,0x72,0x6e,0x20,0x5f,0x33,0x36,0x3b,0x0a,0x7d,0x0a,0x0a,0x76,0x6f,0x69,
    0x64,0x20,0x6d,0x61,0x69,0x6e,0x28,0x29,0x0a,0x7b,0x0a,0x20,0x20,0x20,0x20,0x69,
    0x6e,0x74,0x20,0x5f,0x35,0x39,0x20,0x3d,0x20,0x63,0x6c,0x61,0x6d,0x70,0x28,0x69,
    0x6e,0x74,0x28,0x6d,0x61,0x73,0x6b,0x5b,0x32,0x5d,0x2e,0x78,0x29,0x2c,0x20,0x30,
    0x2c,0x20,0x36,0x34,0x29,0x3b,0x0a,0x20,0x20,0x20,0x20,0x66,0x6c,0x6f,0x61,0x74,
    0x20,0x5f,0x36,0x39,0x20,0x3d,0x20,0x61,0x74,0x2e,0x78,0x20,0x2a,0x20,0x6d,0x61,
    0x73,0x6b,0x5b,0x31,0x5d,0x2e,0x78,0x3b,0x0a,0x20,0x20,0x20,0x20,0x66,0x6c,0x6f,
    0x61,0x74,0x20,0x5f,0x37,0x37,0x20,0x3d,0x20,0x28,0x31,0x2e,0x30,0x20,0x2d,0x20,
    0x61,0x74,0x2e,0x79,0x29,0x20,0x2a,0x20,0x6d,0x61,0x73,0x6b,0x5b,0x31,0x5d,0x2e,
    0x79,0x3b,0x0a,0x20,0x20,0x20,0x20,0x76,0x65,0x63,0x32,0x20,0x5f,0x37,0x38,0x20,
    0x3d,0x20,0x76,0x65,0x63,0x32,0x28,0x5f,0x36,0x39,0x2c,0x20,0x5f,0x37,0x37,0x29,
    0x3b,0x0a,0x20,0x20,0x20,0x20,0x62,0x6f,0x6f,0x6c,0x20,0x69,0x6e,0x73,0x69,0x64,
    0x65,0x20,0x3d,0x20,0x66,0x61,0x6c,0x73,0x65,0x3b,0x0a,0x20,0x20,0x20,0x20,0x66,
    0x6c,0x6f,0x61,0x74,0x20,0x6e,0x65,0x61,0x72,0x65,0x73,0x74,0x20,0x3d,0x20,0x31,
    0x30,0x30,0x30,0x30,0x30,0x30,0x30,0x31,0x35,0x30,0x34,0x37,0x34,0x36,0x36,0x32,
    0x31,0x39,0x38,0x37,0x36,0x36,0x38,0x38,0x38,0x35,0x35,0x30,0x34,0x30,0x2e,0x30,
    0x3b,0x0a,0x20,0x20,0x20,0x20,0x69,0x6e,0x74,0x20,0x70,0x72,0x65,0x76,0x69,0x6f,
    0x75,0x73,0x20,0x3d,0x20,0x5f,0x35,0x39,0x20,0x2d,0x20,0x31,0x3b,0x0a,0x20,0x20,
    0x20,0x20,0x66,0x6c,0x6f,0x61,0x74,0x20,0x5f,0x31,0x36,0x31,0x3b,0x0a,0x20,0x20,
    0x20,0x20,0x66,0x6f,0x72,0x20,0x28,0x69,0x6e,0x74,0x20,0x6e,0x20,0x3d,0x20,0x30,
    0x3b,0x20,0x6e,0x20,0x3c,0x20,0x5f,0x35,0x39,0x3b,0x20,0x6e,0x2b,0x2b,0x29,0x0a,
    0x20,0x20,0x20,0x20,0x7b,0x0a,0x20,0x20,0x20,0x20,0x20,0x20,0x20,0x20,0x69,0x6e,
    0x74,0x20,0x70,0x61,0x72,0x61,0x6d,0x20,0x3d,0x20,0x70,0x72,0x65,0x76,0x69,0x6f,
    0x75,0x73,0x3b,0x0a,0x20,0x20,0x20,0x20,0x20,0x20,0x20,0x20,0x76,0x65,0x63,0x32,
    0x20,0x5f,0x31,0x30,0x31,0x20,0x3d,0x20,0x63,0x6f,0x72,0x6e,0x65,0x72,0x28,0x70,
    0x61,0x72,0x61,0x6d,0x29,0x20,0x2a,0x20,0x6d,0x61,0x73,0x6b,0x5b,0x31,0x5d,0x2e,
    0x78,0x79,0x3b,0x0a,0x20,0x20,0x20,0x20,0x20,0x20,0x20,0x20,0x69,0x6e,0x74,0x20,
    0x70,0x61,0x72,0x61,0x6d,0x5f,0x31,0x20,0x3d,0x20,0x6e,0x3b,0x0a,0x20,0x20,0x20,
    0x20,0x20,0x20,0x20,0x20,0x76,0x65,0x63,0x32,0x20,0x5f,0x31,0x30,0x37,0x20,0x3d,
    0x20,0x63,0x6f,0x72,0x6e,0x65,0x72,0x28,0x70,0x61,0x72,0x61,0x6d,0x5f,0x31,0x29,
    0x20,0x2a,0x20,0x6d,0x61,0x73,0x6b,0x5b,0x31,0x5d,0x2e,0x78,0x79,0x3b,0x0a,0x20,
    0x20,0x20,0x20,0x20,0x20,0x20,0x20,0x66,0x6c,0x6f,0x61,0x74,0x20,0x5f,0x31,0x30,
    0x39,0x20,0x3d,0x20,0x5f,0x31,0x30,0x37,0x2e,0x79,0x3b,0x0a,0x20,0x20,0x20,0x20,
    0x20,0x20,0x20,0x20,0x66,0x6c,0x6f,0x61,0x74,0x20,0x5f,0x31,0x31,0x34,0x20,0x3d,
    0x20,0x5f,0x31,0x30,0x31,0x2e,0x79,0x3b,0x0a,0x20,0x20,0x20,0x20,0x20,0x20,0x20,
    0x20,0x62,0x6f,0x6f,0x6c,0x20,0x5f,0x31,0x31,0x38,0x20,0x3d,0x20,0x28,0x5f,0x31,
    0x30,0x39,0x20,0x3e,0x20,0x5f,0x37,0x37,0x29,0x20,0x21,0x3d,0x20,0x28,0x5f,0x31,
    0x31,0x34,0x20,0x3e,0x20,0x5f,0x37,0x37,0x29,0x3b,0x0a,0x20,0x20,0x20,0x20,0x20,
    0x20,0x20,0x20,0x62,0x6f,0x6f,0x6c,0x20,0x5f,0x31,0x34,0x34,0x3b,0x0a,0x20,0x20,
    0x20,0x20,0x20,0x20,0x20,0x20,0x69,0x66,0x20,0x28,0x5f,0x31,0x31,0x38,0x29,0x0a,
    0x20,0x20,0x20,0x20,0x20,0x20,0x20,0x20,0x7b,0x0a,0x20,0x20,0x20,0x20,0x20,0x20,
    0x20,0x20,0x20,0x20,0x20,0x20,0x66,0x6c,0x6f,0x61,0x74,0x20,0x5f,0x31,0x32,0x36,
    0x20,0x3d,0x20,0x5f,0x31,0x30,0x37,0x2e,0x78,0x3b,0x0a,0x20,0x20,0x20,0x20,0x20,
    0x20,0x20,0x20,0x20,0x20,0x20,0x20,0x5f,0x31,0x34,0x34,0x20,0x3d,0x20,0x5f,0x36,
    0x39,0x20,0x3c,0x20,0x28,0x28,0x28,0x28,0x5f,0x31,0x30,0x31,0x2e,0x78,0x20,0x2d,
    0x20,0x5f,0x31,0x32,0x36,0x29,0x20,0x2a,0x20,0x28,0x5f,0x37,0x37,0x20,0x2d,0x20,
    0x5f,0x31,0x30,0x39,0x29,0x29,0x20,0x2f,0x20,0x28,0x5f,0x31,0x31,0x34,0x20,0x2d,
    0x20,0x5f,0x31,0x30,0x39,0x29,0x29,0x20,0x2b,0x20,0x5f,0x31,0x32,0x36,0x29,0x3b,
    0x0a,0x20,0x20,0x20,0x20,0x20,0x20,0x20,0x20,0x7d,0x0a,0x20,0x20,0x20,0x20,0x20,
    0x20,0x20,0x20,0x65,0x6c,0x73,0x65,0x0a,0x20,0x20,0x20,0x20,0x20,0x20,0x20,0x20,
    0x7b,0x0a,0x20,0x20,0x20,0x20,0x20,0x20,0x20,0x20,0x20,0x20,0x20,0x20,0x5f,0x31,
    0x34,0x34,0x20,0x3d,0x20,0x5f,0x31,0x31,0x38,0x3b,0x0a,0x20,0x20,0x20,0x20,0x20,
    0x20,0x20,0x20,0x7d,0x0a,0x20,0x20,0x20,0x20,0x20,0x20,0x20,0x20,0x69,0x66,0x20,
    0x28,0x5f,0x31,0x34,0x34,0x29,0x0a,0x20,0x20,0x20,0x20,0x20,0x20,0x20,0x20,0x7b,
    0x0a,0x20,0x20,0x20,0x20,0x20,0x20,0x20,0x20,0x20,0x20,0x20,0x20,0x69,0x6e,0x73,
    0x69,0x64,0x65,0x20,0x3d,0x20,0x21,0x69,0x6e,0x73,0x69,0x64,0x65,0x3b,0x0a,0x20,
    0x20,0x20,0x20,0x20,0x20,0x20,0x20,0x7d,0x0a,0x20,0x20,0x20,0x20,0x20,0x20,0x20,
    0x20,0x76,0x65,0x63,0x32,0x20,0x5f,0x31,0x35,0x32,0x20,0x3d,0x20,0x5f,0x31,0x30,
    0x31,0x20,0x2d,0x20,0x5f,0x31,0x30,0x37,0x3b,0x0a,0x20,0x20,0x20,0x20,0x20,0x20,
    0x20,0x20,0x66,0x6c,0x6f,0x61,0x74,0x20,0x5f,0x31,0x35,0x36,0x20,0x3d,0x20,0x64,
    0x6f,0x74,0x28,0x5f,0x31,0x35,0x32,0x2c,0x20,0x5f,0x31,0x35,0x32,0x29,0x3b,0x0a,
    0x20,0x20,0x20,0x20,0x20,0x20,0x20,0x20,0x69,0x66,0x20,0x28,0x5f,0x31,0x35,0x36,
    0x20,0x3e,0x20,0x30,0x2e,0x30,0x29,0x0a,0x20,0x20,0x20,0x20,0x20,0x20,0x20,0x20,
    0x7b,0x0a,0x20,0x20,0x20,0x20,0x20,0x20,0x20,0x20,0x20,0x20,0x20,0x20,0x5f,0x31,
    0x36,0x31,0x20,0x3d,0x20,0x63,0x6c,0x61,0x6d,0x70,0x28,0x64,0x6f,0x74,0x28,0x5f,
    0x37,0x38,0x20,0x2d,0x20,0x5f,0x31,0x30,0x37,0x2c,0x20,0x5f,0x31,0x35,0x32,0x29,
    0x20,0x2f,0x20,0x5f,0x31,0x35,0x36,0x2c,0x20,0x30,0x2e,0x30,0x2c,0x20,0x31,0x2e,
    0x30,0x29,0x3b,0x0a,0x20,0x20,0x20,0x20,0x20,0x20,0x20,0x20,0x7d,0x0a,0x20,0x20,
    0x20,0x20,0x20,0x20,0x20,0x20,0x65,0x6c,0x73,0x65,0x0a,0x20,0x20,0x20,0x20,0x20,
    0x20,0x20,0x20,0x7b,0x0a,0x20,0x20,0x20,0x20,0x20,0x20,0x20,0x20,0x20,0x20,0x20,
    0x20,0x5f,0x31,0x36,0x31,0x20,0x3d,0x20,0x30,0x2e,0x30,0x3b,0x0a,0x20,0x20,0x20,
    0x20,0x20,0x20,0x20,0x20,0x7d,0x0a,0x20,0x20,0x20,0x20,0x20,0x20,0x20,0x20,0x6e,
    0x65,0x61,0x72,0x65,0x73,0x74,0x20,0x3d,0x20,0x6d,0x69,0x6e,0x28,0x6e,0x65,0x61,
    0x72,0x65,0x73,0x74,0x2c,0x20,0x6c,0x65,0x6e,0x67,0x74,0x68,0x28,0x5f,0x37,0x38,
    0x20,0x2d,0x20,0x28,0x5f,0x31,0x30,0x37,0x20,0x2b,0x20,0x28,0x5f,0x31,0x35,0x32,
    0x20,0x2a,0x20,0x5f,0x31,0x36,0x31,0x29,0x29,0x29,0x29,0x3b,0x0a,0x20,0x20,0x20,
    0x20,0x20,0x20,0x20,0x20,0x70,0x72,0x65,0x76,0x69,0x6f,0x75,0x73,0x20,0x3d,0x20,
    0x6e,0x3b,0x0a,0x20,0x20,0x20,0x20,0x7d,0x0a,0x20,0x20,0x20,0x20,0x66,0x6c,0x6f,
    0x61,0x74,0x20,0x5f,0x31,0x39,0x34,0x3b,0x0a,0x20,0x20,0x20,0x20,0x69,0x66,0x20,
    0x28,0x5f,0x35,0x39,0x20,0x3c,0x20,0x33,0x29,0x0a,0x20,0x20,0x20,0x20,0x7b,0x0a,
    0x20,0x20,0x20,0x20,0x20,0x20,0x20,0x20,0x5f,0x31,0x39,0x34,0x20,0x3d,0x20,0x30,
    0x2e,0x30,0x3b,0x0a,0x20,0x20,0x20,0x20,0x7d,0x0a,0x20,0x20,0x20,0x20,0x65,0x6c,
    0x73,0x65,0x0a,0x20,0x20,0x20,0x20,0x7b,0x0a,0x20,0x20,0x20,0x20,0x20,0x20,0x20,
    0x20,0x66,0x6c,0x6f,0x61,0x74,0x20,0x5f,0x32,0x30,0x30,0x3b,0x0a,0x20,0x20,0x20,
    0x20,0x20,0x20,0x20,0x20,0x69,0x66,0x20,0x28,0x6d,0x61,0x73,0x6b,0x5b,0x31,0x5d,
    0x2e,0x7a,0x20,0x3e,0x20,0x30,0x2e,0x30,0x29,0x0a,0x20,0x20,0x20,0x20,0x20,0x20,
    0x20,0x20,0x7b,0x0a,0x20,0x20,0x20,0x20,0x20,0x20,0x20,0x20,0x20,0x20,0x20,0x20,
    0x66,0x6c,0x6f,0x61,0x74,0x20,0x5f,0x32,0x30,0x35,0x3b,0x0a,0x20,0x20,0x20,0x20,
    0x20,0x20,0x20,0x20,0x20,0x20,0x20,0x20,0x69,0x66,0x20,0x28,0x69,0x6e,0x73,0x69,
    0x64,0x65,0x29,0x0a,0x20,0x20,0x20,0x20,0x20,0x20,0x20,0x20,0x20,0x20,0x20,0x20,
    0x7b,0x0a,0x20,0x20,0x20,0x20,0x20,0x20,0x20,0x20,0x20,0x20,0x20,0x20,0x20,0x20,
    0x20,0x20,0x5f,0x32,0x30,0x35,0x20,0x3d,0x20,0x6e,0x65,0x61,0x72,0x65,0x73,0x74,
    0x3b,0x0a,0x20,0x20,0x20,0x20,0x20,0x20,0x20,0x20,0x20,0x20,0x20,0x20,0x7d,0x0a,
    0x20,0x20,0x20,0x20,0x20,0x20,0x20,0x20,0x20,0x20,0x20,0x20,0x65,0x6c,0x73,0x65,
    0x0a,0x20,0x20,0x20,0x20,0x20,0x20,0x20,0x20,0x20,0x20,0x20,0x20,0x7b,0x0a,0x20,
    0x20,0x20,0x20,0x20,0x20,0x20,0x20,0x20,0x20,0x20,0x20,0x20,0x20,0x20,0x20,0x5f,
    0x32,0x30,0x35,0x20,0x3d,0x20,0x2d,0x6e,0x65,0x61,0x72,0x65,0x73,0x74,0x3b,0x0a,
    0x20,0x20,0x20,0x20,0x20,0x20,0x20,0x20,0x20,0x20,0x20,0x20,0x7d,0x0a,0x20,0x20,
    0x20,0x20,0x20,0x20,0x20,0x20,0x20,0x20,0x20,0x20,0x5f,0x32,0x30,0x30,0x20,0x3d,
    0x20,0x63,0x6c,0x61,0x6d,0x70,0x28,0x30,0x2e,0x35,0x20,0x2b,0x20,0x28,0x5f,0x32,
    0x30,0x35,0x20,0x2f,0x20,0x6d,0x61,0x73,0x6b,0x5b,0x31,0x5d,0x2e,0x7a,0x29,0x2c,
    0x20,0x30,0x2e,0x30,0x2c,0x20,0x31,0x2e,0x30,0x29,0x3b,0x0a,0x20,0x20,0x20,0x20,
    0x20,0x20,0x20,0x20,0x7d,0x0a,0x20,0x20,0x20,0x20,0x20,0x20,0x20,0x20,0x65,0x6c,
    0x73,0x65,0x0a,0x20,0x20,0x20,0x20,0x20,0x20,0x20,0x20,0x7b,0x0a,0x20,0x20,0x20,
    0x20,0x20,0x20,0x20,0x20,0x20,0x20,0x20,0x20,0x5f,0x32,0x30,0x30,0x20,0x3d,0x20,
    0x66,0x6c,0x6f,0x61,0x74,0x28,0x69,0x6e,0x73,0x69,0x64,0x65,0x29,0x3b,0x0a,0x20,
    0x20,0x20,0x20,0x20,0x20,0x20,0x20,0x7d,0x0a,0x20,0x20,0x20,0x20,0x20,0x20,0x20,
    0x20,0x5f,0x31,0x39,0x34,0x20,0x3d,0x20,0x5f,0x32,0x30,0x30,0x3b,0x0a,0x20,0x20,
    0x20,0x20,0x7d,0x0a,0x20,0x20,0x20,0x20,0x66,0x6c,0x6f,0x61,0x74,0x20,0x63,0x6f,
    0x76,0x65,0x72,0x20,0x3d,0x20,0x5f,0x31,0x39,0x34,0x3b,0x0a,0x20,0x20,0x20,0x20,
    0x69,0x66,0x20,0x28,0x6d,0x61,0x73,0x6b,0x5b,0x31,0x5d,0x2e,0x77,0x20,0x3e,0x20,
    0x30,0x2e,0x35,0x29,0x0a,0x20,0x20,0x20,0x20,0x7b,0x0a,0x20,0x20,0x20,0x20,0x20,
    0x20,0x20,0x20,0x63,0x6f,0x76,0x65,0x72,0x20,0x3d,0x20,0x31,0x2e,0x30,0x20,0x2d,
    0x20,0x63,0x6f,0x76,0x65,0x72,0x3b,0x0a,0x20,0x20,0x20,0x20,0x7d,0x0a,0x20,0x20,
    0x20,0x20,0x66,0x6c,0x6f,0x61,0x74,0x20,0x5f,0x32,0x33,0x34,0x20,0x3d,0x20,0x6d,
    0x61,0x73,0x6b,0x5b,0x30,0x5d,0x2e,0x77,0x20,0x2a,0x20,0x63,0x6f,0x76,0x65,0x72,
    0x3b,0x0a,0x20,0x20,0x20,0x20,0x66,0x72,0x61,0x67,0x5f,0x63,0x6f,0x6c,0x6f,0x75,
    0x72,0x20,0x3d,0x20,0x76,0x65,0x63,0x34,0x28,0x6d,0x61,0x73,0x6b,0x5b,0x30,0x5d,
    0x2e,0x78,0x79,0x7a,0x20,0x2a,0x20,0x5f,0x32,0x33,0x34,0x2c,0x20,0x5f,0x32,0x33,
    0x34,0x29,0x3b,0x0a,0x7d,0x0a,0x0a,0x00,
};
#endif
/*
    #version 410

    uniform vec4 warp[4];
    uniform sampler2D canvas_canvas_smp;

    layout(location = 0) in vec2 at;
    layout(location = 0) out vec4 frag_colour;

    float _noise(vec2 p)
    {
        return fract(sin(dot(p, vec2(12.98980045318603515625, 78.233001708984375))) * 43758.546875);
    }

    void main()
    {
        float _46;
        if (warp[3].w > 0.5)
        {
            _46 = 1.0 - at.y;
        }
        else
        {
            _46 = at.y;
        }
        vec3 c = texture(canvas_canvas_smp, vec2(at.x, _46)).xyz;
        if (warp[3].z < 0.5)
        {
            frag_colour = vec4(c * warp[3].y, warp[3].y);
            return;
        }
        vec3 _114 = pow(clamp((c * warp[0].xyz) + warp[1].xyz, vec3(0.0), vec3(1.0)), warp[2].xyz);
        vec3 _127 = vec3(dot(_114, vec3(0.2125999927520751953125, 0.715200006961822509765625, 0.072200000286102294921875)));
        c = clamp(_127 + ((_114 - _127) * warp[3].x), vec3(0.0), vec3(1.0));
        vec2 param = gl_FragCoord.xy;
        vec3 _144 = c;
        vec3 _146 = _144 + vec3((_noise(param) - 0.5) * 0.0039215688593685626983642578125);
        c = _146;
        frag_colour = vec4(_146, 1.0);
    }

*/
#if defined(SOKOL_GLCORE)
static const uint8_t video_warp_fs_source_glsl410[1060] = {
    0x23,0x76,0x65,0x72,0x73,0x69,0x6f,0x6e,0x20,0x34,0x31,0x30,0x0a,0x0a,0x75,0x6e,
    0x69,0x66,0x6f,0x72,0x6d,0x20,0x76,0x65,0x63,0x34,0x20,0x77,0x61,0x72,0x70,0x5b,
    0x34,0x5d,0x3b,0x0a,0x75,0x6e,0x69,0x66,0x6f,0x72,0x6d,0x20,0x73,0x61,0x6d,0x70,
    0x6c,0x65,0x72,0x32,0x44,0x20,0x63,0x61,0x6e,0x76,0x61,0x73,0x5f,0x63,0x61,0x6e,
    0x76,0x61,0x73,0x5f,0x73,0x6d,0x70,0x3b,0x0a,0x0a,0x6c,0x61,0x79,0x6f,0x75,0x74,
    0x28,0x6c,0x6f,0x63,0x61,0x74,0x69,0x6f,0x6e,0x20,0x3d,0x20,0x30,0x29,0x20,0x69,
    0x6e,0x20,0x76,0x65,0x63,0x32,0x20,0x61,0x74,0x3b,0x0a,0x6c,0x61,0x79,0x6f,0x75,
    0x74,0x28,0x6c,0x6f,0x63,0x61,0x74,0x69,0x6f,0x6e,0x20,0x3d,0x20,0x30,0x29,0x20,
    0x6f,0x75,0x74,0x20,0x76,0x65,0x63,0x34,0x20,0x66,0x72,0x61,0x67,0x5f,0x63,0x6f,
    0x6c,0x6f,0x75,0x72,0x3b,0x0a,0x0a,0x66,0x6c,0x6f,0x61,0x74,0x20,0x5f,0x6e,0x6f,
    0x69,0x73,0x65,0x28,0x76,0x65,0x63,0x32,0x20,0x70,0x29,0x0a,0x7b,0x0a,0x20,0x20,
    0x20,0x20,0x72,0x65,0x74,0x75,0x72,0x6e,0x20,0x66,0x72,0x61,0x63,0x74,0x28,0x73,
    0x69,0x6e,0x28,0x64,0x6f,0x74,0x28,0x70,0x2c,0x20,0x76,0x65,0x63,0x32,0x28,0x31,
    0x32,0x2e,0x39,0x38,0x39,0x38,0x30,0x30,0x34,0x35,0x33,0x31,0x38,0x36,0x30,0x33,
    0x35,0x31,0x35,0x36,0x32,0x35,0x2c,0x20,0x37,0x38,0x2e,0x32,0x33,0x33,0x30,0x30,
    0x31,0x37,0x30,0x38,0x39,0x38,0x34,0x33,0x37,0x35,0x29,0x29,0x29,0x20,0x2a,0x20,
    0x34,0x33,0x37,0x35,0x38,0x2e,0x35,0x34,0x36,0x38,0x37,0x35,0x29,0x3b,0x0a,0x7d,
    0x0a,0x0a,0x76,0x6f,0x69,0x64,0x20,0x6d,0x61,0x69,0x6e,0x28,0x29,0x0a,0x7b,0x0a,
    0x20,0x20,0x20,0x20,0x66,0x6c,0x6f,0x61,0x74,0x20,0x5f,0x34,0x36,0x3b,0x0a,0x20,
    0x20,0x20,0x20,0x69,0x66,0x20,0x28,0x77,0x61,0x72,0x70,0x5b,0x33,0x5d,0x2e,0x77,
    0x20,0x3e,0x20,0x30,0x2e,0x35,0x29,0x0a,0x20,0x20,0x20,0x20,0x7b,0x0a,0x20,0x20,
    0x20,0x20,0x20,0x20,0x20,0x20,0x5f,0x34,0x36,0x20,0x3d,0x20,0x31,0x2e,0x30,0x20,
    0x2d,0x20,0x61,0x74,0x2e,0x79,0x3b,0x0a,0x20,0x20,0x20,0x20,0x7d,0x0a,0x20,0x20,
    0x20,0x20,0x65,0x6c,0x73,0x65,0x0a,0x20,0x20,0x20,0x20,0x7b,0x0a,0x20,0x20,0x20,
    0x20,0x20,0x20,0x20,0x20,0x5f,0x34,0x36,0x20,0x3d,0x20,0x61,0x74,0x2e,0x79,0x3b,
    0x0a,0x20,0x20,0x20,0x20,0x7d,0x0a,0x20,0x20,0x20,0x20,0x76,0x65,0x63,0x33,0x20,
    0x63,0x20,0x3d,0x20,0x74,0x65,0x78,0x74,0x75,0x72,0x65,0x28,0x63,0x61,0x6e,0x76,
    0x61,0x73,0x5f,0x63,0x61,0x6e,0x76,0x61,0x73,0x5f,0x73,0x6d,0x70,0x2c,0x20,0x76,
    0x65,0x63,0x32,0x28,0x61,0x74,0x2e,0x78,0x2c,0x20,0x5f,0x34,0x36,0x29,0x29,0x2e,
    0x78,0x79,0x7a,0x3b,0x0a,0x20,0x20,0x20,0x20,0x69,0x66,0x20,0x28,0x77,0x61,0x72,
    0x70,0x5b,0x33,0x5d,0x2e,0x7a,0x20,0x3c,0x20,0x30,0x2e,0x35,0x29,0x0a,0x20,0x20,
    0x20,0x20,0x7b,0x0a,0x20,0x20,0x20,0x20,0x20,0x20,0x20,0x20,0x66,0x72,0x61,0x67,
    0x5f,0x63,0x6f,0x6c,0x6f,0x75,0x72,0x20,0x3d,0x20,0x76,0x65,0x63,0x34,0x28,0x63,
    0x20,0x2a,0x20,0x77,0x61,0x72,0x70,0x5b,0x33,0x5d,0x2e,0x79,0x2c,0x20,0x77,0x61,
    0x72,0x70,0x5b,0x33,0x5d,0x2e,0x79,0x29,0x3b,0x0a,0x20,0x20,0x20,0x20,0x20,0x20,
    0x20,0x20,0x72,0x65,0x74,0x75,0x72,0x6e,0x3b,0x0a,0x20,0x20,0x20,0x20,0x7d,0x0a,
    0x20,0x20,0x20,0x20,0x76,0x65,0x63,0x33,0x20,0x5f,0x31,0x31,0x34,0x20,0x3d,0x20,
    0x70,0x6f,0x77,0x28,0x63,0x6c,0x61,0x6d,0x70,0x28,0x28,0x63,0x20,0x2a,0x20,0x77,
    0x61,0x72,0x70,0x5b,0x30,0x5d,0x2e,0x78,0x79,0x7a,0x29,0x20,0x2b,0x20,0x77,0x61,
    0x72,0x70,0x5b,0x31,0x5d,0x2e,0x78,0x79,0x7a,0x2c,0x20,0x76,0x65,0x63,0x33,0x28,
    0x30,0x2e,0x30,0x29,0x2c,0x20,0x76,0x65,0x63,0x33,0x28,0x31,0x2e,0x30,0x29,0x29,
    0x2c,0x20,0x77,0x61,0x72,0x70,0x5b,0x32,0x5d,0x2e,0x78,0x79,0x7a,0x29,0x3b,0x0a,
    0x20,0x20,0x20,0x20,0x76,0x65,0x63,0x33,0x20,0x5f,0x31,0x32,0x37,0x20,0x3d,0x20,
    0x76,0x65,0x63,0x33,0x28,0x64,0x6f,0x74,0x28,0x5f,0x31,0x31,0x34,0x2c,0x20,0x76,
    0x65,0x63,0x33,0x28,0x30,0x2e,0x32,0x31,0x32,0x35,0x39,0x39,0x39,0x39,0x32,0x37,
    0x35,0x32,0x30,0x37,0x35,0x31,0x39,0x35,0x33,0x31,0x32,0x35,0x2c,0x20,0x30,0x2e,
    0x37,0x31,0x35,0x32,0x30,0x30,0x30,0x30,0x36,0x39,0x36,0x31,0x38,0x32,0x32,0x35,
    0x30,0x39,0x37,0x36,0x35,0x36,0x32,0x35,0x2c,0x20,0x30,0x2e,0x30,0x37,0x32,0x32,
    0x30,0x30,0x30,0x30,0x30,0x32,0x38,0x36,0x31,0x30,0x32,0x32,0x39,0x34,0x39,0x32,
    0x31,0x38,0x37,0x35,0x29,0x29,0x29,0x3b,0x0a,0x20,0x20,0x20,0x20,0x63,0x20,0x3d,
    0x20,0x63,0x6c,0x61,0x6d,0x70,0x28,0x5f,0x31,0x32,0x37,0x20,0x2b,0x20,0x28,0x28,
    0x5f,0x31,0x31,0x34,0x20,0x2d,0x20,0x5f,0x31,0x32,0x37,0x29,0x20,0x2a,0x20,0x77,
    0x61,0x72,0x70,0x5b,0x33,0x5d,0x2e,0x78,0x29,0x2c,0x20,0x76,0x65,0x63,0x33,0x28,
    0x30,0x2e,0x30,0x29,0x2c,0x20,0x76,0x65,0x63,0x33,0x28,0x31,0x2e,0x30,0x29,0x29,
    0x3b,0x0a,0x20,0x20,0x20,0x20,0x76,0x65,0x63,0x32,0x20,0x70,0x61,0x72,0x61,0x6d,
    0x20,0x3d,0x20,0x67,0x6c,0x5f,0x46,0x72,0x61,0x67,0x43,0x6f,0x6f,0x72,0x64,0x2e,
    0x78,0x79,0x3b,0x0a,0x20,0x20,0x20,0x20,0x76,0x65,0x63,0x33,0x20,0x5f,0x31,0x34,
    0x34,0x20,0x3d,0x20,0x63,0x3b,0x0a,0x20,0x20,0x20,0x20,0x76,0x65,0x63,0x33,0x20,
    0x5f,0x31,0x34,0x36,0x20,0x3d,0x20,0x5f,0x31,0x34,0x34,0x20,0x2b,0x20,0x76,0x65,
    0x63,0x33,0x28,0x28,0x5f,0x6e,0x6f,0x69,0x73,0x65,0x28,0x70,0x61,0x72,0x61,0x6d,
    0x29,0x20,0x2d,0x20,0x30,0x2e,0x35,0x29,0x20,0x2a,0x20,0x30,0x2e,0x30,0x30,0x33,
    0x39,0x32,0x31,0x35,0x36,0x38,0x38,0x35,0x39,0x33,0x36,0x38,0x35,0x36,0x32,0x36,
    0x39,0x38,0x33,0x36,0x34,0x32,0x35,0x37,0x38,0x31,0x32,0x35,0x29,0x3b,0x0a,0x20,
    0x20,0x20,0x20,0x63,0x20,0x3d,0x20,0x5f,0x31,0x34,0x36,0x3b,0x0a,0x20,0x20,0x20,
    0x20,0x66,0x72,0x61,0x67,0x5f,0x63,0x6f,0x6c,0x6f,0x75,0x72,0x20,0x3d,0x20,0x76,
    0x65,0x63,0x34,0x28,0x5f,0x31,0x34,0x36,0x2c,0x20,0x31,0x2e,0x30,0x29,0x3b,0x0a,
    0x7d,0x0a,0x0a,0x00,
};
#endif
/*
    cbuffer quad : register(b0)
    {
        float4 _26_corner_xy01 : packoffset(c0);
        float4 _26_corner_xy23 : packoffset(c1);
        float4 _26_corner_uv01 : packoffset(c2);
        float4 _26_corner_uv23 : packoffset(c3);
    };


    static float4 gl_Position;
    static int gl_VertexIndex;
    static float2 at;

    struct SPIRV_Cross_Input
    {
        uint gl_VertexIndex : SV_VertexID;
    };

    struct SPIRV_Cross_Output
    {
        float2 at : TEXCOORD0;
        float4 gl_Position : SV_Position;
    };

    void vert_main()
    {
        bool _19 = gl_VertexIndex == 0;
        float2 _20;
        if (_19)
        {
            _20 = _26_corner_xy01.xy;
        }
        else
        {
            float2 _35;
            if (gl_VertexIndex == 1)
            {
                _35 = _26_corner_xy01.zw;
            }
            else
            {
                float2 _45;
                if (gl_VertexIndex == 2)
                {
                    _45 = _26_corner_xy23.xy;
                }
                else
                {
                    _45 = _26_corner_xy23.zw;
                }
                _35 = _45;
            }
            _20 = _35;
        }
        float2 _62;
        if (_19)
        {
            _62 = _26_corner_uv01.xy;
        }
        else
        {
            float2 _71;
            if (gl_VertexIndex == 1)
            {
                _71 = _26_corner_uv01.zw;
            }
            else
            {
                float2 _80;
                if (gl_VertexIndex == 2)
                {
                    _80 = _26_corner_uv23.xy;
                }
                else
                {
                    _80 = _26_corner_uv23.zw;
                }
                _71 = _80;
            }
            _62 = _71;
        }
        at = _62;
        gl_Position = float4(_20, 0.0f, 1.0f);
    }

    SPIRV_Cross_Output main(SPIRV_Cross_Input stage_input)
    {
        gl_VertexIndex = int(stage_input.gl_VertexIndex);
        vert_main();
        SPIRV_Cross_Output stage_output;
        stage_output.gl_Position = gl_Position;
        stage_output.at = at;
        return stage_output;
    }
*/
#if defined(SOKOL_D3D11)
static const uint8_t video_quad_vs_source_hlsl5[1833] = {
    0x63,0x62,0x75,0x66,0x66,0x65,0x72,0x20,0x71,0x75,0x61,0x64,0x20,0x3a,0x20,0x72,
    0x65,0x67,0x69,0x73,0x74,0x65,0x72,0x28,0x62,0x30,0x29,0x0a,0x7b,0x0a,0x20,0x20,
    0x20,0x20,0x66,0x6c,0x6f,0x61,0x74,0x34,0x20,0x5f,0x32,0x36,0x5f,0x63,0x6f,0x72,
    0x6e,0x65,0x72,0x5f,0x78,0x79,0x30,0x31,0x20,0x3a,0x20,0x70,0x61,0x63,0x6b,0x6f,
    0x66,0x66,0x73,0x65,0x74,0x28,0x63,0x30,0x29,0x3b,0x0a,0x20,0x20,0x20,0x20,0x66,
    0x6c,0x6f,0x61,0x74,0x34,0x20,0x5f,0x32,0x36,0x5f,0x63,0x6f,0x72,0x6e,0x65,0x72,
    0x5f,0x78,0x79,0x32,0x33,0x20,0x3a,0x20,0x70,0x61,0x63,0x6b,0x6f,0x66,0x66,0x73,
    0x65,0x74,0x28,0x63,0x31,0x29,0x3b,0x0a,0x20,0x20,0x20,0x20,0x66,0x6c,0x6f,0x61,
    0x74,0x34,0x20,0x5f,0x32,0x36,0x5f,0x63,0x6f,0x72,0x6e,0x65,0x72,0x5f,0x75,0x76,
    0x30,0x31,0x20,0x3a,0x20,0x70,0x61,0x63,0x6b,0x6f,0x66,0x66,0x73,0x65,0x74,0x28,
    0x63,0x32,0x29,0x3b,0x0a,0x20,0x20,0x20,0x20,0x66,0x6c,0x6f,0x61,0x74,0x34,0x20,
    0x5f,0x32,0x36,0x5f,0x63,0x6f,0x72,0x6e,0x65,0x72,0x5f,0x75,0x76,0x32,0x33,0x20,
    0x3a,0x20,0x70,0x61,0x63,0x6b,0x6f,0x66,0x66,0x73,0x65,0x74,0x28,0x63,0x33,0x29,
    0x3b,0x0a,0x7d,0x3b,0x0a,0x0a,0x0a,0x73,0x74,0x61,0x74,0x69,0x63,0x20,0x66,0x6c,
    0x6f,0x61,0x74,0x34,0x20,0x67,0x6c,0x5f,0x50,0x6f,0x73,0x69,0x74,0x69,0x6f,0x6e,
    0x3b,0x0a,0x73,0x74,0x61,0x74,0x69,0x63,0x20,0x69,0x6e,0x74,0x20,0x67,0x6c,0x5f,
    0x56,0x65,0x72,0x74,0x65,0x78,0x49,0x6e,0x64,0x65,0x78,0x3b,0x0a,0x73,0x74,0x61,
    0x74,0x69,0x63,0x20,0x66,0x6c,0x6f,0x61,0x74,0x32,0x20,0x61,0x74,0x3b,0x0a,0x0a,
    0x73,0x74,0x72,0x75,0x63,0x74,0x20,0x53,0x50,0x49,0x52,0x56,0x5f,0x43,0x72,0x6f,
    0x73,0x73,0x5f,0x49,0x6e,0x70,0x75,0x74,0x0a,0x7b,0x0a,0x20,0x20,0x20,0x20,0x75,
    0x69,0x6e,0x74,0x20,0x67,0x6c,0x5f,0x56,0x65,0x72,0x74,0x65,0x78,0x49,0x6e,0x64,
    0x65,0x78,0x20,0x3a,0x20,0x53,0x56,0x5f,0x56,0x65,0x72,0x74,0x65,0x78,0x49,0x44,
    0x3b,0x0a,0x7d,0x3b,0x0a,0x0a,0x73,0x74,0x72,0x75,0x63,0x74,0x20,0x53,0x50,0x49,
    0x52,0x56,0x5f,0x43,0x72,0x6f,0x73,0x73,0x5f,0x4f,0x75,0x74,0x70,0x75,0x74,0x0a,
    0x7b,0x0a,0x20,0x20,0x20,0x20,0x66,0x6c,0x6f,0x61,0x74,0x32,0x20,0x61,0x74,0x20,
    0x3a,0x20,0x54,0x45,0x58,0x43,0x4f,0x4f,0x52,0x44,0x30,0x3b,0x0a,0x20,0x20,0x20,
    0x20,0x66,0x6c,0x6f,0x61,0x74,0x34,0x20,0x67,0x6c,0x5f,0x50,0x6f,0x73,0x69,0x74,
    0x69,0x6f,0x6e,0x20,0x3a,0x20,0x53,0x56,0x5f,0x50,0x6f,0x73,0x69,0x74,0x69,0x6f,
    0x6e,0x3b,0x0a,0x7d,0x3b,0x0a,0x0a,0x76,0x6f,0x69,0x64,0x20,0x76,0x65,0x72,0x74,
    0x5f,0x6d,0x61,0x69,0x6e,0x28,0x29,0x0a,0x7b,0x0a,0x20,0x20,0x20,0x20,0x62,0x6f,
    0x6f,0x6c,0x20,0x5f,0x31,0x39,0x20,0x3d,0x20,0x67,0x6c,0x5f,0x56,0x65,0x72,0x74,
    0x65,0x78,0x49,0x6e,0x64,0x65,0x78,0x20,0x3d,0x3d,0x20,0x30,0x3b,0x0a,0x20,0x20,
    0x20,0x20,0x66,0x6c,0x6f,0x61,0x74,0x32,0x20,0x5f,0x32,0x30,0x3b,0x0a,0x20,0x20,
    0x20,0x20,0x69,0x66,0x20,0x28,0x5f,0x31,0x39,0x29,0x0a,0x20,0x20,0x20,0x20,0x7b,
    0x0a,0x20,0x20,0x20,0x20,0x20,0x20,0x20,0x20,0x5f,0x32,0x30,0x20,0x3d,0x20,0x5f,
    0x32,0x36,0x5f,0x63,0x6f,0x72,0x6e,0x65,0x72,0x5f,0x78,0x79,0x30,0x31,0x2e,0x78,
    0x79,0x3b,0x0a,0x20,0x20,0x20,0x20,0x7d,0x0a,0x20,0x20,0x20,0x20,0x65,0x6c,0x73,
    0x65,0x0a,0x20,0x20,0x20,0x20,0x7b,0x0a,0x20,0x20,0x20,0x20,0x20,0x20,0x20,0x20,
    0x66,0x6c,0x6f,0x61,0x74,0x32,0x20,0x5f,0x33,0x35,0x3b,0x0a,0x20,0x20,0x20,0x20,
    0x20,0x20,0x20,0x20,0x69,0x66,0x20,0x28,0x67,0x6c,0x5f,0x56,0x65,0x72,0x74,0x65,
    0x78,0x49,0x6e,0x64,0x65,0x78,0x20,0x3d,0x3d,0x20,0x31,0x29,0x0a,0x20,0x20,0x20,
    0x20,0x20,0x20,0x20,0x20,0x7b,0x0a,0x20,0x20,0x20,0x20,0x20,0x20,0x20,0x20,0x20,
    0x20,0x20,0x20,0x5f,0x33,0x35,0x20,0x3d,0x20,0x5f,0x32,0x36,0x5f,0x63,0x6f,0x72,
    0x6e,0x65,0x72,0x5f,0x78,0x79,0x30,0x31,0x2e,0x7a,0x77,0x3b,0x0a,0x20,0x20,0x20,
    0x20,0x20,0x20,0x20,0x20,0x7d,0x0a,0x20,0x20,0x20,0x20,0x20,0x20,0x20,0x20,0x65,
    0x6c,0x73,0x65,0x0a,0x20,0x20,0x20,0x20,0x20,0x20,0x20,0x20,0x7b,0x0a,0x20,0x20,
    0x20,0x20,0x20,0x20,0x20,0x20,0x20,0x20,0x20,0x20,0x66,0x6c,0x6f,0x61,0x74,0x32,
    0x20,0x5f,0x34,0x35,0x3b,0x0a,0x20,0x20,0x20,0x20,0x20,0x20,0x20,0x20,0x20,0x20,
    0x20,0x20,0x69,0x66,0x20,0x28,0x67,0x6c,0x5f,0x56,0x65,0x72,0x74,0x65,0x78,0x49,
    0x6e,0x64,0x65,0x78,0x20,0x3d,0x3d,0x20,0x32,0x29,0x0a,0x20,0x20,0x20,0x20,0x20,
    0x20,0x20,0x20,0x20,0x20,0x20,0x20,0x7b,0x0a,0x20,0x20,0x20,0x20,0x20,0x20,0x20,
    0x20,0x20,0x20,0x20,0x20,0x20,0x20,0x20,0x20,0x5f,0x34,0x35,0x20,0x3d,0x20,0x5f,
    0x32,0x36,0x5f,0x63,0x6f,0x72,0x6e,0x65,0x72,0x5f,0x78,0x79,0x32,0x33,0x2e,0x78,
    0x79,0x3b,0x0a,0x20,0x20,0x20,0x20,0x20,0x20,0x20,0x20,0x20,0x20,0x20,0x20,0x7d,
    0x0a,0x20,0x20,0x20,0x20,0x20,0x20,0x20,0x20,0x20,0x20,0x20,0x20,0x65,0x6c,0x73,
    0x65,0x0a,0x20,0x20,0x20,0x20,0x20,0x20,0x20,0x20,0x20,0x20,0x20,0x20,0x7b,0x0a,
    0x20,0x20,0x20,0x20,0x20,0x20,0x20,0x20,0x20,0x20,0x20,0x20,0x20,0x20,0x20,0x20,
    0x5f,0x34,0x35,0x20,0x3d,0x20,0x5f,0x32,0x36,0x5f,0x63,0x6f,0x72,0x6e,0x65,0x72,
    0x5f,0x78,0x79,0x32,0x33,0x2e,0x7a,0x77,0x3b,0x0a,0x20,0x20,0x20,0x20,0x20,0x20,
    0x20,0x20,0x20,0x20,0x20,0x20,0x7d,0x0a,0x20,0x20,0x20,0x20,0x20,0x20,0x20,0x20,
    0x20,0x20,0x20,0x20,0x5f,0x33,0x35,0x20,0x3d,0x20,0x5f,0x34,0x35,0x3b,0x0a,0x20,
    0x20,0x20,0x20,0x20,0x20,0x20,0x20,0x7d,0x0a,0x20,0x20,0x20,0x20,0x20,0x20,0x20,
    0x20,0x5f,0x32,0x30,0x20,0x3d,0x20,0x5f,0x33,0x35,0x3b,0x0a,0x20,0x20,0x20,0x20,
    0x7d,0x0a,0x20,0x20,0x20,0x20,0x66,0x6c,0x6f,0x61,0x74,0x32,0x20,0x5f,0x36,0x32,
    0x3b,0x0a,0x20,0x20,0x20,0x20,0x69,0x66,0x20,0x28,0x5f,0x31,0x39,0x29,0x0a,0x20,
    0x20,0x20,0x20,0x7b,0x0a,0x20,0x20,0x20,0x20,0x20,0x20,0x20,0x20,0x5f,0x36,0x32,
    0x20,0x3d,0x20,0x5f,0x32,0x36,0x5f,0x63,0x6f,0x72,0x6e,0x65,0x72,0x5f,0x75,0x76,
    0x30,0x31,0x2e,0x78,0x79,0x3b,0x0a,0x20,0x20,0x20,0x20,0x7d,0x0a,0x20,0x20,0x20,
    0x20,0x65,0x6c,0x73,0x65,0x0a,0x20,0x20,0x20,0x20,0x7b,0x0a,0x20,0x20,0x20,0x20,
    0x20,0x20,0x20,0x20,0x66,0x6c,0x6f,0x61,0x74,0x32,0x20,0x5f,0x37,0x31,0x3b,0x0a,
    0x20,0x20,0x20,0x20,0x20,0x20,0x20,0x20,0x69,0x66,0x20,0x28,0x67,0x6c,0x5f,0x56,
    0x65,0x72,0x74,0x65,0x78,0x49,0x6e,0x64,0x65,0x78,0x20,0x3d,0x3d,0x20,0x31,0x29,
    0x0a,0x20,0x20,0x20,0x20,0x20,0x20,0x20,0x20,0x7b,0x0a,0x20,0x20,0x20,0x20,0x20,
    0x20,0x20,0x20,0x20,0x20,0x20,0x20,0x5f,0x37,0x31,0x20,0x3d,0x20,0x5f,0x32,0x36,
    0x5f,0x63,0x6f,0x72,0x6e,0x65,0x72,0x5f,0x75,0x76,0x30,0x31,0x2e,0x7a,0x77,0x3b,
    0x0a,0x20,0x20,0x20,0x20,0x20,0x20,0x20,0x20,0x7d,0x0a,0x20,0x20,0x20,0x20,0x20,
    0x20,0x20,0x20,0x65,0x6c,0x73,0x65,0x0a,0x20,0x20,0x20,0x20,0x20,0x20,0x20,0x20,
    0x7b,0x0a,0x20,0x20,0x20,0x20,0x20,0x20,0x20,0x20,0x20,0x20,0x20,0x20,0x66,0x6c,
    0x6f,0x61,0x74,0x32,0x20,0x5f,0x38,0x30,0x3b,0x0a,0x20,0x20,0x20,0x20,0x20,0x20,
    0x20,0x20,0x20,0x20,0x20,0x20,0x69,0x66,0x20,0x28,0x67,0x6c,0x5f,0x56,0x65,0x72,
    0x74,0x65,0x78,0x49,0x6e,0x64,0x65,0x78,0x20,0x3d,0x3d,0x20,0x32,0x29,0x0a,0x20,
    0x20,0x20,0x20,0x20,0x20,0x20,0x20,0x20,0x20,0x20,0x20,0x7b,0x0a,0x20,0x20,0x20,
    0x20,0x20,0x20,0x20,0x20,0x20,0x20,0x20,0x20,0x20,0x20,0x20,0x20,0x5f,0x38,0x30,
    0x20,0x3d,0x20,0x5f,0x32,0x36,0x5f,0x63,0x6f,0x72,0x6e,0x65,0x72,0x5f,0x75,0x76,
    0x32,0x33,0x2e,0x78,0x79,0x3b,0x0a,0x20,0x20,0x20,0x20,0x20,0x20,0x20,0x20,0x20,
    0x20,0x20,0x20,0x7d,0x0a,0x20,0x20,0x20,0x20,0x20,0x20,0x20,0x20,0x20,0x20,0x20,
    0x20,0x65,0x6c,0x73,0x65,0x0a,0x20,0x20,0x20,0x20,0x20,0x20,0x20,0x20,0x20,0x20,
    0x20,0x20,0x7b,0x0a,0x20,0x20,0x20,0x20,0x20,0x20,0x20,0x20,0x20,0x20,0x20,0x20,
    0x20,0x20,0x20,0x20,0x5f,0x38,0x30,0x20,0x3d,0x20,0x5f,0x32,0x36,0x5f,0x63,0x6f,
    0x72,0x6e,0x65,0x72,0x5f,0x75,0x76,0x32,0x33,0x2e,0x7a,0x77,0x3b,0x0a,0x20,0x20,
    0x20,0x20,0x20,0x20,0x20,0x20,0x20,0x20,0x20,0x20,0x7d,0x0a,0x20,0x20,0x20,0x20,
    0x20,0x20,0x20,0x20,0x20,0x20,0x20,0x20,0x5f,0x37,0x31,0x20,0x3d,0x20,0x5f,0x38,
    0x30,0x3b,0x0a,0x20,0x20,0x20,0x20,0x20,0x20,0x20,0x20,0x7d,0x0a,0x20,0x20,0x20,
    0x20,0x20,0x20,0x20,0x20,0x5f,0x36,0x32,0x20,0x3d,0x20,0x5f,0x37,0x31,0x3b,0x0a,
    0x20,0x20,0x20,0x20,0x7d,0x0a,0x20,0x20,0x20,0x20,0x61,0x74,0x20,0x3d,0x20,0x5f,
    0x36,0x32,0x3b,0x0a,0x20,0x20,0x20,0x20,0x67,0x6c,0x5f,0x50,0x6f,0x73,0x69,0x74,
    0x69,0x6f,0x6e,0x20,0x3d,0x20,0x66,0x6c,0x6f,0x61,0x74,0x34,0x28,0x5f,0x32,0x30,
    0x2c,0x20,0x30,0x2e,0x30,0x66,0x2c,0x20,0x31,0x2e,0x30,0x66,0x29,0x3b,0x0a,0x7d,
    0x0a,0x0a,0x53,0x50,0x49,0x52,0x56,0x5f,0x43,0x72,0x6f,0x73,0x73,0x5f,0x4f,0x75,
    0x74,0x70,0x75,0x74,0x20,0x6d,0x61,0x69,0x6e,0x28,0x53,0x50,0x49,0x52,0x56,0x5f,
    0x43,0x72,0x6f,0x73,0x73,0x5f,0x49,0x6e,0x70,0x75,0x74,0x20,0x73,0x74,0x61,0x67,
    0x65,0x5f,0x69,0x6e,0x70,0x75,0x74,0x29,0x0a,0x7b,0x0a,0x20,0x20,0x20,0x20,0x67,
    0x6c,0x5f,0x56,0x65,0x72,0x74,0x65,0x78,0x49,0x6e,0x64,0x65,0x78,0x20,0x3d,0x20,
    0x69,0x6e,0x74,0x28,0x73,0x74,0x61,0x67,0x65,0x5f,0x69,0x6e,0x70,0x75,0x74,0x2e,
    0x67,0x6c,0x5f,0x56,0x65,0x72,0x74,0x65,0x78,0x49,0x6e,0x64,0x65,0x78,0x29,0x3b,
    0x0a,0x20,0x20,0x20,0x20,0x76,0x65,0x72,0x74,0x5f,0x6d,0x61,0x69,0x6e,0x28,0x29,
    0x3b,0x0a,0x20,0x20,0x20,0x20,0x53,0x50,0x49,0x52,0x56,0x5f,0x43,0x72,0x6f,0x73,
    0x73,0x5f,0x4f,0x75,0x74,0x70,0x75,0x74,0x20,0x73,0x74,0x61,0x67,0x65,0x5f,0x6f,
    0x75,0x74,0x70,0x75,0x74,0x3b,0x0a,0x20,0x20,0x20,0x20,0x73,0x74,0x61,0x67,0x65,
    0x5f,0x6f,0x75,0x74,0x70,0x75,0x74,0x2e,0x67,0x6c,0x5f,0x50,0x6f,0x73,0x69,0x74,
    0x69,0x6f,0x6e,0x20,0x3d,0x20,0x67,0x6c,0x5f,0x50,0x6f,0x73,0x69,0x74,0x69,0x6f,
    0x6e,0x3b,0x0a,0x20,0x20,0x20,0x20,0x73,0x74,0x61,0x67,0x65,0x5f,0x6f,0x75,0x74,
    0x70,0x75,0x74,0x2e,0x61,0x74,0x20,0x3d,0x20,0x61,0x74,0x3b,0x0a,0x20,0x20,0x20,
    0x20,0x72,0x65,0x74,0x75,0x72,0x6e,0x20,0x73,0x74,0x61,0x67,0x65,0x5f,0x6f,0x75,
    0x74,0x70,0x75,0x74,0x3b,0x0a,0x7d,0x0a,0x00,
};
#endif
/*
    static float4 gl_Position;
    static float2 at;
    static float2 texel;
    static float2 position;

    struct SPIRV_Cross_Input
    {
        float2 position : TEXCOORD0;
        float2 texel : TEXCOORD1;
    };

    struct SPIRV_Cross_Output
    {
        float2 at : TEXCOORD0;
        float4 gl_Position : SV_Position;
    };

    void vert_main()
    {
        at = texel;
        gl_Position = float4(position, 0.0f, 1.0f);
    }

    SPIRV_Cross_Output main(SPIRV_Cross_Input stage_input)
    {
        texel = stage_input.texel;
        position = stage_input.position;
        vert_main();
        SPIRV_Cross_Output stage_output;
        stage_output.gl_Position = gl_Position;
        stage_output.at = at;
        return stage_output;
    }
*/
#if defined(SOKOL_D3D11)
static const uint8_t video_mesh_vs_source_hlsl5[645] = {
    0x73,0x74,0x61,0x74,0x69,0x63,0x20,0x66,0x6c,0x6f,0x61,0x74,0x34,0x20,0x67,0x6c,
    0x5f,0x50,0x6f,0x73,0x69,0x74,0x69,0x6f,0x6e,0x3b,0x0a,0x73,0x74,0x61,0x74,0x69,
    0x63,0x20,0x66,0x6c,0x6f,0x61,0x74,0x32,0x20,0x61,0x74,0x3b,0x0a,0x73,0x74,0x61,
    0x74,0x69,0x63,0x20,0x66,0x6c,0x6f,0x61,0x74,0x32,0x20,0x74,0x65,0x78,0x65,0x6c,
    0x3b,0x0a,0x73,0x74,0x61,0x74,0x69,0x63,0x20,0x66,0x6c,0x6f,0x61,0x74,0x32,0x20,
    0x70,0x6f,0x73,0x69,0x74,0x69,0x6f,0x6e,0x3b,0x0a,0x0a,0x73,0x74,0x72,0x75,0x63,
    0x74,0x20,0x53,0x50,0x49,0x52,0x56,0x5f,0x43,0x72,0x6f,0x73,0x73,0x5f,0x49,0x6e,
    0x70,0x75,0x74,0x0a,0x7b,0x0a,0x20,0x20,0x20,0x20,0x66,0x6c,0x6f,0x61,0x74,0x32,
    0x20,0x70,0x6f,0x73,0x69,0x74,0x69,0x6f,0x6e,0x20,0x3a,0x20,0x54,0x45,0x58,0x43,
    0x4f,0x4f,0x52,0x44,0x30,0x3b,0x0a,0x20,0x20,0x20,0x20,0x66,0x6c,0x6f,0x61,0x74,
    0x32,0x20,0x74,0x65,0x78,0x65,0x6c,0x20,0x3a,0x20,0x54,0x45,0x58,0x43,0x4f,0x4f,
    0x52,0x44,0x31,0x3b,0x0a,0x7d,0x3b,0x0a,0x0a,0x73,0x74,0x72,0x75,0x63,0x74,0x20,
    0x53,0x50,0x49,0x52,0x56,0x5f,0x43,0x72,0x6f,0x73,0x73,0x5f,0x4f,0x75,0x74,0x70,
    0x75,0x74,0x0a,0x7b,0x0a,0x20,0x20,0x20,0x20,0x66,0x6c,0x6f,0x61,0x74,0x32,0x20,
    0x61,0x74,0x20,0x3a,0x20,0x54,0x45,0x58,0x43,0x4f,0x4f,0x52,0x44,0x30,0x3b,0x0a,
    0x20,0x20,0x20,0x20,0x66,0x6c,0x6f,0x61,0x74,0x34,0x20,0x67,0x6c,0x5f,0x50,0x6f,
    0x73,0x69,0x74,0x69,0x6f,0x6e,0x20,0x3a,0x20,0x53,0x56,0x5f,0x50,0x6f,0x73,0x69,
    0x74,0x69,0x6f,0x6e,0x3b,0x0a,0x7d,0x3b,0x0a,0x0a,0x76,0x6f,0x69,0x64,0x20,0x76,
    0x65,0x72,0x74,0x5f,0x6d,0x61,0x69,0x6e,0x28,0x29,0x0a,0x7b,0x0a,0x20,0x20,0x20,
    0x20,0x61,0x74,0x20,0x3d,0x20,0x74,0x65,0x78,0x65,0x6c,0x3b,0x0a,0x20,0x20,0x20,
    0x20,0x67,0x6c,0x5f,0x50,0x6f,0x73,0x69,0x74,0x69,0x6f,0x6e,0x20,0x3d,0x20,0x66,
    0x6c,0x6f,0x61,0x74,0x34,0x28,0x70,0x6f,0x73,0x69,0x74,0x69,0x6f,0x6e,0x2c,0x20,
    0x30,0x2e,0x30,0x66,0x2c,0x20,0x31,0x2e,0x30,0x66,0x29,0x3b,0x0a,0x7d,0x0a,0x0a,
    0x53,0x50,0x49,0x52,0x56,0x5f,0x43,0x72,0x6f,0x73,0x73,0x5f,0x4f,0x75,0x74,0x70,
    0x75,0x74,0x20,0x6d,0x61,0x69,0x6e,0x28,0x53,0x50,0x49,0x52,0x56,0x5f,0x43,0x72,
    0x6f,0x73,0x73,0x5f,0x49,0x6e,0x70,0x75,0x74,0x20,0x73,0x74,0x61,0x67,0x65,0x5f,
    0x69,0x6e,0x70,0x75,0x74,0x29,0x0a,0x7b,0x0a,0x20,0x20,0x20,0x20,0x74,0x65,0x78,
    0x65,0x6c,0x20,0x3d,0x20,0x73,0x74,0x61,0x67,0x65,0x5f,0x69,0x6e,0x70,0x75,0x74,
    0x2e,0x74,0x65,0x78,0x65,0x6c,0x3b,0x0a,0x20,0x20,0x20,0x20,0x70,0x6f,0x73,0x69,
    0x74,0x69,0x6f,0x6e,0x20,0x3d,0x20,0x73,0x74,0x61,0x67,0x65,0x5f,0x69,0x6e,0x70,
    0x75,0x74,0x2e,0x70,0x6f,0x73,0x69,0x74,0x69,0x6f,0x6e,0x3b,0x0a,0x20,0x20,0x20,
    0x20,0x76,0x65,0x72,0x74,0x5f,0x6d,0x61,0x69,0x6e,0x28,0x29,0x3b,0x0a,0x20,0x20,
    0x20,0x20,0x53,0x50,0x49,0x52,0x56,0x5f,0x43,0x72,0x6f,0x73,0x73,0x5f,0x4f,0x75,
    0x74,0x70,0x75,0x74,0x20,0x73,0x74,0x61,0x67,0x65,0x5f,0x6f,0x75,0x74,0x70,0x75,
    0x74,0x3b,0x0a,0x20,0x20,0x20,0x20,0x73,0x74,0x61,0x67,0x65,0x5f,0x6f,0x75,0x74,
    0x70,0x75,0x74,0x2e,0x67,0x6c,0x5f,0x50,0x6f,0x73,0x69,0x74,0x69,0x6f,0x6e,0x20,
    0x3d,0x20,0x67,0x6c,0x5f,0x50,0x6f,0x73,0x69,0x74,0x69,0x6f,0x6e,0x3b,0x0a,0x20,
    0x20,0x20,0x20,0x73,0x74,0x61,0x67,0x65,0x5f,0x6f,0x75,0x74,0x70,0x75,0x74,0x2e,
    0x61,0x74,0x20,0x3d,0x20,0x61,0x74,0x3b,0x0a,0x20,0x20,0x20,0x20,0x72,0x65,0x74,
    0x75,0x72,0x6e,0x20,0x73,0x74,0x61,0x67,0x65,0x5f,0x6f,0x75,0x74,0x70,0x75,0x74,
    0x3b,0x0a,0x7d,0x0a,0x00,
};
#endif
/*
    cbuffer fill : register(b1)
    {
        float4 _12_colour : packoffset(c0);
    };


    static float4 frag_colour;
    static float2 at;

    struct SPIRV_Cross_Input
    {
        float2 at : TEXCOORD0;
    };

    struct SPIRV_Cross_Output
    {
        float4 frag_colour : SV_Target0;
    };

    void frag_main()
    {
        frag_colour = float4(_12_colour.xyz * _12_colour.w, _12_colour.w);
    }

    SPIRV_Cross_Output main(SPIRV_Cross_Input stage_input)
    {
        at = stage_input.at;
        frag_main();
        SPIRV_Cross_Output stage_output;
        stage_output.frag_colour = frag_colour;
        return stage_output;
    }
*/
#if defined(SOKOL_D3D11)
static const uint8_t video_fill_fs_source_hlsl5[549] = {
    0x63,0x62,0x75,0x66,0x66,0x65,0x72,0x20,0x66,0x69,0x6c,0x6c,0x20,0x3a,0x20,0x72,
    0x65,0x67,0x69,0x73,0x74,0x65,0x72,0x28,0x62,0x31,0x29,0x0a,0x7b,0x0a,0x20,0x20,
    0x20,0x20,0x66,0x6c,0x6f,0x61,0x74,0x34,0x20,0x5f,0x31,0x32,0x5f,0x63,0x6f,0x6c,
    0x6f,0x75,0x72,0x20,0x3a,0x20,0x70,0x61,0x63,0x6b,0x6f,0x66,0x66,0x73,0x65,0x74,
    0x28,0x63,0x30,0x29,0x3b,0x0a,0x7d,0x3b,0x0a,0x0a,0x0a,0x73,0x74,0x61,0x74,0x69,
    0x63,0x20,0x66,0x6c,0x6f,0x61,0x74,0x34,0x20,0x66,0x72,0x61,0x67,0x5f,0x63,0x6f,
    0x6c,0x6f,0x75,0x72,0x3b,0x0a,0x73,0x74,0x61,0x74,0x69,0x63,0x20,0x66,0x6c,0x6f,
    0x61,0x74,0x32,0x20,0x61,0x74,0x3b,0x0a,0x0a,0x73,0x74,0x72,0x75,0x63,0x74,0x20,
    0x53,0x50,0x49,0x52,0x56,0x5f,0x43,0x72,0x6f,0x73,0x73,0x5f,0x49,0x6e,0x70,0x75,
    0x74,0x0a,0x7b,0x0a,0x20,0x20,0x20,0x20,0x66,0x6c,0x6f,0x61,0x74,0x32,0x20,0x61,
    0x74,0x20,0x3a,0x20,0x54,0x45,0x58,0x43,0x4f,0x4f,0x52,0x44,0x30,0x3b,0x0a,0x7d,
    0x3b,0x0a,0x0a,0x73,0x74,0x72,0x75,0x63,0x74,0x20,0x53,0x50,0x49,0x52,0x56,0x5f,
    0x43,0x72,0x6f,0x73,0x73,0x5f,0x4f,0x75,0x74,0x70,0x75,0x74,0x0a,0x7b,0x0a,0x20,
    0x20,0x20,0x20,0x66,0x6c,0x6f,0x61,0x74,0x34,0x20,0x66,0x72,0x61,0x67,0x5f,0x63,
    0x6f,0x6c,0x6f,0x75,0x72,0x20,0x3a,0x20,0x53,0x56,0x5f,0x54,0x61,0x72,0x67,0x65,
    0x74,0x30,0x3b,0x0a,0x7d,0x3b,0x0a,0x0a,0x76,0x6f,0x69,0x64,0x20,0x66,0x72,0x61,
    0x67,0x5f,0x6d,0x61,0x69,0x6e,0x28,0x29,0x0a,0x7b,0x0a,0x20,0x20,0x20,0x20,0x66,
    0x72,0x61,0x67,0x5f,0x63,0x6f,0x6c,0x6f,0x75,0x72,0x20,0x3d,0x20,0x66,0x6c,0x6f,
    0x61,0x74,0x34,0x28,0x5f,0x31,0x32,0x5f,0x63,0x6f,0x6c,0x6f,0x75,0x72,0x2e,0x78,
    0x79,0x7a,0x20,0x2a,0x20,0x5f,0x31,0x32,0x5f,0x63,0x6f,0x6c,0x6f,0x75,0x72,0x2e,
    0x77,0x2c,0x20,0x5f,0x31,0x32,0x5f,0x63,0x6f,0x6c,0x6f,0x75,0x72,0x2e,0x77,0x29,
    0x3b,0x0a,0x7d,0x0a,0x0a,0x53,0x50,0x49,0x52,0x56,0x5f,0x43,0x72,0x6f,0x73,0x73,
    0x5f,0x4f,0x75,0x74,0x70,0x75,0x74,0x20,0x6d,0x61,0x69,0x6e,0x28,0x53,0x50,0x49,
    0x52,0x56,0x5f,0x43,0x72,0x6f,0x73,0x73,0x5f,0x49,0x6e,0x70,0x75,0x74,0x20,0x73,
    0x74,0x61,0x67,0x65,0x5f,0x69,0x6e,0x70,0x75,0x74,0x29,0x0a,0x7b,0x0a,0x20,0x20,
    0x20,0x20,0x61,0x74,0x20,0x3d,0x20,0x73,0x74,0x61,0x67,0x65,0x5f,0x69,0x6e,0x70,
    0x75,0x74,0x2e,0x61,0x74,0x3b,0x0a,0x20,0x20,0x20,0x20,0x66,0x72,0x61,0x67,0x5f,
    0x6d,0x61,0x69,0x6e,0x28,0x29,0x3b,0x0a,0x20,0x20,0x20,0x20,0x53,0x50,0x49,0x52,
    0x56,0x5f,0x43,0x72,0x6f,0x73,0x73,0x5f,0x4f,0x75,0x74,0x70,0x75,0x74,0x20,0x73,
    0x74,0x61,0x67,0x65,0x5f,0x6f,0x75,0x74,0x70,0x75,0x74,0x3b,0x0a,0x20,0x20,0x20,
    0x20,0x73,0x74,0x61,0x67,0x65,0x5f,0x6f,0x75,0x74,0x70,0x75,0x74,0x2e,0x66,0x72,
    0x61,0x67,0x5f,0x63,0x6f,0x6c,0x6f,0x75,0x72,0x20,0x3d,0x20,0x66,0x72,0x61,0x67,
    0x5f,0x63,0x6f,0x6c,0x6f,0x75,0x72,0x3b,0x0a,0x20,0x20,0x20,0x20,0x72,0x65,0x74,
    0x75,0x72,0x6e,0x20,0x73,0x74,0x61,0x67,0x65,0x5f,0x6f,0x75,0x74,0x70,0x75,0x74,
    0x3b,0x0a,0x7d,0x0a,0x00,
};
#endif
/*
    cbuffer grade : register(b1)
    {
        float4 _22_grade_a : packoffset(c0);
        float4 _22_grade_b : packoffset(c1);
    };

    Texture2D<float4> grade_tables : register(t1);
    SamplerState grade_smp : register(s1);
    Texture2D<float4> picture : register(t0);
    SamplerState picture_smp : register(s0);

    static float2 at;
    static float4 frag_colour;

    struct SPIRV_Cross_Input
    {
        float2 at : TEXCOORD0;
    };

    struct SPIRV_Cross_Output
    {
        float4 frag_colour : SV_Target0;
    };

    float3 apply_grade(inout float3 c)
    {
        c = pow(clamp(c, 0.0f.xxx, 1.0f.xxx), (1.0f / _22_grade_a.x).xxx);
        c = ((c - 0.5f.xxx) * _22_grade_a.y) + 0.5f.xxx;
        float3 _54 = dot(c, float3(0.2125999927520751953125f, 0.715200006961822509765625f, 0.072200000286102294921875f)).xxx;
        float3 _55 = c - _54;
        c = clamp(_54 + ((((_55 * _22_grade_b.x) + (cross(0.57735025882720947265625f.xxx, _55) * _22_grade_b.y)) + ((0.57735025882720947265625f.xxx * dot(0.57735025882720947265625f.xxx, _55)) * (1.0f - _22_grade_b.x))) * _22_grade_a.z), 0.0f.xxx, 1.0f.xxx);
        if (_22_grade_a.w > 0.5f)
        {
            float3 _107 = ((c * 255.0f) + 0.5f.xxx) * 0.00390625f.xxx;
            c = float3(grade_tables.Sample(grade_smp, float2(_107.x, 0.5f)).x, grade_tables.Sample(grade_smp, float2(_107.y, 0.5f)).y, grade_tables.Sample(grade_smp, float2(_107.z, 0.5f)).z);
        }
        return c;
    }

    void frag_main()
    {
        float4 _154 = picture.Sample(picture_smp, at);
        float _157 = _154.w;
        float3 _159;
        if (_157 > 0.0f)
        {
            float3 param = _154.xyz / _157.xxx;
            float3 _169 = apply_grade(param);
            _159 = _169;
        }
        else
        {
            _159 = 0.0f.xxx;
        }
        frag_colour = float4(_159 * _157, _157) * _22_grade_b.z;
    }

    SPIRV_Cross_Output main(SPIRV_Cross_Input stage_input)
    {
        at = stage_input.at;
        frag_main();
        SPIRV_Cross_Output stage_output;
        stage_output.frag_colour = frag_colour;
        return stage_output;
    }
*/
#if defined(SOKOL_D3D11)
static const uint8_t video_picture_fs_source_hlsl5[1907] = {
    0x63,0x62,0x75,0x66,0x66,0x65,0x72,0x20,0x67,0x72,0x61,0x64,0x65,0x20,0x3a,0x20,
    0x72,0x65,0x67,0x69,0x73,0x74,0x65,0x72,0x28,0x62,0x31,0x29,0x0a,0x7b,0x0a,0x20,
    0x20,0x20,0x20,0x66,0x6c,0x6f,0x61,0x74,0x34,0x20,0x5f,0x32,0x32,0x5f,0x67,0x72,
    0x61,0x64,0x65,0x5f,0x61,0x20,0x3a,0x20,0x70,0x61,0x63,0x6b,0x6f,0x66,0x66,0x73,
    0x65,0x74,0x28,0x63,0x30,0x29,0x3b,0x0a,0x20,0x20,0x20,0x20,0x66,0x6c,0x6f,0x61,
    0x74,0x34,0x20,0x5f,0x32,0x32,0x5f,0x67,0x72,0x61,0x64,0x65,0x5f,0x62,0x20,0x3a,
    0x20,0x70,0x61,0x63,0x6b,0x6f,0x66,0x66,0x73,0x65,0x74,0x28,0x63,0x31,0x29,0x3b,
    0x0a,0x7d,0x3b,0x0a,0x0a,0x54,0x65,0x78,0x74,0x75,0x72,0x65,0x32,0x44,0x3c,0x66,
    0x6c,0x6f,0x61,0x74,0x34,0x3e,0x20,0x67,0x72,0x61,0x64,0x65,0x5f,0x74,0x61,0x62,
    0x6c,0x65,0x73,0x20,0x3a,0x20,0x72,0x65,0x67,0x69,0x73,0x74,0x65,0x72,0x28,0x74,
    0x31,0x29,0x3b,0x0a,0x53,0x61,0x6d,0x70,0x6c,0x65,0x72,0x53,0x74,0x61,0x74,0x65,
    0x20,0x67,0x72,0x61,0x64,0x65,0x5f,0x73,0x6d,0x70,0x20,0x3a,0x20,0x72,0x65,0x67,
    0x69,0x73,0x74,0x65,0x72,0x28,0x73,0x31,0x29,0x3b,0x0a,0x54,0x65,0x78,0x74,0x75,
    0x72,0x65,0x32,0x44,0x3c,0x66,0x6c,0x6f,0x61,0x74,0x34,0x3e,0x20,0x70,0x69,0x63,
    0x74,0x75,0x72,0x65,0x20,0x3a,0x20,0x72,0x65,0x67,0x69,0x73,0x74,0x65,0x72,0x28,
    0x74,0x30,0x29,0x3b,0x0a,0x53,0x61,0x6d,0x70,0x6c,0x65,0x72,0x53,0x74,0x61,0x74,
    0x65,0x20,0x70,0x69,0x63,0x74,0x75,0x72,0x65,0x5f,0x73,0x6d,0x70,0x20,0x3a,0x20,
    0x72,0x65,0x67,0x69,0x73,0x74,0x65,0x72,0x28,0x73,0x30,0x29,0x3b,0x0a,0x0a,0x73,
    0x74,0x61,0x74,0x69,0x63,0x20,0x66,0x6c,0x6f,0x61,0x74,0x32,0x20,0x61,0x74,0x3b,
    0x0a,0x73,0x74,0x61,0x74,0x69,0x63,0x20,0x66,0x6c,0x6f,0x61,0x74,0x34,0x20,0x66,
    0x72,0x61,0x67,0x5f,0x63,0x6f,0x6c,0x6f,0x75,0x72,0x3b,0x0a,0x0a,0x73,0x74,0x72,
    0x75,0x63,0x74,0x20,0x53,0x50,0x49,0x52,0x56,0x5f,0x43,0x72,0x6f,0x73,0x73,0x5f,
    0x49,0x6e,0x70,0x75,0x74,0x0a,0x7b,0x0a,0x20,0x20,0x20,0x20,0x66,0x6c,0x6f,0x61,
    0x74,0x32,0x20,0x61,0x74,0x20,0x3a,0x20,0x54,0x45,0x58,0x43,0x4f,0x4f,0x52,0x44,
    0x30,0x3b,0x0a,0x7d,0x3b,0x0a,0x0a,0x73,0x74,0x72,0x75,0x63,0x74,0x20,0x53,0x50,
    0x49,0x52,0x56,0x5f,0x43,0x72,0x6f,0x73,0x73,0x5f,0x4f,0x75,0x74,0x70,0x75,0x74,
    0x0a,0x7b,0x0a,0x20,0x20,0x20,0x20,0x66,0x6c,0x6f,0x61,0x74,0x34,0x20,0x66,0x72,
    0x61,0x67,0x5f,0x63,0x6f,0x6c,0x6f,0x75,0x72,0x20,0x3a,0x20,0x53,0x56,0x5f,0x54,
    0x61,0x72,0x67,0x65,0x74,0x30,0x3b,0x0a,0x7d,0x3b,0x0a,0x0a,0x66,0x6c,0x6f,0x61,
    0x74,0x33,0x20,0x61,0x70,0x70,0x6c,0x79,0x5f,0x67,0x72,0x61,0x64,0x65,0x28,0x69,
    0x6e,0x6f,0x75,0x74,0x20,0x66,0x6c,0x6f,0x61,0x74,0x33,0x20,0x63,0x29,0x0a,0x7b,
    0x0a,0x20,0x20,0x20,0x20,0x63,0x20,0x3d,0x20,0x70,0x6f,0x77,0x28,0x63,0x6c,0x61,
    0x6d,0x70,0x28,0x63,0x2c,0x20,0x30,0x2e,0x30,0x66,0x2e,0x78,0x78,0x78,0x2c,0x20,
    0x31,0x2e,0x30,0x66,0x2e,0x78,0x78,0x78,0x29,0x2c,0x20,0x28,0x31,0x2e,0x30,0x66,
    0x20,0x2f,0x20,0x5f,0x32,0x32,0x5f,0x67,0x72,0x61,0x64,0x65,0x5f,0x61,0x2e,0x78,
    0x29,0x2e,0x78,0x78,0x78,0x29,0x3b,0x0a,0x20,0x20,0x20,0x20,0x63,0x20,0x3d,0x20,
    0x28,0x28,0x63,0x20,0x2d,0x20,0x30,0x2e,0x35,0x66,0x2e,0x78,0x78,0x78,0x29,0x20,
    0x2a,0x20,0x5f,0x32,0x32,0x5f,0x67,0x72,0x61,0x64,0x65,0x5f,0x61,0x2e,0x79,0x29,
    0x20,0x2b,0x20,0x30,0x2e,0x35,0x66,0x2e,0x78,0x78,0x78,0x3b,0x0a,0x20,0x20,0x20,
    0x20,0x66,0x6c,0x6f,0x61,0x74,0x33,0x20,0x5f,0x35,0x34,0x20,0x3d,0x20,0x64,0x6f,
    0x74,0x28,0x63,0x2c,0x20,0x66,0x6c,0x6f,0x61,0x74,0x33,0x28,0x30,0x2e,0x32,0x31,
    0x32,0x35,0x39,0x39,0x39,0x39,0x32,0x37,0x35,0x32,0x30,0x37,0x35,0x31,0x39,0x35,
    0x33,0x31,0x32,0x35,0x66,0x2c,0x20,0x30,0x2e,0x37,0x31,0x35,0x32,0x30,0x30,0x30,
    0x30,0x36,0x39,0x36,0x31,0x38,0x32,0x32,0x35,0x30,0x39,0x37,0x36,0x35,0x36,0x32,
    0x35,0x66,0x2c,0x20,0x30,0x2e,0x30,0x37,0x32,0x32,0x30,0x30,0x30,0x30,0x30,0x32,
    0x38,0x36,0x31,0x30,0x32,0x32,0x39,0x34,0x39,0x32,0x31,0x38,0x37,0x35,0x66,0x29,
    0x29,0x2e,0x78,0x78,0x78,0x3b,0x0a,0x20,0x20,0x20,0x20,0x66,0x6c,0x6f,0x61,0x74,
    0x33,0x20,0x5f,0x35,0x35,0x20,0x3d,0x20,0x63,0x20,0x2d,0x20,0x5f,0x35,0x34,0x3b,
    0x0a,0x20,0x20,0x20,0x20,0x63,0x20,0x3d,0x20,0x63,0x6c,0x61,0x6d,0x70,0x28,0x5f,
    0x35,0x34,0x20,0x2b,0x20,0x28,0x28,0x28,0x28,0x5f,0x35,0x35,0x20,0x2a,0x20,0x5f,
    0x32,0x32,0x5f,0x67,0x72,0x61,0x64,0x65,0x5f,0x62,0x2e,0x78,0x29,0x20,0x2b,0x20,
    0x28,0x63,0x72,0x6f,0x73,0x73,0x28,0x30,0x2e,0x35,0x37,0x37,0x33,0x35,0x30,0x32,
    0x35,0x38,0x38,0x32,0x37,0x32,0x30,0x39,0x34,0x37,0x32,0x36,0x35,0x36,0x32,0x35,
    0x66,0x2e,0x78,0x78,0x78,0x2c,0x20,0x5f,0x35,0x35,0x29,0x20,0x2a,0x20,0x5f,0x32,
    0x32,0x5f,0x67,0x72,0x61,0x64,0x65,0x5f,0x62,0x2e,0x79,0x29,0x29,0x20,0x2b,0x20,
    0x28,0x28,0x30,0x2e,0x35,0x37,0x37,0x33,0x35,0x30,0x32,0x35,0x38,0x38,0x32,0x37,
    0x32,0x30,0x39,0x34,0x37,0x32,0x36,0x35,0x36,0x32,0x35,0x66,0x2e,0x78,0x78,0x78,
    0x20,0x2a,0x20,0x64,0x6f,0x74,0x28,0x30,0x2e,0x35,0x37,0x37,0x33,0x35,0x30,0x32,
    0x35,0x38,0x38,0x32,0x37,0x32,0x30,0x39,0x34,0x37,0x32,0x36,0x35,0x36,0x32,0x35,
    0x66,0x2e,0x78,0x78,0x78,0x2c,0x20,0x5f,0x35,0x35,0x29,0x29,0x20,0x2a,0x20,0x28,
    0x31,0x2e,0x30,0x66,0x20,0x2d,0x20,0x5f,0x32,0x32,0x5f,0x67,0x72,0x61,0x64,0x65,
    0x5f,0x62,0x2e,0x78,0x29,0x29,0x29,0x20,0x2a,0x20,0x5f,0x32,0x32,0x5f,0x67,0x72,
    0x61,0x64,0x65,0x5f,0x61,0x2e,0x7a,0x29,0x2c,0x20,0x30,0x2e,0x30,0x66,0x2e,0x78,
    0x78,0x78,0x2c,0x20,0x31,0x2e,0x30,0x66,0x2e,0x78,0x78,0x78,0x29,0x3b,0x0a,0x20,
    0x20,0x20,0x20,0x69,0x66,0x20,0x28,0x5f,0x32,0x32,0x5f,0x67,0x72,0x61,0x64,0x65,
    0x5f,0x61,0x2e,0x77,0x20,0x3e,0x20,0x30,0x2e,0x35,0x66,0x29,0x0a,0x20,0x20,0x20,
    0x20,0x7b,0x0a,0x20,0x20,0x20,0x20,0x20,0x20,0x20,0x20,0x66,0x6c,0x6f,0x61,0x74,
    0x33,0x20,0x5f,0x31,0x30,0x37,0x20,0x3d,0x20,0x28,0x28,0x63,0x20,0x2a,0x20,0x32,
    0x35,0x35,0x2e,0x30,0x66,0x29,0x20,0x2b,0x20,0x30,0x2e,0x35,0x66,0x2e,0x78,0x78,
    0x78,0x29,0x20,0x2a,0x20,0x30,0x2e,0x30,0x30,0x33,0x39,0x30,0x36,0x32,0x35,0x66,
    0x2e,0x78,0x78,0x78,0x3b,0x0a,0x20,0x20,0x20,0x20,0x20,0x20,0x20,0x20,0x63,0x20,
    0x3d,0x20,0x66,0x6c,0x6f,0x61,0x74,0x33,0x28,0x67,0x72,0x61,0x64,0x65,0x5f,0x74,
    0x61,0x62,0x6c,0x65,0x73,0x2e,0x53,0x61,0x6d,0x70,0x6c,0x65,0x28,0x67,0x72,0x61,
    0x64,0x65,0x5f,0x73,0x6d,0x70,0x2c,0x20,0x66,0x6c,0x6f,0x61,0x74,0x32,0x28,0x5f,
    0x31,0x30,0x37,0x2e,0x78,0x2c,0x20,0x30,0x2e,0x35,0x66,0x29,0x29,0x2e,0x78,0x2c,
    0x20,0x67,0x72,0x61,0x64,0x65,0x5f,0x74,0x61,0x62,0x6c,0x65,0x73,0x2e,0x53,0x61,
    0x6d,0x70,0x6c,0x65,0x28,0x67,0x72,0x61,0x64,0x65,0x5f,0x73,0x6d,0x70,0x2c,0x20,
    0x66,0x6c,0x6f,0x61,0x74,0x32,0x28,0x5f,0x31,0x30,0x37,0x2e,0x79,0x2c,0x20,0x30,
    0x2e,0x35,0x66,0x29,0x29,0x2e,0x79,0x2c,0x20,0x67,0x72,0x61,0x64,0x65,0x5f,0x74,
    0x61,0x62,0x6c,0x65,0x73,0x2e,0x53,0x61,0x6d,0x70,0x6c,0x65,0x28,0x67,0x72,0x61,
    0x64,0x65,0x5f,0x73,0x6d,0x70,0x2c,0x20,0x66,0x6c,0x6f,0x61,0x74,0x32,0x28,0x5f,
    0x31,0x30,0x37,0x2e,0x7a,0x2c,0x20,0x30,0x2e,0x35,0x66,0x29,0x29,0x2e,0x7a,0x29,
    0x3b,0x0a,0x20,0x20,0x20,0x20,0x7d,0x0a,0x20,0x20,0x20,0x20,0x72,0x65,0x74,0x75,
    0x72,0x6e,0x20,0x63,0x3b,0x0a,0x7d,0x0a,0x0a,0x76,0x6f,0x69,0x64,0x20,0x66,0x72,
    0x61,0x67,0x5f,0x6d,0x61,0x69,0x6e,0x28,0x29,0x0a,0x7b,0x0a,0x20,0x20,0x20,0x20,
    0x66,0x6c,0x6f,0x61,0x74,0x34,0x20,0x5f,0x31,0x35,0x34,0x20,0x3d,0x20,0x70,0x69,
    0x63,0x74,0x75,0x72,0x65,0x2e,0x53,0x61,0x6d,0x70,0x6c,0x65,0x28,0x70,0x69,0x63,
    0x74,0x75,0x72,0x65,0x5f,0x73,0x6d,0x70,0x2c,0x20,0x61,0x74,0x29,0x3b,0x0a,0x20,
    0x20,0x20,0x20,0x66,0x6c,0x6f,0x61,0x74,0x20,0x5f,0x31,0x35,0x37,0x20,0x3d,0x20,
    0x5f,0x31,0x35,0x34,0x2e,0x77,0x3b,0x0a,0x20,0x20,0x20,0x20,0x66,0x6c,0x6f,0x61,
    0x74,0x33,0x20,0x5f,0x31,0x35,0x39,0x3b,0x0a,0x20,0x20,0x20,0x20,0x69,0x66,0x20,
    0x28,0x5f,0x31,0x35,0x37,0x20,0x3e,0x20,0x30,0x2e,0x30,0x66,0x29,0x0a,0x20,0x20,
    0x20,0x20,0x7b,0x0a,0x20,0x20,0x20,0x20,0x20,0x20,0x20,0x20,0x66,0x6c,0x6f,0x61,
    0x74,0x33,0x20,0x70,0x61,0x72,0x61,0x6d,0x20,0x3d,0x20,0x5f,0x31,0x35,0x34,0x2e,
    0x78,0x79,0x7a,0x20,0x2f,0x20,0x5f,0x31,0x35,0x37,0x2e,0x78,0x78,0x78,0x3b,0x0a,
    0x20,0x20,0x20,0x20,0x20,0x20,0x20,0x20,0x66,0x6c,0x6f,0x61,0x74,0x33,0x20,0x5f,
    0x31,0x36,0x39,0x20,0x3d,0x20,0x61,0x70,0x70,0x6c,0x79,0x5f,0x67,0x72,0x61,0x64,
    0x65,0x28,0x70,0x61,0x72,0x61,0x6d,0x29,0x3b,0x0a,0x20,0x20,0x20,0x20,0x20,0x20,
    0x20,0x20,0x5f,0x31,0x35,0x39,0x20,0x3d,0x20,0x5f,0x31,0x36,0x39,0x3b,0x0a,0x20,
    0x20,0x20,0x20,0x7d,0x0a,0x20,0x20,0x20,0x20,0x65,0x6c,0x73,0x65,0x0a,0x20,0x20,
    0x20,0x20,0x7b,0x0a,0x20,0x20,0x20,0x20,0x20,0x20,0x20,0x20,0x5f,0x31,0x35,0x39,
    0x20,0x3d,0x20,0x30,0x2e,0x30,0x66,0x2e,0x78,0x78,0x78,0x3b,0x0a,0x20,0x20,0x20,
    0x20,0x7d,0x0a,0x20,0x20,0x20,0x20,0x66,0x72,0x61,0x67,0x5f,0x63,0x6f,0x6c,0x6f,
    0x75,0x72,0x20,0x3d,0x20,0x66,0x6c,0x6f,0x61,0x74,0x34,0x28,0x5f,0x31,0x35,0x39,
    0x20,0x2a,0x20,0x5f,0x31,0x35,0x37,0x2c,0x20,0x5f,0x31,0x35,0x37,0x29,0x20,0x2a,
    0x20,0x5f,0x32,0x32,0x5f,0x67,0x72,0x61,0x64,0x65,0x5f,0x62,0x2e,0x7a,0x3b,0x0a,
    0x7d,0x0a,0x0a,0x53,0x50,0x49,0x52,0x56,0x5f,0x43,0x72,0x6f,0x73,0x73,0x5f,0x4f,
    0x75,0x74,0x70,0x75,0x74,0x20,0x6d,0x61,0x69,0x6e,0x28,0x53,0x50,0x49,0x52,0x56,
    0x5f,0x43,0x72,0x6f,0x73,0x73,0x5f,0x49,0x6e,0x70,0x75,0x74,0x20,0x73,0x74,0x61,
    0x67,0x65,0x5f,0x69,0x6e,0x70,0x75,0x74,0x29,0x0a,0x7b,0x0a,0x20,0x20,0x20,0x20,
    0x61,0x74,0x20,0x3d,0x20,0x73,0x74,0x61,0x67,0x65,0x5f,0x69,0x6e,0x70,0x75,0x74,
    0x2e,0x61,0x74,0x3b,0x0a,0x20,0x20,0x20,0x20,0x66,0x72,0x61,0x67,0x5f,0x6d,0x61,
    0x69,0x6e,0x28,0x29,0x3b,0x0a,0x20,0x20,0x20,0x20,0x53,0x50,0x49,0x52,0x56,0x5f,
    0x43,0x72,0x6f,0x73,0x73,0x5f,0x4f,0x75,0x74,0x70,0x75,0x74,0x20,0x73,0x74,0x61,
    0x67,0x65,0x5f,0x6f,0x75,0x74,0x70,0x75,0x74,0x3b,0x0a,0x20,0x20,0x20,0x20,0x73,
    0x74,0x61,0x67,0x65,0x5f,0x6f,0x75,0x74,0x70,0x75,0x74,0x2e,0x66,0x72,0x61,0x67,
    0x5f,0x63,0x6f,0x6c,0x6f,0x75,0x72,0x20,0x3d,0x20,0x66,0x72,0x61,0x67,0x5f,0x63,
    0x6f,0x6c,0x6f,0x75,0x72,0x3b,0x0a,0x20,0x20,0x20,0x20,0x72,0x65,0x74,0x75,0x72,
    0x6e,0x20,0x73,0x74,0x61,0x67,0x65,0x5f,0x6f,0x75,0x74,0x70,0x75,0x74,0x3b,0x0a,
    0x7d,0x0a,0x00,
};
#endif
/*
    cbuffer grade : register(b1)
    {
        float4 _22_grade_a : packoffset(c0);
        float4 _22_grade_b : packoffset(c1);
    };

    Texture2D<float4> grade_tables : register(t1);
    SamplerState grade_smp : register(s1);
    Texture2D<float4> picture : register(t0);
    SamplerState picture_smp : register(s0);

    static float2 at;
    static float4 frag_colour;

    struct SPIRV_Cross_Input
    {
        float2 at : TEXCOORD0;
    };

    struct SPIRV_Cross_Output
    {
        float4 frag_colour : SV_Target0;
    };

    float3 apply_grade(inout float3 c)
    {
        c = pow(clamp(c, 0.0f.xxx, 1.0f.xxx), (1.0f / _22_grade_a.x).xxx);
        c = ((c - 0.5f.xxx) * _22_grade_a.y) + 0.5f.xxx;
        float3 _54 = dot(c, float3(0.2125999927520751953125f, 0.715200006961822509765625f, 0.072200000286102294921875f)).xxx;
        float3 _55 = c - _54;
        c = clamp(_54 + ((((_55 * _22_grade_b.x) + (cross(0.57735025882720947265625f.xxx, _55) * _22_grade_b.y)) + ((0.57735025882720947265625f.xxx * dot(0.57735025882720947265625f.xxx, _55)) * (1.0f - _22_grade_b.x))) * _22_grade_a.z), 0.0f.xxx, 1.0f.xxx);
        if (_22_grade_a.w > 0.5f)
        {
            float3 _107 = ((c * 255.0f) + 0.5f.xxx) * 0.00390625f.xxx;
            c = float3(grade_tables.Sample(grade_smp, float2(_107.x, 0.5f)).x, grade_tables.Sample(grade_smp, float2(_107.y, 0.5f)).y, grade_tables.Sample(grade_smp, float2(_107.z, 0.5f)).z);
        }
        return c;
    }

    void frag_main()
    {
        float4 _154 = picture.Sample(picture_smp, at);
        float _159;
        if (_22_grade_b.w > 0.5f)
        {
            _159 = 1.0f;
        }
        else
        {
            _159 = _154.w;
        }
        float3 param = _154.xyz;
        float3 _171 = apply_grade(param);
        frag_colour = float4(_171 * _159, _159) * _22_grade_b.z;
    }

    SPIRV_Cross_Output main(SPIRV_Cross_Input stage_input)
    {
        at = stage_input.at;
        frag_main();
        SPIRV_Cross_Output stage_output;
        stage_output.frag_colour = frag_colour;
        return stage_output;
    }
*/
#if defined(SOKOL_D3D11)
static const uint8_t video_movie_fs_source_hlsl5[1869] = {
    0x63,0x62,0x75,0x66,0x66,0x65,0x72,0x20,0x67,0x72,0x61,0x64,0x65,0x20,0x3a,0x20,
    0x72,0x65,0x67,0x69,0x73,0x74,0x65,0x72,0x28,0x62,0x31,0x29,0x0a,0x7b,0x0a,0x20,
    0x20,0x20,0x20,0x66,0x6c,0x6f,0x61,0x74,0x34,0x20,0x5f,0x32,0x32,0x5f,0x67,0x72,
    0x61,0x64,0x65,0x5f,0x61,0x20,0x3a,0x20,0x70,0x61,0x63,0x6b,0x6f,0x66,0x66,0x73,
    0x65,0x74,0x28,0x63,0x30,0x29,0x3b,0x0a,0x20,0x20,0x20,0x20,0x66,0x6c,0x6f,0x61,
    0x74,0x34,0x20,0x5f,0x32,0x32,0x5f,0x67,0x72,0x61,0x64,0x65,0x5f,0x62,0x20,0x3a,
    0x20,0x70,0x61,0x63,0x6b,0x6f,0x66,0x66,0x73,0x65,0x74,0x28,0x63,0x31,0x29,0x3b,
    0x0a,0x7d,0x3b,0x0a,0x0a,0x54,0x65,0x78,0x74,0x75,0x72,0x65,0x32,0x44,0x3c,0x66,
    0x6c,0x6f,0x61,0x74,0x34,0x3e,0x20,0x67,0x72,0x61,0x64,0x65,0x5f,0x74,0x61,0x62,
    0x6c,0x65,0x73,0x20,0x3a,0x20,0x72,0x65,0x67,0x69,0x73,0x74,0x65,0x72,0x28,0x74,
    0x31,0x29,0x3b,0x0a,0x53,0x61,0x6d,0x70,0x6c,0x65,0x72,0x53,0x74,0x61,0x74,0x65,
    0x20,0x67,0x72,0x61,0x64,0x65,0x5f,0x73,0x6d,0x70,0x20,0x3a,0x20,0x72,0x65,0x67,
    0x69,0x73,0x74,0x65,0x72,0x28,0x73,0x31,0x29,0x3b,0x0a,0x54,0x65,0x78,0x74,0x75,
    0x72,0x65,0x32,0x44,0x3c,0x66,0x6c,0x6f,0x61,0x74,0x34,0x3e,0x20,0x70,0x69,0x63,
    0x74,0x75,0x72,0x65,0x20,0x3a,0x20,0x72,0x65,0x67,0x69,0x73,0x74,0x65,0x72,0x28,
    0x74,0x30,0x29,0x3b,0x0a,0x53,0x61,0x6d,0x70,0x6c,0x65,0x72,0x53,0x74,0x61,0x74,
    0x65,0x20,0x70,0x69,0x63,0x74,0x75,0x72,0x65,0x5f,0x73,0x6d,0x70,0x20,0x3a,0x20,
    0x72,0x65,0x67,0x69,0x73,0x74,0x65,0x72,0x28,0x73,0x30,0x29,0x3b,0x0a,0x0a,0x73,
    0x74,0x61,0x74,0x69,0x63,0x20,0x66,0x6c,0x6f,0x61,0x74,0x32,0x20,0x61,0x74,0x3b,
    0x0a,0x73,0x74,0x61,0x74,0x69,0x63,0x20,0x66,0x6c,0x6f,0x61,0x74,0x34,0x20,0x66,
    0x72,0x61,0x67,0x5f,0x63,0x6f,0x6c,0x6f,0x75,0x72,0x3b,0x0a,0x0a,0x73,0x74,0x72,
    0x75,0x63,0x74,0x20,0x53,0x50,0x49,0x52,0x56,0x5f,0x43,0x72,0x6f,0x73,0x73,0x5f,
    0x49,0x6e,0x70,0x75,0x74,0x0a,0x7b,0x0a,0x20,0x20,0x20,0x20,0x66,0x6c,0x6f,0x61,
    0x74,0x32,0x20,0x61,0x74,0x20,0x3a,0x20,0x54,0x45,0x58,0x43,0x4f,0x4f,0x52,0x44,
    0x30,0x3b,0x0a,0x7d,0x3b,0x0a,0x0a,0x73,0x74,0x72,0x75,0x63,0x74,0x20,0x53,0x50,
    0x49,0x52,0x56,0x5f,0x43,0x72,0x6f,0x73,0x73,0x5f,0x4f,0x75,0x74,0x70,0x75,0x74,
    0x0a,0x7b,0x0a,0x20,0x20,0x20,0x20,0x66,0x6c,0x6f,0x61,0x74,0x34,0x20,0x66,0x72,
    0x61,0x67,0x5f,0x63,0x6f,0x6c,0x6f,0x75,0x72,0x20,0x3a,0x20,0x53,0x56,0x5f,0x54,
    0x61,0x72,0x67,0x65,0x74,0x30,0x3b,0x0a,0x7d,0x3b,0x0a,0x0a,0x66,0x6c,0x6f,0x61,
    0x74,0x33,0x20,0x61,0x70,0x70,0x6c,0x79,0x5f,0x67,0x72,0x61,0x64,0x65,0x28,0x69,
    0x6e,0x6f,0x75,0x74,0x20,0x66,0x6c,0x6f,0x61,0x74,0x33,0x20,0x63,0x29,0x0a,0x7b,
    0x0a,0x20,0x20,0x20,0x20,0x63,0x20,0x3d,0x20,0x70,0x6f,0x77,0x28,0x63,0x6c,0x61,
    0x6d,0x70,0x28,0x63,0x2c,0x20,0x30,0x2e,0x30,0x66,0x2e,0x78,0x78,0x78,0x2c,0x20,
    0x31,0x2e,0x30,0x66,0x2e,0x78,0x78,0x78,0x29,0x2c,0x20,0x28,0x31,0x2e,0x30,0x66,
    0x20,0x2f,0x20,0x5f,0x32,0x32,0x5f,0x67,0x72,0x61,0x64,0x65,0x5f,0x61,0x2e,0x78,
    0x29,0x2e,0x78,0x78,0x78,0x29,0x3b,0x0a,0x20,0x20,0x20,0x20,0x63,0x20,0x3d,0x20,
    0x28,0x28,0x63,0x20,0x2d,0x20,0x30,0x2e,0x35,0x66,0x2e,0x78,0x78,0x78,0x29,0x20,
    0x2a,0x20,0x5f,0x32,0x32,0x5f,0x67,0x72,0x61,0x64,0x65,0x5f,0x61,0x2e,0x79,0x29,
    0x20,0x2b,0x20,0x30,0x2e,0x35,0x66,0x2e,0x78,0x78,0x78,0x3b,0x0a,0x20,0x20,0x20,
    0x20,0x66,0x6c,0x6f,0x61,0x74,0x33,0x20,0x5f,0x35,0x34,0x20,0x3d,0x20,0x64,0x6f,
    0x74,0x28,0x63,0x2c,0x20,0x66,0x6c,0x6f,0x61,0x74,0x33,0x28,0x30,0x2e,0x32,0x31,
    0x32,0x35,0x39,0x39,0x39,0x39,0x32,0x37,0x35,0x32,0x30,0x37,0x35,0x31,0x39,0x35,
    0x33,0x31,0x32,0x35,0x66,0x2c,0x20,0x30,0x2e,0x37,0x31,0x35,0x32,0x30,0x30,0x30,
    0x30,0x36,0x39,0x36,0x31,0x38,0x32,0x32,0x35,0x30,0x39,0x37,0x36,0x35,0x36,0x32,
    0x35,0x66,0x2c,0x20,0x30,0x2e,0x30,0x37,0x32,0x32,0x30,0x30,0x30,0x30,0x30,0x32,
    0x38,0x36,0x31,0x30,0x32,0x32,0x39,0x34,0x39,0x32,0x31,0x38,0x37,0x35,0x66,0x29,
    0x29,0x2e,0x78,0x78,0x78,0x3b,0x0a,0x20,0x20,0x20,0x20,0x66,0x6c,0x6f,0x61,0x74,
    0x33,0x20,0x5f,0x35,0x35,0x20,0x3d,0x20,0x63,0x20,0x2d,0x20,0x5f,0x35,0x34,0x3b,
    0x0a,0x20,0x20,0x20,0x20,0x63,0x20,0x3d,0x20,0x63,0x6c,0x61,0x6d,0x70,0x28,0x5f,
    0x35,0x34,0x20,0x2b,0x20,0x28,0x28,0x28,0x28,0x5f,0x35,0x35,0x20,0x2a,0x20,0x5f,
    0x32,0x32,0x5f,0x67,0x72,0x61,0x64,0x65,0x5f,0x62,0x2e,0x78,0x29,0x20,0x2b,0x20,
    0x28,0x63,0x72,0x6f,0x73,0x73,0x28,0x30,0x2e,0x35,0x37,0x37,0x33,0x35,0x30,0x32,
    0x35,0x38,0x38,0x32,0x37,0x32,0x30,0x39,0x34,0x37,0x32,0x36,0x35,0x36,0x32,0x35,
    0x66,0x2e,0x78,0x78,0x78,0x2c,0x20,0x5f,0x35,0x35,0x29,0x20,0x2a,0x20,0x5f,0x32,
    0x32,0x5f,0x67,0x72,0x61,0x64,0x65,0x5f,0x62,0x2e,0x79,0x29,0x29,0x20,0x2b,0x20,
    0x28,0x28,0x30,0x2e,0x35,0x37,0x37,0x33,0x35,0x30,0x32,0x35,0x38,0x38,0x32,0x37,
    0x32,0x30,0x39,0x34,0x37,0x32,0x36,0x35,0x36,0x32,0x35,0x66,0x2e,0x78,0x78,0x78,
    0x20,0x2a,0x20,0x64,0x6f,0x74,0x28,0x30,0x2e,0x35,0x37,0x37,0x33,0x35,0x30,0x32,
    0x35,0x38,0x38,0x32,0x37,0x32,0x30,0x39,0x34,0x37,0x32,0x36,0x35,0x36,0x32,0x35,
    0x66,0x2e,0x78,0x78,0x78,0x2c,0x20,0x5f,0x35,0x35,0x29,0x29,0x20,0x2a,0x20,0x28,
    0x31,0x2e,0x30,0x66,0x20,0x2d,0x20,0x5f,0x32,0x32,0x5f,0x67,0x72,0x61,0x64,0x65,
    0x5f,0x62,0x2e,0x78,0x29,0x29,0x29,0x20,0x2a,0x20,0x5f,0x32,0x32,0x5f,0x67,0x72,
    0x61,0x64,0x65,0x5f,0x61,0x2e,0x7a,0x29,0x2c,0x20,0x30,0x2e,0x30,0x66,0x2e,0x78,
    0x78,0x78,0x2c,0x20,0x31,0x2e,0x30,0x66,0x2e,0x78,0x78,0x78,0x29,0x3b,0x0a,0x20,
    0x20,0x20,0x20,0x69,0x66,0x20,0x28,0x5f,0x32,0x32,0x5f,0x67,0x72,0x61,0x64,0x65,
    0x5f,0x61,0x2e,0x77,0x20,0x3e,0x20,0x30,0x2e,0x35,0x66,0x29,0x0a,0x20,0x20,0x20,
    0x20,0x7b,0x0a,0x20,0x20,0x20,0x20,0x20,0x20,0x20,0x20,0x66,0x6c,0x6f,0x61,0x74,
    0x33,0x20,0x5f,0x31,0x30,0x37,0x20,0x3d,0x20,0x28,0x28,0x63,0x20,0x2a,0x20,0x32,
    0x35,0x35,0x2e,0x30,0x66,0x29,0x20,0x2b,0x20,0x30,0x2e,0x35,0x66,0x2e,0x78,0x78,
    0x78,0x29,0x20,0x2a,0x20,0x30,0x2e,0x30,0x30,0x33,0x39,0x30,0x36,0x32,0x35,0x66,
    0x2e,0x78,0x78,0x78,0x3b,0x0a,0x20,0x20,0x20,0x20,0x20,0x20,0x20,0x20,0x63,0x20,
    0x3d,0x20,0x66,0x6c,0x6f,0x61,0x74,0x33,0x28,0x67,0x72,0x61,0x64,0x65,0x5f,0x74,
    0x61,0x62,0x6c,0x65,0x73,0x2e,0x53,0x61,0x6d,0x70,0x6c,0x65,0x28,0x67,0x72,0x61,
    0x64,0x65,0x5f,0x73,0x6d,0x70,0x2c,0x20,0x66,0x6c,0x6f,0x61,0x74,0x32,0x28,0x5f,
    0x31,0x30,0x37,0x2e,0x78,0x2c,0x20,0x30,0x2e,0x35,0x66,0x29,0x29,0x2e,0x78,0x2c,
    0x20,0x67,0x72,0x61,0x64,0x65,0x5f,0x74,0x61,0x62,0x6c,0x65,0x73,0x2e,0x53,0x61,
    0x6d,0x70,0x6c,0x65,0x28,0x67,0x72,0x61,0x64,0x65,0x5f,0x73,0x6d,0x70,0x2c,0x20,
    0x66,0x6c,0x6f,0x61,0x74,0x32,0x28,0x5f,0x31,0x30,0x37,0x2e,0x79,0x2c,0x20,0x30,
    0x2e,0x35,0x66,0x29,0x29,0x2e,0x79,0x2c,0x20,0x67,0x72,0x61,0x64,0x65,0x5f,0x74,
    0x61,0x62,0x6c,0x65,0x73,0x2e,0x53,0x61,0x6d,0x70,0x6c,0x65,0x28,0x67,0x72,0x61,
    0x64,0x65,0x5f,0x73,0x6d,0x70,0x2c,0x20,0x66,0x6c,0x6f,0x61,0x74,0x32,0x28,0x5f,
    0x31,0x30,0x37,0x2e,0x7a,0x2c,0x20,0x30,0x2e,0x35,0x66,0x29,0x29,0x2e,0x7a,0x29,
    0x3b,0x0a,0x20,0x20,0x20,0x20,0x7d,0x0a,0x20,0x20,0x20,0x20,0x72,0x65,0x74,0x75,
    0x72,0x6e,0x20,0x63,0x3b,0x0a,0x7d,0x0a,0x0a,0x76,0x6f,0x69,0x64,0x20,0x66,0x72,
    0x61,0x67,0x5f,0x6d,0x61,0x69,0x6e,0x28,0x29,0x0a,0x7b,0x0a,0x20,0x20,0x20,0x20,
    0x66,0x6c,0x6f,0x61,0x74,0x34,0x20,0x5f,0x31,0x35,0x34,0x20,0x3d,0x20,0x70,0x69,
    0x63,0x74,0x75,0x72,0x65,0x2e,0x53,0x61,0x6d,0x70,0x6c,0x65,0x28,0x70,0x69,0x63,
    0x74,0x75,0x72,0x65,0x5f,0x73,0x6d,0x70,0x2c,0x20,0x61,0x74,0x29,0x3b,0x0a,0x20,
    0x20,0x20,0x20,0x66,0x6c,0x6f,0x61,0x74,0x20,0x5f,0x31,0x35,0x39,0x3b,0x0a,0x20,
    0x20,0x20,0x20,0x69,0x66,0x20,0x28,0x5f,0x32,0x32,0x5f,0x67,0x72,0x61,0x64,0x65,
    0x5f,0x62,0x2e,0x77,0x20,0x3e,0x20,0x30,0x2e,0x35,0x66,0x29,0x0a,0x20,0x20,0x20,
    0x20,0x7b,0x0a,0x20,0x20,0x20,0x20,0x20,0x20,0x20,0x20,0x5f,0x31,0x35,0x39,0x20,
    0x3d,0x20,0x31,0x2e,0x30,0x66,0x3b,0x0a,0x20,0x20,0x20,0x20,0x7d,0x0a,0x20,0x20,
    0x20,0x20,0x65,0x6c,0x73,0x65,0x0a,0x20,0x20,0x20,0x20,0x7b,0x0a,0x20,0x20,0x20,
    0x20,0x20,0x20,0x20,0x20,0x5f,0x31,0x35,0x39,0x20,0x3d,0x20,0x5f,0x31,0x35,0x34,
    0x2e,0x77,0x3b,0x0a,0x20,0x20,0x20,0x20,0x7d,0x0a,0x20,0x20,0x20,0x20,0x66,0x6c,
    0x6f,0x61,0x74,0x33,0x20,0x70,0x61,0x72,0x61,0x6d,0x20,0x3d,0x20,0x5f,0x31,0x35,
    0x34,0x2e,0x78,0x79,0x7a,0x3b,0x0a,0x20,0x20,0x20,0x20,0x66,0x6c,0x6f,0x61,0x74,
    0x33,0x20,0x5f,0x31,0x37,0x31,0x20,0x3d,0x20,0x61,0x70,0x70,0x6c,0x79,0x5f,0x67,
    0x72,0x61,0x64,0x65,0x28,0x70,0x61,0x72,0x61,0x6d,0x29,0x3b,0x0a,0x20,0x20,0x20,
    0x20,0x66,0x72,0x61,0x67,0x5f,0x63,0x6f,0x6c,0x6f,0x75,0x72,0x20,0x3d,0x20,0x66,
    0x6c,0x6f,0x61,0x74,0x34,0x28,0x5f,0x31,0x37,0x31,0x20,0x2a,0x20,0x5f,0x31,0x35,
    0x39,0x2c,0x20,0x5f,0x31,0x35,0x39,0x29,0x20,0x2a,0x20,0x5f,0x32,0x32,0x5f,0x67,
    0x72,0x61,0x64,0x65,0x5f,0x62,0x2e,0x7a,0x3b,0x0a,0x7d,0x0a,0x0a,0x53,0x50,0x49,
    0x52,0x56,0x5f,0x43,0x72,0x6f,0x73,0x73,0x5f,0x4f,0x75,0x74,0x70,0x75,0x74,0x20,
    0x6d,0x61,0x69,0x6e,0x28,0x53,0x50,0x49,0x52,0x56,0x5f,0x43,0x72,0x6f,0x73,0x73,
    0x5f,0x49,0x6e,0x70,0x75,0x74,0x20,0x73,0x74,0x61,0x67,0x65,0x5f,0x69,0x6e,0x70,
    0x75,0x74,0x29,0x0a,0x7b,0x0a,0x20,0x20,0x20,0x20,0x61,0x74,0x20,0x3d,0x20,0x73,
    0x74,0x61,0x67,0x65,0x5f,0x69,0x6e,0x70,0x75,0x74,0x2e,0x61,0x74,0x3b,0x0a,0x20,
    0x20,0x20,0x20,0x66,0x72,0x61,0x67,0x5f,0x6d,0x61,0x69,0x6e,0x28,0x29,0x3b,0x0a,
    0x20,0x20,0x20,0x20,0x53,0x50,0x49,0x52,0x56,0x5f,0x43,0x72,0x6f,0x73,0x73,0x5f,
    0x4f,0x75,0x74,0x70,0x75,0x74,0x20,0x73,0x74,0x61,0x67,0x65,0x5f,0x6f,0x75,0x74,
    0x70,0x75,0x74,0x3b,0x0a,0x20,0x20,0x20,0x20,0x73,0x74,0x61,0x67,0x65,0x5f,0x6f,
    0x75,0x74,0x70,0x75,0x74,0x2e,0x66,0x72,0x61,0x67,0x5f,0x63,0x6f,0x6c,0x6f,0x75,
    0x72,0x20,0x3d,0x20,0x66,0x72,0x61,0x67,0x5f,0x63,0x6f,0x6c,0x6f,0x75,0x72,0x3b,
    0x0a,0x20,0x20,0x20,0x20,0x72,0x65,0x74,0x75,0x72,0x6e,0x20,0x73,0x74,0x61,0x67,
    0x65,0x5f,0x6f,0x75,0x74,0x70,0x75,0x74,0x3b,0x0a,0x7d,0x0a,0x00,
};
#endif
/*
    cbuffer grade : register(b1)
    {
        float4 _22_grade_a : packoffset(c0);
        float4 _22_grade_b : packoffset(c1);
    };

    Texture2D<float4> grade_tables : register(t1);
    SamplerState grade_smp : register(s1);
    Texture2D<float4> picture : register(t0);
    SamplerState picture_smp : register(s0);

    static float2 at;
    static float4 frag_colour;

    struct SPIRV_Cross_Input
    {
        float2 at : TEXCOORD0;
    };

    struct SPIRV_Cross_Output
    {
        float4 frag_colour : SV_Target0;
    };

    float3 apply_grade(inout float3 c)
    {
        c = pow(clamp(c, 0.0f.xxx, 1.0f.xxx), (1.0f / _22_grade_a.x).xxx);
        c = ((c - 0.5f.xxx) * _22_grade_a.y) + 0.5f.xxx;
        float3 _54 = dot(c, float3(0.2125999927520751953125f, 0.715200006961822509765625f, 0.072200000286102294921875f)).xxx;
        float3 _55 = c - _54;
        c = clamp(_54 + ((((_55 * _22_grade_b.x) + (cross(0.57735025882720947265625f.xxx, _55) * _22_grade_b.y)) + ((0.57735025882720947265625f.xxx * dot(0.57735025882720947265625f.xxx, _55)) * (1.0f - _22_grade_b.x))) * _22_grade_a.z), 0.0f.xxx, 1.0f.xxx);
        if (_22_grade_a.w > 0.5f)
        {
            float3 _107 = ((c * 255.0f) + 0.5f.xxx) * 0.00390625f.xxx;
            c = float3(grade_tables.Sample(grade_smp, float2(_107.x, 0.5f)).x, grade_tables.Sample(grade_smp, float2(_107.y, 0.5f)).y, grade_tables.Sample(grade_smp, float2(_107.z, 0.5f)).z);
        }
        return c;
    }

    void frag_main()
    {
        float4 _154 = picture.Sample(picture_smp, at);
        float _160 = (_154.z * 31.875f) + 1.0f;
        float _167 = (_154.x - 0.501960813999176025390625f) / _160;
        float _173 = (_154.y - 0.501960813999176025390625f) / _160;
        float _176 = _154.w;
        float3 param = clamp(float3((_176 + _167) - _173, _176 + _173, (_176 - _167) - _173), 0.0f.xxx, 1.0f.xxx);
        float3 _199 = apply_grade(param);
        frag_colour = float4(_199, 1.0f) * _22_grade_b.z;
    }

    SPIRV_Cross_Output main(SPIRV_Cross_Input stage_input)
    {
        at = stage_input.at;
        frag_main();
        SPIRV_Cross_Output stage_output;
        stage_output.frag_colour = frag_colour;
        return stage_output;
    }
*/
#if defined(SOKOL_D3D11)
static const uint8_t video_movie_q_fs_source_hlsl5[2018] = {
    0x63,0x62,0x75,0x66,0x66,0x65,0x72,0x20,0x67,0x72,0x61,0x64,0x65,0x20,0x3a,0x20,
    0x72,0x65,0x67,0x69,0x73,0x74,0x65,0x72,0x28,0x62,0x31,0x29,0x0a,0x7b,0x0a,0x20,
    0x20,0x20,0x20,0x66,0x6c,0x6f,0x61,0x74,0x34,0x20,0x5f,0x32,0x32,0x5f,0x67,0x72,
    0x61,0x64,0x65,0x5f,0x61,0x20,0x3a,0x20,0x70,0x61,0x63,0x6b,0x6f,0x66,0x66,0x73,
    0x65,0x74,0x28,0x63,0x30,0x29,0x3b,0x0a,0x20,0x20,0x20,0x20,0x66,0x6c,0x6f,0x61,
    0x74,0x34,0x20,0x5f,0x32,0x32,0x5f,0x67,0x72,0x61,0x64,0x65,0x5f,0x62,0x20,0x3a,
    0x20,0x70,0x61,0x63,0x6b,0x6f,0x66,0x66,0x73,0x65,0x74,0x28,0x63,0x31,0x29,0x3b,
    0x0a,0x7d,0x3b,0x0a,0x0a,0x54,0x65,0x78,0x74,0x75,0x72,0x65,0x32,0x44,0x3c,0x66,
    0x6c,0x6f,0x61,0x74,0x34,0x3e,0x20,0x67,0x72,0x61,0x64,0x65,0x5f,0x74,0x61,0x62,
    0x6c,0x65,0x73,0x20,0x3a,0x20,0x72,0x65,0x67,0x69,0x73,0x74,0x65,0x72,0x28,0x74,
    0x31,0x29,0x3b,0x0a,0x53,0x61,0x6d,0x70,0x6c,0x65,0x72,0x53,0x74,0x61,0x74,0x65,
    0x20,0x67,0x72,0x61,0x64,0x65,0x5f,0x73,0x6d,0x70,0x20,0x3a,0x20,0x72,0x65,0x67,
    0x69,0x73,0x74,0x65,0x72,0x28,0x73,0x31,0x29,0x3b,0x0a,0x54,0x65,0x78,0x74,0x75,
    0x72,0x65,0x32,0x44,0x3c,0x66,0x6c,0x6f,0x61,0x74,0x34,0x3e,0x20,0x70,0x69,0x63,
    0x74,0x75,0x72,0x65,0x20,0x3a,0x20,0x72,0x65,0x67,0x69,0x73,0x74,0x65,0x72,0x28,
    0x74,0x30,0x29,0x3b,0x0a,0x53,0x61,0x6d,0x70,0x6c,0x65,0x72,0x53,0x74,0x61,0x74,
    0x65,0x20,0x70,0x69,0x63,0x74,0x75,0x72,0x65,0x5f,0x73,0x6d,0x70,0x20,0x3a,0x20,
    0x72,0x65,0x67,0x69,0x73,0x74,0x65,0x72,0x28,0x73,0x30,0x29,0x3b,0x0a,0x0a,0x73,
    0x74,0x61,0x74,0x69,0x63,0x20,0x66,0x6c,0x6f,0x61,0x74,0x32,0x20,0x61,0x74,0x3b,
    0x0a,0x73,0x74,0x61,0x74,0x69,0x63,0x20,0x66,0x6c,0x6f,0x61,0x74,0x34,0x20,0x66,
    0x72,0x61,0x67,0x5f,0x63,0x6f,0x6c,0x6f,0x75,0x72,0x3b,0x0a,0x0a,0x73,0x74,0x72,
    0x75,0x63,0x74,0x20,0x53,0x50,0x49,0x52,0x56,0x5f,0x43,0x72,0x6f,0x73,0x73,0x5f,
    0x49,0x6e,0x70,0x75,0x74,0x0a,0x7b,0x0a,0x20,0x20,0x20,0x20,0x66,0x6c,0x6f,0x61,
    0x74,0x32,0x20,0x61,0x74,0x20,0x3a,0x20,0x54,0x45,0x58,0x43,0x4f,0x4f,0x52,0x44,
    0x30,0x3b,0x0a,0x7d,0x3b,0x0a,0x0a,0x73,0x74,0x72,0x75,0x63,0x74,0x20,0x53,0x50,
    0x49,0x52,0x56,0x5f,0x43,0x72,0x6f,0x73,0x73,0x5f,0x4f,0x75,0x74,0x70,0x75,0x74,
    0x0a,0x7b,0x0a,0x20,0x20,0x20,0x20,0x66,0x6c,0x6f,0x61,0x74,0x34,0x20,0x66,0x72,
    0x61,0x67,0x5f,0x63,0x6f,0x6c,0x6f,0x75,0x72,0x20,0x3a,0x20,0x53,0x56,0x5f,0x54,
    0x61,0x72,0x67,0x65,0x74,0x30,0x3b,0x0a,0x7d,0x3b,0x0a,0x0a,0x66,0x6c,0x6f,0x61,
    0x74,0x33,0x20,0x61,0x70,0x70,0x6c,0x79,0x5f,0x67,0x72,0x61,0x64,0x65,0x28,0x69,
    0x6e,0x6f,0x75,0x74,0x20,0x66,0x6c,0x6f,0x61,0x74,0x33,0x20,0x63,0x29,0x0a,0x7b,
    0x0a,0x20,0x20,0x20,0x20,0x63,0x20,0x3d,0x20,0x70,0x6f,0x77,0x28,0x63,0x6c,0x61,
    0x6d,0x70,0x28,0x63,0x2c,0x20,0x30,0x2e,0x30,0x66,0x2e,0x78,0x78,0x78,0x2c,0x20,
    0x31,0x2e,0x30,0x66,0x2e,0x78,0x78,0x78,0x29,0x2c,0x20,0x28,0x31,0x2e,0x30,0x66,
    0x20,0x2f,0x20,0x5f,0x32,0x32,0x5f,0x67,0x72,0x61,0x64,0x65,0x5f,0x61,0x2e,0x78,
    0x29,0x2e,0x78,0x78,0x78,0x29,0x3b,0x0a,0x20,0x20,0x20,0x20,0x63,0x20,0x3d,0x20,
    0x28,0x28,0x63,0x20,0x2d,0x20,0x30,0x2e,0x35,0x66,0x2e,0x78,0x78,0x78,0x29,0x20,
    0x2a,0x20,0x5f,0x32,0x32,0x5f,0x67,0x72,0x61,0x64,0x65,0x5f,0x61,0x2e,0x79,0x29,
    0x20,0x2b,0x20,0x30,0x2e,0x35,0x66,0x2e,0x78,0x78,0x78,0x3b,0x0a,0x20,0x20,0x20,
    0x20,0x66,0x6c,0x6f,0x61,0x74,0x33,0x20,0x5f,0x35,0x34,0x20,0x3d,0x20,0x64,0x6f,
    0x74,0x28,0x63,0x2c,0x20,0x66,0x6c,0x6f,0x61,0x74,0x33,0x28,0x30,0x2e,0x32,0x31,
    0x32,0x35,0x39,0x39,0x39,0x39,0x32,0x37,0x35,0x32,0x30,0x37,0x35,0x31,0x39,0x35,
    0x33,0x31,0x32,0x35,0x66,0x2c,0x20,0x30,0x2e,0x37,0x31,0x35,0x32,0x30,0x30,0x30,
    0x30,0x36,0x39,0x36,0x31,0x38,0x32,0x32,0x35,0x30,0x39,0x37,0x36,0x35,0x36,0x32,
    0x35,0x66,0x2c,0x20,0x30,0x2e,0x30,0x37,0x32,0x32,0x30,0x30,0x30,0x30,0x30,0x32,
    0x38,0x36,0x31,0x30,0x32,0x32,0x39,0x34,0x39,0x32,0x31,0x38,0x37,0x35,0x66,0x29,
    0x29,0x2e,0x78,0x78,0x78,0x3b,0x0a,0x20,0x20,0x20,0x20,0x66,0x6c,0x6f,0x61,0x74,
    0x33,0x20,0x5f,0x35,0x35,0x20,0x3d,0x20,0x63,0x20,0x2d,0x20,0x5f,0x35,0x34,0x3b,
    0x0a,0x20,0x20,0x20,0x20,0x63,0x20,0x3d,0x20,0x63,0x6c,0x61,0x6d,0x70,0x28,0x5f,
    0x35,0x34,0x20,0x2b,0x20,0x28,0x28,0x28,0x28,0x5f,0x35,0x35,0x20,0x2a,0x20,0x5f,
    0x32,0x32,0x5f,0x67,0x72,0x61,0x64,0x65,0x5f,0x62,0x2e,0x78,0x29,0x20,0x2b,0x20,
    0x28,0x63,0x72,0x6f,0x73,0x73,0x28,0x30,0x2e,0x35,0x37,0x37,0x33,0x35,0x30,0x32,
    0x35,0x38,0x38,0x32,0x37,0x32,0x30,0x39,0x34,0x37,0x32,0x36,0x35,0x36,0x32,0x35,
    0x66,0x2e,0x78,0x78,0x78,0x2c,0x20,0x5f,0x35,0x35,0x29,0x20,0x2a,0x20,0x5f,0x32,
    0x32,0x5f,0x67,0x72,0x61,0x64,0x65,0x5f,0x62,0x2e,0x79,0x29,0x29,0x20,0x2b,0x20,
    0x28,0x28,0x30,0x2e,0x35,0x37,0x37,0x33,0x35,0x30,0x32,0x35,0x38,0x38,0x32,0x37,
    0x32,0x30,0x39,0x34,0x37,0x32,0x36,0x35,0x36,0x32,0x35,0x66,0x2e,0x78,0x78,0x78,
    0x20,0x2a,0x20,0x64,0x6f,0x74,0x28,0x30,0x2e,0x35,0x37,0x37,0x33,0x35,0x30,0x32,
    0x35,0x38,0x38,0x32,0x37,0x32,0x30,0x39,0x34,0x37,0x32,0x36,0x35,0x36,0x32,0x35,
    0x66,0x2e,0x78,0x78,0x78,0x2c,0x20,0x5f,0x35,0x35,0x29,0x29,0x20,0x2a,0x20,0x28,
    0x31,0x2e,0x30,0x66,0x20,0x2d,0x20,0x5f,0x32,0x32,0x5f,0x67,0x72,0x61,0x64,0x65,
    0x5f,0x62,0x2e,0x78,0x29,0x29,0x29,0x20,0x2a,0x20,0x5f,0x32,0x32,0x5f,0x67,0x72,
    0x61,0x64,0x65,0x5f,0x61,0x2e,0x7a,0x29,0x2c,0x20,0x30,0x2e,0x30,0x66,0x2e,0x78,
    0x78,0x78,0x2c,0x20,0x31,0x2e,0x30,0x66,0x2e,0x78,0x78,0x78,0x29,0x3b,0x0a,0x20,
    0x20,0x20,0x20,0x69,0x66,0x20,0x28,0x5f,0x32,0x32,0x5f,0x67,0x72,0x61,0x64,0x65,
    0x5f,0x61,0x2e,0x77,0x20,0x3e,0x20,0x30,0x2e,0x35,0x66,0x29,0x0a,0x20,0x20,0x20,
    0x20,0x7b,0x0a,0x20,0x20,0x20,0x20,0x20,0x20,0x20,0x20,0x66,0x6c,0x6f,0x61,0x74,
    0x33,0x20,0x5f,0x31,0x30,0x37,0x20,0x3d,0x20,0x28,0x28,0x63,0x20,0x2a,0x20,0x32,
    0x35,0x35,0x2e,0x30,0x66,0x29,0x20,0x2b,0x20,0x30,0x2e,0x35,0x66,0x2e,0x78,0x78,
    0x78,0x29,0x20,0x2a,0x20,0x30,0x2e,0x30,0x30,0x33,0x39,0x30,0x36,0x32,0x35,0x66,
    0x2e,0x78,0x78,0x78,0x3b,0x0a,0x20,0x20,0x20,0x20,0x20,0x20,0x20,0x20,0x63,0x20,
    0x3d,0x20,0x66,0x6c,0x6f,0x61,0x74,0x33,0x28,0x67,0x72,0x61,0x64,0x65,0x5f,0x74,
    0x61,0x62,0x6c,0x65,0x73,0x2e,0x53,0x61,0x6d,0x70,0x6c,0x65,0x28,0x67,0x72,0x61,
    0x64,0x65,0x5f,0x73,0x6d,0x70,0x2c,0x20,0x66,0x6c,0x6f,0x61,0x74,0x32,0x28,0x5f,
    0x31,0x30,0x37,0x2e,0x78,0x2c,0x20,0x30,0x2e,0x35,0x66,0x29,0x29,0x2e,0x78,0x2c,
    0x20,0x67,0x72,0x61,0x64,0x65,0x5f,0x74,0x61,0x62,0x6c,0x65,0x73,0x2e,0x53,0x61,
    0x6d,0x70,0x6c,0x65,0x28,0x67,0x72,0x61,0x64,0x65,0x5f,0x73,0x6d,0x70,0x2c,0x20,
    0x66,0x6c,0x6f,0x61,0x74,0x32,0x28,0x5f,0x31,0x30,0x37,0x2e,0x79,0x2c,0x20,0x30,
    0x2e,0x35,0x66,0x29,0x29,0x2e,0x79,0x2c,0x20,0x67,0x72,0x61,0x64,0x65,0x5f,0x74,
    0x61,0x62,0x6c,0x65,0x73,0x2e,0x53,0x61,0x6d,0x70,0x6c,0x65,0x28,0x67,0x72,0x61,
    0x64,0x65,0x5f,0x73,0x6d,0x70,0x2c,0x20,0x66,0x6c,0x6f,0x61,0x74,0x32,0x28,0x5f,
    0x31,0x30,0x37,0x2e,0x7a,0x2c,0x20,0x30,0x2e,0x35,0x66,0x29,0x29,0x2e,0x7a,0x29,
    0x3b,0x0a,0x20,0x20,0x20,0x20,0x7d,0x0a,0x20,0x20,0x20,0x20,0x72,0x65,0x74,0x75,
    0x72,0x6e,0x20,0x63,0x3b,0x0a,0x7d,0x0a,0x0a,0x76,0x6f,0x69,0x64,0x20,0x66,0x72,
    0x61,0x67,0x5f,0x6d,0x61,0x69,0x6e,0x28,0x29,0x0a,0x7b,0x0a,0x20,0x20,0x20,0x20,
    0x66,0x6c,0x6f,0x61,0x74,0x34,0x20,0x5f,0x31,0x35,0x34,0x20,0x3d,0x20,0x70,0x69,
    0x63,0x74,0x75,0x72,0x65,0x2e,0x53,0x61,0x6d,0x70,0x6c,0x65,0x28,0x70,0x69,0x63,
    0x74,0x75,0x72,0x65,0x5f,0x73,0x6d,0x70,0x2c,0x20,0x61,0x74,0x29,0x3b,0x0a,0x20,
    0x20,0x20,0x20,0x66,0x6c,0x6f,0x61,0x74,0x20,0x5f,0x31,0x36,0x30,0x20,0x3d,0x20,
    0x28,0x5f,0x31,0x35,0x34,0x2e,0x7a,0x20,0x2a,0x20,0x33,0x31,0x2e,0x38,0x37,0x35,
    0x66,0x29,0x20,0x2b,0x20,0x31,0x2e,0x30,0x66,0x3b,0x0a,0x20,0x20,0x20,0x20,0x66,
    0x6c,0x6f,0x61,0x74,0x20,0x5f,0x31,0x36,0x37,0x20,0x3d,0x20,0x28,0x5f,0x31,0x35,
    0x34,0x2e,0x78,0x20,0x2d,0x20,0x30,0x2e,0x35,0x30,0x31,0x39,0x36,0x30,0x38,0x31,
    0x33,0x39,0x39,0x39,0x31,0x37,0x36,0x30,0x32,0x35,0x33,0x39,0x30,0x36,0x32,0x35,
    0x66,0x29,0x20,0x2f,0x20,0x5f,0x31,0x36,0x30,0x3b,0x0a,0x20,0x20,0x20,0x20,0x66,
    0x6c,0x6f,0x61,0x74,0x20,0x5f,0x31,0x37,0x33,0x20,0x3d,0x20,0x28,0x5f,0x31,0x35,
    0x34,0x2e,0x79,0x20,0x2d,0x20,0x30,0x2e,0x35,0x30,0x31,0x39,0x36,0x30,0x38,0x31,
    0x33,0x39,0x39,0x39,0x31,0x37,0x36,0x30,0x32,0x35,0x33,0x39,0x30,0x36,0x32,0x35,
    0x66,0x29,0x20,0x2f,0x20,0x5f,0x31,0x36,0x30,0x3b,0x0a,0x20,0x20,0x20,0x20,0x66,
    0x6c,0x6f,0x61,0x74,0x20,0x5f,0x31,0x37,0x36,0x20,0x3d,0x20,0x5f,0x31,0x35,0x34,
    0x2e,0x77,0x3b,0x0a,0x20,0x20,0x20,0x20,0x66,0x6c,0x6f,0x61,0x74,0x33,0x20,0x70,
    0x61,0x72,0x61,0x6d,0x20,0x3d,0x20,0x63,0x6c,0x61,0x6d,0x70,0x28,0x66,0x6c,0x6f,
    0x61,0x74,0x33,0x28,0x28,0x5f,0x31,0x37,0x36,0x20,0x2b,0x20,0x5f,0x31,0x36,0x37,
    0x29,0x20,0x2d,0x20,0x5f,0x31,0x37,0x33,0x2c,0x20,0x5f,0x31,0x37,0x36,0x20,0x2b,
    0x20,0x5f,0x31,0x37,0x33,0x2c,0x20,0x28,0x5f,0x31,0x37,0x36,0x20,0x2d,0x20,0x5f,
    0x31,0x36,0x37,0x29,0x20,0x2d,0x20,0x5f,0x31,0x37,0x33,0x29,0x2c,0x20,0x30,0x2e,
    0x30,0x66,0x2e,0x78,0x78,0x78,0x2c,0x20,0x31,0x2e,0x30,0x66,0x2e,0x78,0x78,0x78,
    0x29,0x3b,0x0a,0x20,0x20,0x20,0x20,0x66,0x6c,0x6f,0x61,0x74,0x33,0x20,0x5f,0x31,
    0x39,0x39,0x20,0x3d,0x20,0x61,0x70,0x70,0x6c,0x79,0x5f,0x67,0x72,0x61,0x64,0x65,
    0x28,0x70,0x61,0x72,0x61,0x6d,0x29,0x3b,0x0a,0x20,0x20,0x20,0x20,0x66,0x72,0x61,
    0x67,0x5f,0x63,0x6f,0x6c,0x6f,0x75,0x72,0x20,0x3d,0x20,0x66,0x6c,0x6f,0x61,0x74,
    0x34,0x28,0x5f,0x31,0x39,0x39,0x2c,0x20,0x31,0x2e,0x30,0x66,0x29,0x20,0x2a,0x20,
    0x5f,0x32,0x32,0x5f,0x67,0x72,0x61,0x64,0x65,0x5f,0x62,0x2e,0x7a,0x3b,0x0a,0x7d,
    0x0a,0x0a,0x53,0x50,0x49,0x52,0x56,0x5f,0x43,0x72,0x6f,0x73,0x73,0x5f,0x4f,0x75,
    0x74,0x70,0x75,0x74,0x20,0x6d,0x61,0x69,0x6e,0x28,0x53,0x50,0x49,0x52,0x56,0x5f,
    0x43,0x72,0x6f,0x73,0x73,0x5f,0x49,0x6e,0x70,0x75,0x74,0x20,0x73,0x74,0x61,0x67,
    0x65,0x5f,0x69,0x6e,0x70,0x75,0x74,0x29,0x0a,0x7b,0x0a,0x20,0x20,0x20,0x20,0x61,
    0x74,0x20,0x3d,0x20,0x73,0x74,0x61,0x67,0x65,0x5f,0x69,0x6e,0x70,0x75,0x74,0x2e,
    0x61,0x74,0x3b,0x0a,0x20,0x20,0x20,0x20,0x66,0x72,0x61,0x67,0x5f,0x6d,0x61,0x69,
    0x6e,0x28,0x29,0x3b,0x0a,0x20,0x20,0x20,0x20,0x53,0x50,0x49,0x52,0x56,0x5f,0x43,
    0x72,0x6f,0x73,0x73,0x5f,0x4f,0x75,0x74,0x70,0x75,0x74,0x20,0x73,0x74,0x61,0x67,
    0x65,0x5f,0x6f,0x75,0x74,0x70,0x75,0x74,0x3b,0x0a,0x20,0x20,0x20,0x20,0x73,0x74,
    0x61,0x67,0x65,0x5f,0x6f,0x75,0x74,0x70,0x75,0x74,0x2e,0x66,0x72,0x61,0x67,0x5f,
    0x63,0x6f,0x6c,0x6f,0x75,0x72,0x20,0x3d,0x20,0x66,0x72,0x61,0x67,0x5f,0x63,0x6f,
    0x6c,0x6f,0x75,0x72,0x3b,0x0a,0x20,0x20,0x20,0x20,0x72,0x65,0x74,0x75,0x72,0x6e,
    0x20,0x73,0x74,0x61,0x67,0x65,0x5f,0x6f,0x75,0x74,0x70,0x75,0x74,0x3b,0x0a,0x7d,
    0x0a,0x00,
};
#endif
/*
    cbuffer mask : register(b1)
    {
        float4 _22_colour : packoffset(c0);
        float4 _22_shape : packoffset(c1);
        float4 _22_count : packoffset(c2);
        float4 _22_corners[32] : packoffset(c3);
    };


    static float2 at;
    static float4 frag_colour;

    struct SPIRV_Cross_Input
    {
        float2 at : TEXCOORD0;
    };

    struct SPIRV_Cross_Output
    {
        float4 frag_colour : SV_Target0;
    };

    float2 corner(int n)
    {
        int _26 = n >> 1;
        float2 _36;
        if ((n & 1) == 0)
        {
            _36 = _22_corners[_26].xy;
        }
        else
        {
            _36 = _22_corners[_26].zw;
        }
        return _36;
    }

    void frag_main()
    {
        int _59 = clamp(int(_22_count.x), 0, 64);
        float _69 = at.x * _22_shape.x;
        float _77 = (1.0f - at.y) * _22_shape.y;
        float2 _78 = float2(_69, _77);
        bool inside = false;
        float nearest = 1000000015047466219876688855040.0f;
        int previous = _59 - 1;
        float _161;
        for (int n = 0; n < _59; n++)
        {
            int param = previous;
            float2 _101 = corner(param) * _22_shape.xy;
            int param_1 = n;
            float2 _107 = corner(param_1) * _22_shape.xy;
            float _109 = _107.y;
            float _114 = _101.y;
            bool _118 = (_109 > _77) != (_114 > _77);
            bool _144;
            if (_118)
            {
                float _126 = _107.x;
                _144 = _69 < ((((_101.x - _126) * (_77 - _109)) / (_114 - _109)) + _126);
            }
            else
            {
                _144 = _118;
            }
            if (_144)
            {
                inside = !inside;
            }
            float2 _152 = _101 - _107;
            float _156 = dot(_152, _152);
            if (_156 > 0.0f)
            {
                _161 = clamp(dot(_78 - _107, _152) / _156, 0.0f, 1.0f);
            }
            else
            {
                _161 = 0.0f;
            }
            nearest = min(nearest, length(_78 - (_107 + (_152 * _161))));
            previous = n;
        }
        float _194;
        if (_59 < 3)
        {
            _194 = 0.0f;
        }
        else
        {
            float _200;
            if (_22_shape.z > 0.0f)
            {
                float _205;
                if (inside)
                {
                    _205 = nearest;
                }
                else
                {
                    _205 = -nearest;
                }
                _200 = clamp(0.5f + (_205 / _22_shape.z), 0.0f, 1.0f);
            }
            else
            {
                _200 = float(inside);
            }
            _194 = _200;
        }
        float cover = _194;
        if (_22_shape.w > 0.5f)
        {
            cover = 1.0f - cover;
        }
        float _234 = _22_colour.w * cover;
        frag_colour = float4(_22_colour.xyz * _234, _234);
    }

    SPIRV_Cross_Output main(SPIRV_Cross_Input stage_input)
    {
        at = stage_input.at;
        frag_main();
        SPIRV_Cross_Output stage_output;
        stage_output.frag_colour = frag_colour;
        return stage_output;
    }
*/
#if defined(SOKOL_D3D11)
static const uint8_t video_mask_fs_source_hlsl5[2734] = {
    0x63,0x62,0x75,0x66,0x66,0x65,0x72,0x20,0x6d,0x61,0x73,0x6b,0x20,0x3a,0x20,0x72,
    0x65,0x67,0x69,0x73,0x74,0x65,0x72,0x28,0x62,0x31,0x29,0x0a,0x7b,0x0a,0x20,0x20,
    0x20,0x20,0x66,0x6c,0x6f,0x61,0x74,0x34,0x20,0x5f,0x32,0x32,0x5f,0x63,0x6f,0x6c,
    0x6f,0x75,0x72,0x20,0x3a,0x20,0x70,0x61,0x63,0x6b,0x6f,0x66,0x66,0x73,0x65,0x74,
    0x28,0x63,0x30,0x29,0x3b,0x0a,0x20,0x20,0x20,0x20,0x66,0x6c,0x6f,0x61,0x74,0x34,
    0x20,0x5f,0x32,0x32,0x5f,0x73,0x68,0x61,0x70,0x65,0x20,0x3a,0x20,0x70,0x61,0x63,
    0x6b,0x6f,0x66,0x66,0x73,0x65,0x74,0x28,0x63,0x31,0x29,0x3b,0x0a,0x20,0x20,0x20,
    0x20,0x66,0x6c,0x6f,0x61,0x74,0x34,0x20,0x5f,0x32,0x32,0x5f,0x63,0x6f,0x75,0x6e,
    0x74,0x20,0x3a,0x20,0x70,0x61,0x63,0x6b,0x6f,0x66,0x66,0x73,0x65,0x74,0x28,0x63,
    0x32,0x29,0x3b,0x0a,0x20,0x20,0x20,0x20,0x66,0x6c,0x6f,0x61,0x74,0x34,0x20,0x5f,
    0x32,0x32,0x5f,0x63,0x6f,0x72,0x6e,0x65,0x72,0x73,0x5b,0x33,0x32,0x5d,0x20,0x3a,
    0x20,0x70,0x61,0x63,0x6b,0x6f,0x66,0x66,0x73,0x65,0x74,0x28,0x63,0x33,0x29,0x3b,
    0x0a,0x7d,0x3b,0x0a,0x0a,0x0a,0x73,0x74,0x61,0x74,0x69,0x63,0x20,0x66,0x6c,0x6f,
    0x61,0x74,0x32,0x20,0x61,0x74,0x3b,0x0a,0x73,0x74,0x61,0x74,0x69,0x63,0x20,0x66,
    0x6c,0x6f,0x61,0x74,0x34,0x20,0x66,0x72,0x61,0x67,0x5f,0x63,0x6f,0x6c,0x6f,0x75,
    0x72,0x3b,0x0a,0x0a,0x73,0x74,0x72,0x75,0x63,0x74,0x20,0x53,0x50,0x49,0x52,0x56,
    0x5f,0x43,0x72,0x6f,0x73,0x73,0x5f,0x49,0x6e,0x70,0x75,0x74,0x0a,0x7b,0x0a,0x20,
    0x20,0x20,0x20,0x66,0x6c,0x6f,0x61,0x74,0x32,0x20,0x61,0x74,0x20,0x3a,0x20,0x54,
    0x45,0x58,0x43,0x4f,0x4f,0x52,0x44,0x30,0x3b,0x0a,0x7d,0x3b,0x0a,0x0a,0x73,0x74,
    0x72,0x75,0x63,0x74,0x20,0x53,0x50,0x49,0x52,0x56,0x5f,0x43,0x72,0x6f,0x73,0x73,
    0x5f,0x4f,0x75,0x74,0x70,0x75,0x74,0x0a,0x7b,0x0a,0x20,0x20,0x20,0x20,0x66,0x6c,
    0x6f,0x61,0x74,0x34,0x20,0x66,0x72,0x61,0x67,0x5f,0x63,0x6f,0x6c,0x6f,0x75,0x72,
    0x20,0x3a,0x20,0x53,0x56,0x5f,0x54,0x61,0x72,0x67,0x65,0x74,0x30,0x3b,0x0a,0x7d,
    0x3b,0x0a,0x0a,0x66,0x6c,0x6f,0x61,0x74,0x32,0x20,0x63,0x6f,0x72,0x6e,0x65,0x72,
    0x28,0x69,0x6e,0x74,0x20,0x6e,0x29,0x0a,0x7b,0x0a,0x20,0x20,0x20,0x20,0x69,0x6e,
    0x74,0x20,0x5f,0x32,0x36,0x20,0x3d,0x20,0x6e,0x20,0x3e,0x3e,0x20,0x31,0x3b,0x0a,
    0x20,0x20,0x20,0x20,0x66,0x6c,0x6f,0x61,0x74,0x32,0x20,0x5f,0x33,0x36,0x3b,0x0a,
    0x20,0x20,0x20,0x20,0x69,0x66,0x20,0x28,0x28,0x6e,0x20,0x26,0x20,0x31,0x29,0x20,
    0x3d,0x3d,0x20,0x30,0x29,0x0a,0x20,0x20,0x20,0x20,0x7b,0x0a,0x20,0x20,0x20,0x20,
    0x20,0x20,0x20,0x20,0x5f,0x33,0x36,0x20,0x3d,0x20,0x5f,0x32,0x32,0x5f,0x63,0x6f,
    0x72,0x6e,0x65,0x72,0x73,0x5b,0x5f,0x32,0x36,0x5d,0x2e,0x78,0x79,0x3b,0x0a,0x20,
    0x20,0x20,0x20,0x7d,0x0a,0x20,0x20,0x20,0x20,0x65,0x6c,0x73,0x65,0x0a,0x20,0x20,
    0x20,0x20,0x7b,0x0a,0x20,0x20,0x20,0x20,0x20,0x20,0x20,0x20,0x5f,0x33,0x36,0x20,
    0x3d,0x20,0x5f,0x32,0x32,0x5f,0x63,0x6f,0x72,0x6e,0x65,0x72,0x73,0x5b,0x5f,0x32,
    0x36,0x5d,0x2e,0x7a,0x77,0x3b,0x0a,0x20,0x20,0x20,0x20,0x7d,0x0a,0x20,0x20,0x20,
    0x20,0x72,0x65,0x74,0x75,0x72,0x6e,0x20,0x5f,0x33,0x36,0x3b,0x0a,0x7d,0x0a,0x0a,
    0x76,0x6f,0x69,0x64,0x20,0x66,0x72,0x61,0x67,0x5f,0x6d,0x61,0x69,0x6e,0x28,0x29,
    0x0a,0x7b,0x0a,0x20,0x20,0x20,0x20,0x69,0x6e,0x74,0x20,0x5f,0x35,0x39,0x20,0x3d,
    0x20,0x63,0x6c,0x61,0x6d,0x70,0x28,0x69,0x6e,0x74,0x28,0x5f,0x32,0x32,0x5f,0x63,
    0x6f,0x75,0x6e,0x74,0x2e,0x78,0x29,0x2c,0x20,0x30,0x2c,0x20,0x36,0x34,0x29,0x3b,
    0x0a,0x20,0x20,0x20,0x20,0x66,0x6c,0x6f,0x61,0x74,0x20,0x5f,0x36,0x39,0x20,0x3d,
    0x20,0x61,0x74,0x2e,0x78,0x20,0x2a,0x20,0x5f,0x32,0x32,0x5f,0x73,0x68,0x61,0x70,
    0x65,0x2e,0x78,0x3b,0x0a,0x20,0x20,0x20,0x20,0x66,0x6c,0x6f,0x61,0x74,0x20,0x5f,
    0x37,0x37,0x20,0x3d,0x20,0x28,0x31,0x2e,0x30,0x66,0x20,0x2d,0x20,0x61,0x74,0x2e,
    0x79,0x29,0x20,0x2a,0x20,0x5f,0x32,0x32,0x5f,0x73,0x68,0x61,0x70,0x65,0x2e,0x79,
    0x3b,0x0a,0x20,0x20,0x20,0x20,0x66,0x6c,0x6f,0x61,0x74,0x32,0x20,0x5f,0x37,0x38,
    0x20,0x3d,0x20,0x66,0x6c,0x6f,0x61,0x74,0x32,0x28,0x5f,0x36,0x39,0x2c,0x20,0x5f,
    0x37,0x37,0x29,0x3b,0x0a,0x20,0x20,0x20,0x20,0x62,0x6f,0x6f,0x6c,0x20,0x69,0x6e,
    0x73,0x69,0x64,0x65,0x20,0x3d,0x20,0x66,0x61,0x6c,0x73,0x65,0x3b,0x0a,0x20,0x20,
    0x20,0x20,0x66,0x6c,0x6f,0x61,0x74,0x20,0x6e,0x65,0x61,0x72,0x65,0x73,0x74,0x20,
    0x3d,0x20,0x31,0x30,0x30,0x30,0x30,0x30,0x30,0x30,0x31,0x35,0x30,0x34,0x37,0x34,
    0x36,0x36,0x32,0x31,0x39,0x38,0x37,0x36,0x36,0x38,0x38,0x38,0x35,0x35,0x30,0x34,
    0x30,0x2e,0x30,0x66,0x3b,0x0a,0x20,0x20,0x20,0x20,0x69,0x6e,0x74,0x20,0x70,0x72,
    0x65,0x76,0x69,0x6f,0x75,0x73,0x20,0x3d,0x20,0x5f,0x35,0x39,0x20,0x2d,0x20,0x31,
    0x3b,0x0a,0x20,0x20,0x20,0x20,0x66,0x6c,0x6f,0x61,0x74,0x20,0x5f,0x31,0x36,0x31,
    0x3b,0x0a,0x20,0x20,0x20,0x20,0x66,0x6f,0x72,0x20,0x28,0x69,0x6e,0x74,0x20,0x6e,
    0x20,0x3d,0x20,0x30,0x3b,0x20,0x6e,0x20,0x3c,0x20,0x5f,0x35,0x39,0x3b,0x20,0x6e,
    0x2b,0x2b,0x29,0x0a,0x20,0x20,0x20,0x20,0x7b,0x0a,0x20,0x20,0x20,0x20,0x20,0x20,
    0x20,0x20,0x69,0x6e,0x74,0x20,0x70,0x61,0x72,0x61,0x6d,0x20,0x3d,0x20,0x70,0x72,
    0x65,0x76,0x69,0x6f,0x75,0x73,0x3b,0x0a,0x20,0x20,0x20,0x20,0x20,0x20,0x20,0x20,
    0x66,0x6c,0x6f,0x61,0x74,0x32,0x20,0x5f,0x31,0x30,0x31,0x20,0x3d,0x20,0x63,0x6f,
    0x72,0x6e,0x65,0x72,0x28,0x70,0x61,0x72,0x61,0x6d,0x29,0x20,0x2a,0x20,0x5f,0x32,
    0x32,0x5f,0x73,0x68,0x61,0x70,0x65,0x2e,0x78,0x79,0x3b,0x0a,0x20,0x20,0x20,0x20,
    0x20,0x20,0x20,0x20,0x69,0x6e,0x74,0x20,0x70,0x61,0x72,0x61,0x6d,0x5f,0x31,0x20,
    0x3d,0x20,0x6e,0x3b,0x0a,0x20,0x20,0x20,0x20,0x20,0x20,0x20,0x20,0x66,0x6c,0x6f,
    0x61,0x74,0x32,0x20,0x5f,0x31,0x30,0x37,0x20,0x3d,0x20,0x63,0x6f,0x72,0x6e,0x65,
    0x72,0x28,0x70,0x61,0x72,0x61,0x6d,0x5f,0x31,0x29,0x20,0x2a,0x20,0x5f,0x32,0x32,
    0x5f,0x73,0x68,0x61,0x70,0x65,0x2e,0x78,0x79,0x3b,0x0a,0x20,0x20,0x20,0x20,0x20,
    0x20,0x20,0x20,0x66,0x6c,0x6f,0x61,0x74,0x20,0x5f,0x31,0x30,0x39,0x20,0x3d,0x20,
    0x5f,0x31,0x30,0x37,0x2e,0x79,0x3b,0x0a,0x20,0x20,0x20,0x20,0x20,0x20,0x20,0x20,
    0x66,0x6c,0x6f,0x61,0x74,0x20,0x5f,0x31,0x31,0x34,0x20,0x3d,0x20,0x5f,0x31,0x30,
    0x31,0x2e,0x79,0x3b,0x0a,0x20,0x20,0x20,0x20,0x20,0x20,0x20,0x20,0x62,0x6f,0x6f,
    0x6c,0x20,0x5f,0x31,0x31,0x38,0x20,0x3d,0x20,0x28,0x5f,0x31,0x30,0x39,0x20,0x3e,
    0x20,0x5f,0x37,0x37,0x29,0x20,0x21,0x3d,0x20,0x28,0x5f,0x31,0x31,0x34,0x20,0x3e,
    0x20,0x5f,0x37,0x37,0x29,0x3b,0x0a,0x20,0x20,0x20,0x20,0x20,0x20,0x20,0x20,0x62,
    0x6f,0x6f,0x6c,0x20,0x5f,0x31,0x34,0x34,0x3b,0x0a,0x20,0x20,0x20,0x20,0x20,0x20,
    0x20,0x20,0x69,0x66,0x20,0x28,0x5f,0x31,0x31,0x38,0x29,0x0a,0x20,0x20,0x20,0x20,
    0x20,0x20,0x20,0x20,0x7b,0x0a,0x20,0x20,0x20,0x20,0x20,0x20,0x20,0x20,0x20,0x20,
    0x20,0x20,0x66,0x6c,0x6f,0x61,0x74,0x20,0x5f,0x31,0x32,0x36,0x20,0x3d,0x20,0x5f,
    0x31,0x30,0x37,0x2e,0x78,0x3b,0x0a,0x20,0x20,0x20,0x20,0x20,0x20,0x20,0x20,0x20,
    0x20,0x20,0x20,0x5f,0x31,0x34,0x34,0x20,0x3d,0x20,0x5f,0x36,0x39,0x20,0x3c,0x20,
    0x28,0x28,0x28,0x28,0x5f,0x31,0x30,0x31,0x2e,0x78,0x20,0x2d,0x20,0x5f,0x31,0x32,
    0x36,0x29,0x20,0x2a,0x20,0x28,0x5f,0x37,0x37,0x20,0x2d,0x20,0x5f,0x31,0x30,0x39,
    0x29,0x29,0x20,0x2f,0x20,0x28,0x5f,0x31,0x31,0x34,0x20,0x2d,0x20,0x5f,0x31,0x30,
    0x39,0x29,0x29,0x20,0x2b,0x20,0x5f,0x31,0x32,0x36,0x29,0x3b,0x0a,0x20,0x20,0x20,
    0x20,0x20,0x20,0x20,0x20,0x7d,0x0a,0x20,0x20,0x20,0x20,0x20,0x20,0x20,0x20,0x65,
    0x6c,0x73,0x65,0x0a,0x20,0x20,0x20,0x20,0x20,0x20,0x20,0x20,0x7b,0x0a,0x20,0x20,
    0x20,0x20,0x20,0x20,0x20,0x20,0x20,0x20,0x20,0x20,0x5f,0x31,0x34,0x34,0x20,0x3d,
    0x20,0x5f,0x31,0x31,0x38,0x3b,0x0a,0x20,0x20,0x20,0x20,0x20,0x20,0x20,0x20,0x7d,
    0x0a,0x20,0x20,0x20,0x20,0x20,0x20,0x20,0x20,0x69,0x66,0x20,0x28,0x5f,0x31,0x34,
    0x34,0x29,0x0a,0x20,0x20,0x20,0x20,0x20,0x20,0x20,0x20,0x7b,0x0a,0x20,0x20,0x20,
    0x20,0x20,0x20,0x20,0x20,0x20,0x20,0x20,0x20,0x69,0x6e,0x73,0x69,0x64,0x65,0x20,
    0x3d,0x20,0x21,0x69,0x6e,0x73,0x69,0x64,0x65,0x3b,0x0a,0x20,0x20,0x20,0x20,0x20,
    0x20,0x20,0x20,0x7d,0x0a,0x20,0x20,0x20,0x20,0x20,0x20,0x20,0x20,0x66,0x6c,0x6f,
    0x61,0x74,0x32,0x20,0x5f,0x31,0x35,0x32,0x20,0x3d,0x20,0x5f,0x31,0x30,0x31,0x20,
    0x2d,0x20,0x5f,0x31,0x30,0x37,0x3b,0x0a,0x20,0x20,0x20,0x20,0x20,0x20,0x20,0x20,
    0x66,0x6c,0x6f,0x61,0x74,0x20,0x5f,0x31,0x35,0x36,0x20,0x3d,0x20,0x64,0x6f,0x74,
    0x28,0x5f,0x31,0x35,0x32,0x2c,0x20,0x5f,0x31,0x35,0x32,0x29,0x3b,0x0a,0x20,0x20,
    0x20,0x20,0x20,0x20,0x20,0x20,0x69,0x66,0x20,0x28,0x5f,0x31,0x35,0x36,0x20,0x3e,
    0x20,0x30,0x2e,0x30,0x66,0x29,0x0a,0x20,0x20,0x20,0x20,0x20,0x20,0x20,0x20,0x7b,
    0x0a,0x20,0x20,0x20,0x20,0x20,0x20,0x20,0x20,0x20,0x20,0x20,0x20,0x5f,0x31,0x36,
    0x31,0x20,0x3d,0x20,0x63,0x6c,0x61,0x6d,0x70,0x28,0x64,0x6f,0x74,0x28,0x5f,0x37,
    0x38,0x20,0x2d,0x20,0x5f,0x31,0x30,0x37,0x2c,0x20,0x5f,0x31,0x35,0x32,0x29,0x20,
    0x2f,0x20,0x5f,0x31,0x35,0x36,0x2c,0x20,0x30,0x2e,0x30,0x66,0x2c,0x20,0x31,0x2e,
    0x30,0x66,0x29,0x3b,0x0a,0x20,0x20,0x20,0x20,0x20,0x20,0x20,0x20,0x7d,0x0a,0x20,
    0x20,0x20,0x20,0x20,0x20,0x20,0x20,0x65,0x6c,0x73,0x65,0x0a,0x20,0x20,0x20,0x20,
    0x20,0x20,0x20,0x20,0x7b,0x0a,0x20,0x20,0x20,0x20,0x20,0x20,0x20,0x20,0x20,0x20,
    0x20,0x20,0x5f,0x31,0x36,0x31,0x20,0x3d,0x20,0x30,0x2e,0x30,0x66,0x3b,0x0a,0x20,
    0x20,0x20,0x20,0x20,0x20,0x20,0x20,0x7d,0x0a,0x20,0x20,0x20,0x20,0x20,0x20,0x20,
    0x20,0x6e,0x65,0x61,0x72,0x65,0x73,0x74,0x20,0x3d,0x20,0x6d,0x69,0x6e,0x28,0x6e,
    0x65,0x61,0x72,0x65,0x73,0x74,0x2c,0x20,0x6c,0x65,0x6e,0x67,0x74,0x68,0x28,0x5f,
    0x37,0x38,0x20,0x2d,0x20,0x28,0x5f,0x31,0x30,0x37,0x20,0x2b,0x20,0x28,0x5f,0x31,
    0x35,0x32,0x20,0x2a,0x20,0x5f,0x31,0x36,0x31,0x29,0x29,0x29,0x29,0x3b,0x0a,0x20,
    0x20,0x20,0x20,0x20,0x20,0x20,0x20,0x70,0x72,0x65,0x76,0x69,0x6f,0x75,0x73,0x20,
    0x3d,0x20,0x6e,0x3b,0x0a,0x20,0x20,0x20,0x20,0x7d,0x0a,0x20,0x20,0x20,0x20,0x66,
    0x6c,0x6f,0x61,0x74,0x20,0x5f,0x31,0x39,0x34,0x3b,0x0a,0x20,0x20,0x20,0x20,0x69,
    0x66,0x20,0x28,0x5f,0x35,0x39,0x20,0x3c,0x20,0x33,0x29,0x0a,0x20,0x20,0x20,0x20,
    0x7b,0x0a,0x20,0x20,0x20,0x20,0x20,0x20,0x20,0x20,0x5f,0x31,0x39,0x34,0x20,0x3d,
    0x20,0x30,0x2e,0x30,0x66,0x3b,0x0a,0x20,0x20,0x20,0x20,0x7d,0x0a,0x20,0x20,0x20,
    0x20,0x65,0x6c,0x73,0x65,0x0a,0x20,0x20,0x20,0x20,0x7b,0x0a,0x20,0x20,0x20,0x20,
    0x20,0x20,0x20,0x20,0x66,0x6c,0x6f,0x61,0x74,0x20,0x5f,0x32,0x30,0x30,0x3b,0x0a,
    0x20,0x20,0x20,0x20,0x20,0x20,0x20,0x20,0x69,0x66,0x20,0x28,0x5f,0x32,0x32,0x5f,
    0x73,0x68,0x61,0x70,0x65,0x2e,0x7a,0x20,0x3e,0x20,0x30,0x2e,0x30,0x66,0x29,0x0a,
    0x20,0x20,0x20,0x20,0x20,0x20,0x20,0x20,0x7b,0x0a,0x20,0x20,0x20,0x20,0x20,0x20,
    0x20,0x20,0x20,0x20,0x20,0x20,0x66,0x6c,0x6f,0x61,0x74,0x20,0x5f,0x32,0x30,0x35,
    0x3b,0x0a,0x20,0x20,0x20,0x20,0x20,0x20,0x20,0x20,0x20,0x20,0x20,0x20,0x69,0x66,
    0x20,0x28,0x69,0x6e,0x73,0x69,0x64,0x65,0x29,0x0a,0x20,0x20,0x20,0x20,0x20,0x20,
    0x20,0x20,0x20,0x20,0x20,0x20,0x7b,0x0a,0x20,0x20,0x20,0x20,0x20,0x20,0x20,0x20,
    0x20,0x20,0x20,0x20,0x20,0x20,0x20,0x20,0x5f,0x32,0x30,0x35,0x20,0x3d,0x20,0x6e,
    0x65,0x61,0x72,0x65,0x73,0x74,0x3b,0x0a,0x20,0x20,0x20,0x20,0x20,0x20,0x20,0x20,
    0x20,0x20,0x20,0x20,0x7d,0x0a,0x20,0x20,0x20,0x20,0x20,0x20,0x20,0x20,0x20,0x20,
    0x20,0x20,0x65,0x6c,0x73,0x65,0x0a,0x20,0x20,0x20,0x20,0x20,0x20,0x20,0x20,0x20,
    0x20,0x20,0x20,0x7b,0x0a,0x20,0x20,0x20,0x20,0x20,0x20,0x20,0x20,0x20,0x20,0x20,
    0x20,0x20,0x20,0x20,0x20,0x5f,0x32,0x30,0x35,0x20,0x3d,0x20,0x2d,0x6e,0x65,0x61,
    0x72,0x65,0x73,0x74,0x3b,0x0a,0x20,0x20,0x20,0x20,0x20,0x20,0x20,0x20,0x20,0x20,
    0x20,0x20,0x7d,0x0a,0x20,0x20,0x20,0x20,0x20,0x20,0x20,0x20,0x20,0x20,0x20,0x20,
    0x5f,0x32,0x30,0x30,0x20,0x3d,0x20,0x63,0x6c,0x61,0x6d,0x70,0x28,0x30,0x2e,0x35,
    0x66,0x20,0x2b,0x20,0x28,0x5f,0x32,0x30,0x35,0x20,0x2f,0x20,0x5f,0x32,0x32,0x5f,
    0x73,0x68,0x61,0x70,0x65,0x2e,0x7a,0x29,0x2c,0x20,0x30,0x2e,0x30,0x66,0x2c,0x20,
    0x31,0x2e,0x30,0x66,0x29,0x3b,0x0a,0x20,0x20,0x20,0x20,0x20,0x20,0x20,0x20,0x7d,
    0x0a,0x20,0x20,0x20,0x20,0x20,0x20,0x20,0x20,0x65,0x6c,0x73,0x65,0x0a,0x20,0x20,
    0x20,0x20,0x20,0x20,0x20,0x20,0x7b,0x0a,0x20,0x20,0x20,0x20,0x20,0x20,0x20,0x20,
    0x20,0x20,0x20,0x20,0x5f,0x32,0x30,0x30,0x20,0x3d,0x20,0x66,0x6c,0x6f,0x61,0x74,
    0x28,0x69,0x6e,0x73,0x69,0x64,0x65,0x29,0x3b,0x0a,0x20,0x20,0x20,0x20,0x20,0x20,
    0x20,0x20,0x7d,0x0a,0x20,0x20,0x20,0x20,0x20,0x20,0x20,0x20,0x5f,0x31,0x39,0x34,
    0x20,0x3d,0x20,0x5f,0x32,0x30,0x30,0x3b,0x0a,0x20,0x20,0x20,0x20,0x7d,0x0a,0x20,
    0x20,0x20,0x20,0x66,0x6c,0x6f,0x61,0x74,0x20,0x63,0x6f,0x76,0x65,0x72,0x20,0x3d,
    0x20,0x5f,0x31,0x39,0x34,0x3b,0x0a,0x20,0x20,0x20,0x20,0x69,0x66,0x20,0x28,0x5f,
    0x32,0x32,0x5f,0x73,0x68,0x61,0x70,0x65,0x2e,0x77,0x20,0x3e,0x20,0x30,0x2e,0x35,
    0x66,0x29,0x0a,0x20,0x20,0x20,0x20,0x7b,0x0a,0x20,0x20,0x20,0x20,0x20,0x20,0x20,
    0x20,0x63,0x6f,0x76,0x65,0x72,0x20,0x3d,0x20,0x31,0x2e,0x30,0x66,0x20,0x2d,0x20,
    0x63,0x6f,0x76,0x65,0x72,0x3b,0x0a,0x20,0x20,0x20,0x20,0x7d,0x0a,0x20,0x20,0x20,
    0x20,0x66,0x6c,0x6f,0x61,0x74,0x20,0x5f,0x32,0x33,0x34,0x20,0x3d,0x20,0x5f,0x32,
    0x32,0x5f,0x63,0x6f,0x6c,0x6f,0x75,0x72,0x2e,0x77,0x20,0x2a,0x20,0x63,0x6f,0x76,
    0x65,0x72,0x3b,0x0a,0x20,0x20,0x20,0x20,0x66,0x72,0x61,0x67,0x5f,0x63,0x6f,0x6c,
    0x6f,0x75,0x72,0x20,0x3d,0x20,0x66,0x6c,0x6f,0x61,0x74,0x34,0x28,0x5f,0x32,0x32,
    0x5f,0x63,0x6f,0x6c,0x6f,0x75,0x72,0x2e,0x78,0x79,0x7a,0x20,0x2a,0x20,0x5f,0x32,
    0x33,0x34,0x2c,0x20,0x5f,0x32,0x33,0x34,0x29,0x3b,0x0a,0x7d,0x0a,0x0a,0x53,0x50,
    0x49,0x52,0x56,0x5f,0x43,0x72,0x6f,0x73,0x73,0x5f,0x4f,0x75,0x74,0x70,0x75,0x74,
    0x20,0x6d,0x61,0x69,0x6e,0x28,0x53,0x50,0x49,0x52,0x56,0x5f,0x43,0x72,0x6f,0x73,
    0x73,0x5f,0x49,0x6e,0x70,0x75,0x74,0x20,0x73,0x74,0x61,0x67,0x65,0x5f,0x69,0x6e,
    0x70,0x75,0x74,0x29,0x0a,0x7b,0x0a,0x20,0x20,0x20,0x20,0x61,0x74,0x20,0x3d,0x20,
    0x73,0x74,0x61,0x67,0x65,0x5f,0x69,0x6e,0x70,0x75,0x74,0x2e,0x61,0x74,0x3b,0x0a,
    0x20,0x20,0x20,0x20,0x66,0x72,0x61,0x67,0x5f,0x6d,0x61,0x69,0x6e,0x28,0x29,0x3b,
    0x0a,0x20,0x20,0x20,0x20,0x53,0x50,0x49,0x52,0x56,0x5f,0x43,0x72,0x6f,0x73,0x73,
    0x5f,0x4f,0x75,0x74,0x70,0x75,0x74,0x20,0x73,0x74,0x61,0x67,0x65,0x5f,0x6f,0x75,
    0x74,0x70,0x75,0x74,0x3b,0x0a,0x20,0x20,0x20,0x20,0x73,0x74,0x61,0x67,0x65,0x5f,
    0x6f,0x75,0x74,0x70,0x75,0x74,0x2e,0x66,0x72,0x61,0x67,0x5f,0x63,0x6f,0x6c,0x6f,
    0x75,0x72,0x20,0x3d,0x20,0x66,0x72,0x61,0x67,0x5f,0x63,0x6f,0x6c,0x6f,0x75,0x72,
    0x3b,0x0a,0x20,0x20,0x20,0x20,0x72,0x65,0x74,0x75,0x72,0x6e,0x20,0x73,0x74,0x61,
    0x67,0x65,0x5f,0x6f,0x75,0x74,0x70,0x75,0x74,0x3b,0x0a,0x7d,0x0a,0x00,
};
#endif
/*
    cbuffer warp : register(b1)
    {
        float4 _35_slope : packoffset(c0);
        float4 _35_offset : packoffset(c1);
        float4 _35_power : packoffset(c2);
        float4 _35_misc : packoffset(c3);
    };

    Texture2D<float4> canvas : register(t0);
    SamplerState canvas_smp : register(s0);

    static float4 gl_FragCoord;
    static float2 at;
    static float4 frag_colour;

    struct SPIRV_Cross_Input
    {
        float2 at : TEXCOORD0;
        float4 gl_FragCoord : SV_Position;
    };

    struct SPIRV_Cross_Output
    {
        float4 frag_colour : SV_Target0;
    };

    float _noise(float2 p)
    {
        return frac(sin(dot(p, float2(12.98980045318603515625f, 78.233001708984375f))) * 43758.546875f);
    }

    void frag_main()
    {
        float _46;
        if (_35_misc.w > 0.5f)
        {
            _46 = 1.0f - at.y;
        }
        else
        {
            _46 = at.y;
        }
        float3 c = canvas.Sample(canvas_smp, float2(at.x, _46)).xyz;
        if (_35_misc.z < 0.5f)
        {
            frag_colour = float4(c * _35_misc.y, _35_misc.y);
            return;
        }
        float3 _114 = pow(clamp((c * _35_slope.xyz) + _35_offset.xyz, 0.0f.xxx, 1.0f.xxx), _35_power.xyz);
        float3 _127 = dot(_114, float3(0.2125999927520751953125f, 0.715200006961822509765625f, 0.072200000286102294921875f)).xxx;
        c = clamp(_127 + ((_114 - _127) * _35_misc.x), 0.0f.xxx, 1.0f.xxx);
        float2 param = gl_FragCoord.xy;
        float3 _144 = c;
        float3 _146 = _144 + ((_noise(param) - 0.5f) * 0.0039215688593685626983642578125f).xxx;
        c = _146;
        frag_colour = float4(_146, 1.0f);
    }

    SPIRV_Cross_Output main(SPIRV_Cross_Input stage_input)
    {
        gl_FragCoord = stage_input.gl_FragCoord;
        gl_FragCoord.w = 1.0 / gl_FragCoord.w;
        at = stage_input.at;
        frag_main();
        SPIRV_Cross_Output stage_output;
        stage_output.frag_colour = frag_colour;
        return stage_output;
    }
*/
#if defined(SOKOL_D3D11)
static const uint8_t video_warp_fs_source_hlsl5[1761] = {
    0x63,0x62,0x75,0x66,0x66,0x65,0x72,0x20,0x77,0x61,0x72,0x70,0x20,0x3a,0x20,0x72,
    0x65,0x67,0x69,0x73,0x74,0x65,0x72,0x28,0x62,0x31,0x29,0x0a,0x7b,0x0a,0x20,0x20,
    0x20,0x20,0x66,0x6c,0x6f,0x61,0x74,0x34,0x20,0x5f,0x33,0x35,0x5f,0x73,0x6c,0x6f,
    0x70,0x65,0x20,0x3a,0x20,0x70,0x61,0x63,0x6b,0x6f,0x66,0x66,0x73,0x65,0x74,0x28,
    0x63,0x30,0x29,0x3b,0x0a,0x20,0x20,0x20,0x20,0x66,0x6c,0x6f,0x61,0x74,0x34,0x20,
    0x5f,0x33,0x35,0x5f,0x6f,0x66,0x66,0x73,0x65,0x74,0x20,0x3a,0x20,0x70,0x61,0x63,
    0x6b,0x6f,0x66,0x66,0x73,0x65,0x74,0x28,0x63,0x31,0x29,0x3b,0x0a,0x20,0x20,0x20,
    0x20,0x66,0x6c,0x6f,0x61,0x74,0x34,0x20,0x5f,0x33,0x35,0x5f,0x70,0x6f,0x77,0x65,
    0x72,0x20,0x3a,0x20,0x70,0x61,0x63,0x6b,0x6f,0x66,0x66,0x73,0x65,0x74,0x28,0x63,
    0x32,0x29,0x3b,0x0a,0x20,0x20,0x20,0x20,0x66,0x6c,0x6f,0x61,0x74,0x34,0x20,0x5f,
    0x33,0x35,0x5f,0x6d,0x69,0x73,0x63,0x20,0x3a,0x20,0x70,0x61,0x63,0x6b,0x6f,0x66,
    0x66,0x73,0x65,0x74,0x28,0x63,0x33,0x29,0x3b,0x0a,0x7d,0x3b,0x0a,0x0a,0x54,0x65,
    0x78,0x74,0x75,0x72,0x65,0x32,0x44,0x3c,0x66,0x6c,0x6f,0x61,0x74,0x34,0x3e,0x20,
    0x63,0x61,0x6e,0x76,0x61,0x73,0x20,0x3a,0x20,0x72,0x65,0x67,0x69,0x73,0x74,0x65,
    0x72,0x28,0x74,0x30,0x29,0x3b,0x0a,0x53,0x61,0x6d,0x70,0x6c,0x65,0x72,0x53,0x74,
    0x61,0x74,0x65,0x20,0x63,0x61,0x6e,0x76,0x61,0x73,0x5f,0x73,0x6d,0x70,0x20,0x3a,
    0x20,0x72,0x65,0x67,0x69,0x73,0x74,0x65,0x72,0x28,0x73,0x30,0x29,0x3b,0x0a,0x0a,
    0x73,0x74,0x61,0x74,0x69,0x63,0x20,0x66,0x6c,0x6f,0x61,0x74,0x34,0x20,0x67,0x6c,
    0x5f,0x46,0x72,0x61,0x67,0x43,0x6f,0x6f,0x72,0x64,0x3b,0x0a,0x73,0x74,0x61,0x74,
    0x69,0x63,0x20,0x66,0x6c,0x6f,0x61,0x74,0x32,0x20,0x61,0x74,0x3b,0x0a,0x73,0x74,
    0x61,0x74,0x69,0x63,0x20,0x66,0x6c,0x6f,0x61,0x74,0x34,0x20,0x66,0x72,0x61,0x67,
    0x5f,0x63,0x6f,0x6c,0x6f,0x75,0x72,0x3b,0x0a,0x0a,0x73,0x74,0x72,0x75,0x63,0x74,
    0x20,0x53,0x50,0x49,0x52,0x56,0x5f,0x43,0x72,0x6f,0x73,0x73,0x5f,0x49,0x6e,0x70,
    0x75,0x74,0x0a,0x7b,0x0a,0x20,0x20,0x20,0x20,0x66,0x6c,0x6f,0x61,0x74,0x32,0x20,
    0x61,0x74,0x20,0x3a,0x20,0x54,0x45,0x58,0x43,0x4f,0x4f,0x52,0x44,0x30,0x3b,0x0a,
    0x20,0x20,0x20,0x20,0x66,0x6c,0x6f,0x61,0x74,0x34,0x20,0x67,0x6c,0x5f,0x46,0x72,
    0x61,0x67,0x43,0x6f,0x6f,0x72,0x64,0x20,0x3a,0x20,0x53,0x56,0x5f,0x50,0x6f,0x73,
    0x69,0x74,0x69,0x6f,0x6e,0x3b,0x0a,0x7d,0x3b,0x0a,0x0a,0x73,0x74,0x72,0x75,0x63,
    0x74,0x20,0x53,0x50,0x49,0x52,0x56,0x5f,0x43,0x72,0x6f,0x73,0x73,0x5f,0x4f,0x75,
    0x74,0x70,0x75,0x74,0x0a,0x7b,0x0a,0x20,0x20,0x20,0x20,0x66,0x6c,0x6f,0x61,0x74,
    0x34,0x20,0x66,0x72,0x61,0x67,0x5f,0x63,0x6f,0x6c,0x6f,0x75,0x72,0x20,0x3a,0x20,
    0x53,0x56,0x5f,0x54,0x61,0x72,0x67,0x65,0x74,0x30,0x3b,0x0a,0x7d,0x3b,0x0a,0x0a,
    0x66,0x6c,0x6f,0x61,0x74,0x20,0x5f,0x6e,0x6f,0x69,0x73,0x65,0x28,0x66,0x6c,0x6f,
    0x61,0x74,0x32,0x20,0x70,0x29,0x0a,0x7b,0x0a,0x20,0x20,0x20,0x20,0x72,0x65,0x74,
    0x75,0x72,0x6e,0x20,0x66,0x72,0x61,0x63,0x28,0x73,0x69,0x6e,0x28,0x64,0x6f,0x74,
    0x28,0x70,0x2c,0x20,0x66,0x6c,0x6f,0x61,0x74,0x32,0x28,0x31,0x32,0x2e,0x39,0x38,
    0x39,0x38,0x30,0x30,0x34,0x35,0x33,0x31,0x38,0x36,0x30,0x33,0x35,0x31,0x35,0x36,
    0x32,0x35,0x66,0x2c,0x20,0x37,0x38,0x2e,0x32,0x33,0x33,0x30,0x30,0x31,0x37,0x30,
    0x38,0x39,0x38,0x34,0x33,0x37,0x35,0x66,0x29,0x29,0x29,0x20,0x2a,0x20,0x34,0x33,
    0x37,0x35,0x38,0x2e,0x35,0x34,0x36,0x38,0x37,0x35,0x66,0x29,0x3b,0x0a,0x7d,0x0a,
    0x0a,0x76,0x6f,0x69,0x64,0x20,0x66,0x72,0x61,0x67,0x5f,0x6d,0x61,0x69,0x6e,0x28,
    0x29,0x0a,0x7b,0x0a,0x20,0x20,0x20,0x20,0x66,0x6c,0x6f,0x61,0x74,0x20,0x5f,0x34,
    0x36,0x3b,0x0a,0x20,0x20,0x20,0x20,0x69,0x66,0x20,0x28,0x5f,0x33,0x35,0x5f,0x6d,
    0x69,0x73,0x63,0x2e,0x77,0x20,0x3e,0x20,0x30,0x2e,0x35,0x66,0x29,0x0a,0x20,0x20,
    0x20,0x20,0x7b,0x0a,0x20,0x20,0x20,0x20,0x20,0x20,0x20,0x20,0x5f,0x34,0x36,0x20,
    0x3d,0x20,0x31,0x2e,0x30,0x66,0x20,0x2d,0x20,0x61,0x74,0x2e,0x79,0x3b,0x0a,0x20,
    0x20,0x20,0x20,0x7d,0x0a,0x20,0x20,0x20,0x20,0x65,0x6c,0x73,0x65,0x0a,0x20,0x20,
    0x20,0x20,0x7b,0x0a,0x20,0x20,0x20,0x20,0x20,0x20,0x20,0x20,0x5f,0x34,0x36,0x20,
    0x3d,0x20,0x61,0x74,0x2e,0x79,0x3b,0x0a,0x20,0x20,0x20,0x20,0x7d,0x0a,0x20,0x20,
    0x20,0x20,0x66,0x6c,0x6f,0x61,0x74,0x33,0x20,0x63,0x20,0x3d,0x20,0x63,0x61,0x6e,
    0x76,0x61,0x73,0x2e,0x53,0x61,0x6d,0x70,0x6c,0x65,0x28,0x63,0x61,0x6e,0x76,0x61,
    0x73,0x5f,0x73,0x6d,0x70,0x2c,0x20,0x66,0x6c,0x6f,0x61,0x74,0x32,0x28,0x61,0x74,
    0x2e,0x78,0x2c,0x20,0x5f,0x34,0x36,0x29,0x29,0x2e,0x78,0x79,0x7a,0x3b,0x0a,0x20,
    0x20,0x20,0x20,0x69,0x66,0x20,0x28,0x5f,0x33,0x35,0x5f,0x6d,0x69,0x73,0x63,0x2e,
    0x7a,0x20,0x3c,0x20,0x30,0x2e,0x35,0x66,0x29,0x0a,0x20,0x20,0x20,0x20,0x7b,0x0a,
    0x20,0x20,0x20,0x20,0x20,0x20,0x20,0x20,0x66,0x72,0x61,0x67,0x5f,0x63,0x6f,0x6c,
    0x6f,0x75,0x72,0x20,0x3d,0x20,0x66,0x6c,0x6f,0x61,0x74,0x34,0x28,0x63,0x20,0x2a,
    0x20,0x5f,0x33,0x35,0x5f,0x6d,0x69,0x73,0x63,0x2e,0x79,0x2c,0x20,0x5f,0x33,0x35,
    0x5f,0x6d,0x69,0x73,0x63,0x2e,0x79,0x29,0x3b,0x0a,0x20,0x20,0x20,0x20,0x20,0x20,
    0x20,0x20,0x72,0x65,0x74,0x75,0x72,0x6e,0x3b,0x0a,0x20,0x20,0x20,0x20,0x7d,0x0a,
    0x20,0x20,0x20,0x20,0x66,0x6c,0x6f,0x61,0x74,0x33,0x20,0x5f,0x31,0x31,0x34,0x20,
    0x3d,0x20,0x70,0x6f,0x77,0x28,0x63,0x6c,0x61,0x6d,0x70,0x28,0x28,0x63,0x20,0x2a,
    0x20,0x5f,0x33,0x35,0x5f,0x73,0x6c,0x6f,0x70,0x65,0x2e,0x78,0x79,0x7a,0x29,0x20,
    0x2b,0x20,0x5f,0x33,0x35,0x5f,0x6f,0x66,0x66,0x73,0x65,0x74,0x2e,0x78,0x79,0x7a,
    0x2c,0x20,0x30,0x2e,0x30,0x66,0x2e,0x78,0x78,0x78,0x2c,0x20,0x31,0x2e,0x30,0x66,
    0x2e,0x78,0x78,0x78,0x29,0x2c,0x20,0x5f,0x33,0x35,0x5f,0x70,0x6f,0x77,0x65,0x72,
    0x2e,0x78,0x79,0x7a,0x29,0x3b,0x0a,0x20,0x20,0x20,0x20,0x66,0x6c,0x6f,0x61,0x74,
    0x33,0x20,0x5f,0x31,0x32,0x37,0x20,0x3d,0x20,0x64,0x6f,0x74,0x28,0x5f,0x31,0x31,
    0x34,0x2c,0x20,0x66,0x6c,0x6f,0x61,0x74,0x33,0x28,0x30,0x2e,0x32,0x31,0x32,0x35,
    0x39,0x39,0x39,0x39,0x32,0x37,0x35,0x32,0x30,0x37,0x35,0x31,0x39,0x35,0x33,0x31,
    0x32,0x35,0x66,0x2c,0x20,0x30,0x2e,0x37,0x31,0x35,0x32,0x30,0x30,0x30,0x30,0x36,
    0x39,0x36,0x31,0x38,0x32,0x32,0x35,0x30,0x39,0x37,0x36,0x35,0x36,0x32,0x35,0x66,
    0x2c,0x20,0x30,0x2e,0x30,0x37,0x32,0x32,0x30,0x30,0x30,0x30,0x30,0x32,0x38,0x36,
    0x31,0x30,0x32,0x32,0x39,0x34,0x39,0x32,0x31,0x38,0x37,0x35,0x66,0x29,0x29,0x2e,
    0x78,0x78,0x78,0x3b,0x0a,0x20,0x20,0x20,0x20,0x63,0x20,0x3d,0x20,0x63,0x6c,0x61,
    0x6d,0x70,0x28,0x5f,0x31,0x32,0x37,0x20,0x2b,0x20,0x28,0x28,0x5f,0x31,0x31,0x34,
    0x20,0x2d,0x20,0x5f,0x31,0x32,0x37,0x29,0x20,0x2a,0x20,0x5f,0x33,0x35,0x5f,0x6d,
    0x69,0x73,0x63,0x2e,0x78,0x29,0x2c,0x20,0x30,0x2e,0x30,0x66,0x2e,0x78,0x78,0x78,
    0x2c,0x20,0x31,0x2e,0x30,0x66,0x2e,0x78,0x78,0x78,0x29,0x3b,0x0a,0x20,0x20,0x20,
    0x20,0x66,0x6c,0x6f,0x61,0x74,0x32,0x20,0x70,0x61,0x72,0x61,0x6d,0x20,0x3d,0x20,
    0x67,0x6c,0x5f,0x46,0x72,0x61,0x67,0x43,0x6f,0x6f,0x72,0x64,0x2e,0x78,0x79,0x3b,
    0x0a,0x20,0x20,0x20,0x20,0x66,0x6c,0x6f,0x61,0x74,0x33,0x20,0x5f,0x31,0x34,0x34,
    0x20,0x3d,0x20,0x63,0x3b,0x0a,0x20,0x20,0x20,0x20,0x66,0x6c,0x6f,0x61,0x74,0x33,
    0x20,0x5f,0x31,0x34,0x36,0x20,0x3d,0x20,0x5f,0x31,0x34,0x34,0x20,0x2b,0x20,0x28,
    0x28,0x5f,0x6e,0x6f,0x69,0x73,0x65,0x28,0x70,0x61,0x72,0x61,0x6d,0x29,0x20,0x2d,
    0x20,0x30,0x2e,0x35,0x66,0x29,0x20,0x2a,0x20,0x30,0x2e,0x30,0x30,0x33,0x39,0x32,
    0x31,0x35,0x36,0x38,0x38,0x35,0x39,0x33,0x36,0x38,0x35,0x36,0x32,0x36,0x39,0x38,
    0x33,0x36,0x34,0x32,0x35,0x37,0x38,0x31,0x32,0x35,0x66,0x29,0x2e,0x78,0x78,0x78,
    0x3b,0x0a,0x20,0x20,0x20,0x20,0x63,0x20,0x3d,0x20,0x5f,0x31,0x34,0x36,0x3b,0x0a,
    0x20,0x20,0x20,0x20,0x66,0x72,0x61,0x67,0x5f,0x63,0x6f,0x6c,0x6f,0x75,0x72,0x20,
    0x3d,0x20,0x66,0x6c,0x6f,0x61,0x74,0x34,0x28,0x5f,0x31,0x34,0x36,0x2c,0x20,0x31,
    0x2e,0x30,0x66,0x29,0x3b,0x0a,0x7d,0x0a,0x0a,0x53,0x50,0x49,0x52,0x56,0x5f,0x43,
    0x72,0x6f,0x73,0x73,0x5f,0x4f,0x75,0x74,0x70,0x75,0x74,0x20,0x6d,0x61,0x69,0x6e,
    0x28,0x53,0x50,0x49,0x52,0x56,0x5f,0x43,0x72,0x6f,0x73,0x73,0x5f,0x49,0x6e,0x70,
    0x75,0x74,0x20,0x73,0x74,0x61,0x67,0x65,0x5f,0x69,0x6e,0x70,0x75,0x74,0x29,0x0a,
    0x7b,0x0a,0x20,0x20,0x20,0x20,0x67,0x6c,0x5f,0x46,0x72,0x61,0x67,0x43,0x6f,0x6f,
    0x72,0x64,0x20,0x3d,0x20,0x73,0x74,0x61,0x67,0x65,0x5f,0x69,0x6e,0x70,0x75,0x74,
    0x2e,0x67,0x6c,0x5f,0x46,0x72,0x61,0x67,0x43,0x6f,0x6f,0x72,0x64,0x3b,0x0a,0x20,
    0x20,0x20,0x20,0x67,0x6c,0x5f,0x46,0x72,0x61,0x67,0x43,0x6f,0x6f,0x72,0x64,0x2e,
    0x77,0x20,0x3d,0x20,0x31,0x2e,0x30,0x20,0x2f,0x20,0x67,0x6c,0x5f,0x46,0x72,0x61,
    0x67,0x43,0x6f,0x6f,0x72,0x64,0x2e,0x77,0x3b,0x0a,0x20,0x20,0x20,0x20,0x61,0x74,
    0x20,0x3d,0x20,0x73,0x74,0x61,0x67,0x65,0x5f,0x69,0x6e,0x70,0x75,0x74,0x2e,0x61,
    0x74,0x3b,0x0a,0x20,0x20,0x20,0x20,0x66,0x72,0x61,0x67,0x5f,0x6d,0x61,0x69,0x6e,
    0x28,0x29,0x3b,0x0a,0x20,0x20,0x20,0x20,0x53,0x50,0x49,0x52,0x56,0x5f,0x43,0x72,
    0x6f,0x73,0x73,0x5f,0x4f,0x75,0x74,0x70,0x75,0x74,0x20,0x73,0x74,0x61,0x67,0x65,
    0x5f,0x6f,0x75,0x74,0x70,0x75,0x74,0x3b,0x0a,0x20,0x20,0x20,0x20,0x73,0x74,0x61,
    0x67,0x65,0x5f,0x6f,0x75,0x74,0x70,0x75,0x74,0x2e,0x66,0x72,0x61,0x67,0x5f,0x63,
    0x6f,0x6c,0x6f,0x75,0x72,0x20,0x3d,0x20,0x66,0x72,0x61,0x67,0x5f,0x63,0x6f,0x6c,
    0x6f,0x75,0x72,0x3b,0x0a,0x20,0x20,0x20,0x20,0x72,0x65,0x74,0x75,0x72,0x6e,0x20,
    0x73,0x74,0x61,0x67,0x65,0x5f,0x6f,0x75,0x74,0x70,0x75,0x74,0x3b,0x0a,0x7d,0x0a,
    0x00,
};
#endif
/*
    #include <metal_stdlib>
    #include <simd/simd.h>

    using namespace metal;

    struct quad
    {
        float4 corner_xy01;
        float4 corner_xy23;
        float4 corner_uv01;
        float4 corner_uv23;
    };

    struct main0_out
    {
        float2 at [[user(locn0)]];
        float4 gl_Position [[position]];
    };

    vertex main0_out main0(constant quad& _26 [[buffer(0)]], uint gl_VertexIndex [[vertex_id]])
    {
        main0_out out = {};
        bool _19 = int(gl_VertexIndex) == 0;
        float2 _20;
        if (_19)
        {
            _20 = _26.corner_xy01.xy;
        }
        else
        {
            float2 _35;
            if (int(gl_VertexIndex) == 1)
            {
                _35 = _26.corner_xy01.zw;
            }
            else
            {
                float2 _45;
                if (int(gl_VertexIndex) == 2)
                {
                    _45 = _26.corner_xy23.xy;
                }
                else
                {
                    _45 = _26.corner_xy23.zw;
                }
                _35 = _45;
            }
            _20 = _35;
        }
        float2 _62;
        if (_19)
        {
            _62 = _26.corner_uv01.xy;
        }
        else
        {
            float2 _71;
            if (int(gl_VertexIndex) == 1)
            {
                _71 = _26.corner_uv01.zw;
            }
            else
            {
                float2 _80;
                if (int(gl_VertexIndex) == 2)
                {
                    _80 = _26.corner_uv23.xy;
                }
                else
                {
                    _80 = _26.corner_uv23.zw;
                }
                _71 = _80;
            }
            _62 = _71;
        }
        out.at = _62;
        out.gl_Position = float4(_20, 0.0, 1.0);
        return out;
    }

*/
#if defined(SOKOL_METAL)
static const uint8_t video_quad_vs_source_metal_macos[1539] = {
    0x23,0x69,0x6e,0x63,0x6c,0x75,0x64,0x65,0x20,0x3c,0x6d,0x65,0x74,0x61,0x6c,0x5f,
    0x73,0x74,0x64,0x6c,0x69,0x62,0x3e,0x0a,0x23,0x69,0x6e,0x63,0x6c,0x75,0x64,0x65,
    0x20,0x3c,0x73,0x69,0x6d,0x64,0x2f,0x73,0x69,0x6d,0x64,0x2e,0x68,0x3e,0x0a,0x0a,
    0x75,0x73,0x69,0x6e,0x67,0x20,0x6e,0x61,0x6d,0x65,0x73,0x70,0x61,0x63,0x65,0x20,
    0x6d,0x65,0x74,0x61,0x6c,0x3b,0x0a,0x0a,0x73,0x74,0x72,0x75,0x63,0x74,0x20,0x71,
    0x75,0x61,0x64,0x0a,0x7b,0x0a,0x20,0x20,0x20,0x20,0x66,0x6c,0x6f,0x61,0x74,0x34,
    0x20,0x63,0x6f,0x72,0x6e,0x65,0x72,0x5f,0x78,0x79,0x30,0x31,0x3b,0x0a,0x20,0x20,
    0x20,0x20,0x66,0x6c,0x6f,0x61,0x74,0x34,0x20,0x63,0x6f,0x72,0x6e,0x65,0x72,0x5f,
    0x78,0x79,0x32,0x33,0x3b,0x0a,0x20,0x20,0x20,0x20,0x66,0x6c,0x6f,0x61,0x74,0x34,
    0x20,0x63,0x6f,0x72,0x6e,0x65,0x72,0x5f,0x75,0x76,0x30,0x31,0x3b,0x0a,0x20,0x20,
    0x20,0x20,0x66,0x6c,0x6f,0x61,0x74,0x34,0x20,0x63,0x6f,0x72,0x6e,0x65,0x72,0x5f,
    0x75,0x76,0x32,0x33,0x3b,0x0a,0x7d,0x3b,0x0a,0x0a,0x73,0x74,0x72,0x75,0x63,0x74,
    0x20,0x6d,0x61,0x69,0x6e,0x30,0x5f,0x6f,0x75,0x74,0x0a,0x7b,0x0a,0x20,0x20,0x20,
    0x20,0x66,0x6c,0x6f,0x61,0x74,0x32,0x20,0x61,0x74,0x20,0x5b,0x5b,0x75,0x73,0x65,
    0x72,0x28,0x6c,0x6f,0x63,0x6e,0x30,0x29,0x5d,0x5d,0x3b,0x0a,0x20,0x20,0x20,0x20,
    0x66,0x6c,0x6f,0x61,0x74,0x34,0x20,0x67,0x6c,0x5f,0x50,0x6f,0x73,0x69,0x74,0x69,
    0x6f,0x6e,0x20,0x5b,0x5b,0x70,0x6f,0x73,0x69,0x74,0x69,0x6f,0x6e,0x5d,0x5d,0x3b,
    0x0a,0x7d,0x3b,0x0a,0x0a,0x76,0x65,0x72,0x74,0x65,0x78,0x20,0x6d,0x61,0x69,0x6e,
    0x30,0x5f,0x6f,0x75,0x74,0x20,0x6d,0x61,0x69,0x6e,0x30,0x28,0x63,0x6f,0x6e,0x73,
    0x74,0x61,0x6e,0x74,0x20,0x71,0x75,0x61,0x64,0x26,0x20,0x5f,0x32,0x36,0x20,0x5b,
    0x5b,0x62,0x75,0x66,0x66,0x65,0x72,0x28,0x30,0x29,0x5d,0x5d,0x2c,0x20,0x75,0x69,
    0x6e,0x74,0x20,0x67,0x6c,0x5f,0x56,0x65,0x72,0x74,0x65,0x78,0x49,0x6e,0x64,0x65,
    0x78,0x20,0x5b,0x5b,0x76,0x65,0x72,0x74,0x65,0x78,0x5f,0x69,0x64,0x5d,0x5d,0x29,
    0x0a,0x7b,0x0a,0x20,0x20,0x20,0x20,0x6d,0x61,0x69,0x6e,0x30,0x5f,0x6f,0x75,0x74,
    0x20,0x6f,0x75,0x74,0x20,0x3d,0x20,0x7b,0x7d,0x3b,0x0a,0x20,0x20,0x20,0x20,0x62,
    0x6f,0x6f,0x6c,0x20,0x5f,0x31,0x39,0x20,0x3d,0x20,0x69,0x6e,0x74,0x28,0x67,0x6c,
    0x5f,0x56,0x65,0x72,0x74,0x65,0x78,0x49,0x6e,0x64,0x65,0x78,0x29,0x20,0x3d,0x3d,
    0x20,0x30,0x3b,0x0a,0x20,0x20,0x20,0x20,0x66,0x6c,0x6f,0x61,0x74,0x32,0x20,0x5f,
    0x32,0x30,0x3b,0x0a,0x20,0x20,0x20,0x20,0x69,0x66,0x20,0x28,0x5f,0x31,0x39,0x29,
    0x0a,0x20,0x20,0x20,0x20,0x7b,0x0a,0x20,0x20,0x20,0x20,0x20,0x20,0x20,0x20,0x5f,
    0x32,0x30,0x20,0x3d,0x20,0x5f,0x32,0x36,0x2e,0x63,0x6f,0x72,0x6e,0x65,0x72,0x5f,
    0x78,0x79,0x30,0x31,0x2e,0x78,0x79,0x3b,0x0a,0x20,0x20,0x20,0x20,0x7d,0x0a,0x20,
    0x20,0x20,0x20,0x65,0x6c,0x73,0x65,0x0a,0x20,0x20,0x20,0x20,0x7b,0x0a,0x20,0x20,
    0x20,0x20,0x20,0x20,0x20,0x20,0x66,0x6c,0x6f,0x61,0x74,0x32,0x20,0x5f,0x33,0x35,
    0x3b,0x0a,0x20,0x20,0x20,0x20,0x20,0x20,0x20,0x20,0x69,0x66,0x20,0x28,0x69,0x6e,
    0x74,0x28,0x67,0x6c,0x5f,0x56,0x65,0x72,0x74,0x65,0x78,0x49,0x6e,0x64,0x65,0x78,
    0x29,0x20,0x3d,0x3d,0x20,0x31,0x29,0x0a,0x20,0x20,0x20,0x20,0x20,0x20,0x20,0x20,
    0x7b,0x0a,0x20,0x20,0x20,0x20,0x20,0x20,0x20,0x20,0x20,0x20,0x20,0x20,0x5f,0x33,
    0x35,0x20,0x3d,0x20,0x5f,0x32,0x36,0x2e,0x63,0x6f,0x72,0x6e,0x65,0x72,0x5f,0x78,
    0x79,0x30,0x31,0x2e,0x7a,0x77,0x3b,0x0a,0x20,0x20,0x20,0x20,0x20,0x20,0x20,0x20,
    0x7d,0x0a,0x20,0x20,0x20,0x20,0x20,0x20,0x20,0x20,0x65,0x6c,0x73,0x65,0x0a,0x20,
    0x20,0x20,0x20,0x20,0x20,0x20,0x20,0x7b,0x0a,0x20,0x20,0x20,0x20,0x20,0x20,0x20,
    0x20,0x20,0x20,0x20,0x20,0x66,0x6c,0x6f,0x61,0x74,0x32,0x20,0x5f,0x34,0x35,0x3b,
    0x0a,0x20,0x20,0x20,0x20,0x20,0x20,0x20,0x20,0x20,0x20,0x20,0x20,0x69,0x66,0x20,
    0x28,0x69,0x6e,0x74,0x28,0x67,0x6c,0x5f,0x56,0x65,0x72,0x74,0x65,0x78,0x49,0x6e,
    0x64,0x65,0x78,0x29,0x20,0x3d,0x3d,0x20,0x32,0x29,0x0a,0x20,0x20,0x20,0x20,0x20,
    0x20,0x20,0x20,0x20,0x20,0x20,0x20,0x7b,0x0a,0x20,0x20,0x20,0x20,0x20,0x20,0x20,
    0x20,0x20,0x20,0x20,0x20,0x20,0x20,0x20,0x20,0x5f,0x34,0x35,0x20,0x3d,0x20,0x5f,
    0x32,0x36,0x2e,0x63,0x6f,0x72,0x6e,0x65,0x72,0x5f,0x78,0x79,0x32,0x33,0x2e,0x78,
    0x79,0x3b,0x0a,0x20,0x20,0x20,0x20,0x20,0x20,0x20,0x20,0x20,0x20,0x20,0x20,0x7d,
    0x0a,0x20,0x20,0x20,0x20,0x20,0x20,0x20,0x20,0x20,0x20,0x20,0x20,0x65,0x6c,0x73,
    0x65,0x0a,0x20,0x20,0x20,0x20,0x20,0x20,0x20,0x20,0x20,0x20,0x20,0x20,0x7b,0x0a,
    0x20,0x20,0x20,0x20,0x20,0x20,0x20,0x20,0x20,0x20,0x20,0x20,0x20,0x20,0x20,0x20,
    0x5f,0x34,0x35,0x20,0x3d,0x20,0x5f,0x32,0x36,0x2e,0x63,0x6f,0x72,0x6e,0x65,0x72,
    0x5f,0x78,0x79,0x32,0x33,0x2e,0x7a,0x77,0x3b,0x0a,0x20,0x20,0x20,0x20,0x20,0x20,
    0x20,0x20,0x20,0x20,0x20,0x20,0x7d,0x0a,0x20,0x20,0x20,0x20,0x20,0x20,0x20,0x20,
    0x20,0x20,0x20,0x20,0x5f,0x33,0x35,0x20,0x3d,0x20,0x5f,0x34,0x35,0x3b,0x0a,0x20,
    0x20,0x20,0x20,0x20,0x20,0x20,0x20,0x7d,0x0a,0x20,0x20,0x20,0x20,0x20,0x20,0x20,
    0x20,0x5f,0x32,0x30,0x20,0x3d,0x20,0x5f,0x33,0x35,0x3b,0x0a,0x20,0x20,0x20,0x20,
    0x7d,0x0a,0x20,0x20,0x20,0x20,0x66,0x6c,0x6f,0x61,0x74,0x32,0x20,0x5f,0x36,0x32,
    0x3b,0x0a,0x20,0x20,0x20,0x20,0x69,0x66,0x20,0x28,0x5f,0x31,0x39,0x29,0x0a,0x20,
    0x20,0x20,0x20,0x7b,0x0a,0x20,0x20,0x20,0x20,0x20,0x20,0x20,0x20,0x5f,0x36,0x32,
    0x20,0x3d,0x20,0x5f,0x32,0x36,0x2e,0x63,0x6f,0x72,0x6e,0x65,0x72,0x5f,0x75,0x76,
    0x30,0x31,0x2e,0x78,0x79,0x3b,0x0a,0x20,0x20,0x20,0x20,0x7d,0x0a,0x20,0x20,0x20,
    0x20,0x65,0x6c,0x73,0x65,0x0a,0x20,0x20,0x20,0x20,0x7b,0x0a,0x20,0x20,0x20,0x20,
    0x20,0x20,0x20,0x20,0x66,0x6c,0x6f,0x61,0x74,0x32,0x20,0x5f,0x37,0x31,0x3b,0x0a,
    0x20,0x20,0x20,0x20,0x20,0x20,0x20,0x20,0x69,0x66,0x20,0x28,0x69,0x6e,0x74,0x28,
    0x67,0x6c,0x5f,0x56,0x65,0x72,0x74,0x65,0x78,0x49,0x6e,0x64,0x65,0x78,0x29,0x20,
    0x3d,0x3d,0x20,0x31,0x29,0x0a,0x20,0x20,0x20,0x20,0x20,0x20,0x20,0x20,0x7b,0x0a,
    0x20,0x20,0x20,0x20,0x20,0x20,0x20,0x20,0x20,0x20,0x20,0x20,0x5f,0x37,0x31,0x20,
    0x3d,0x20,0x5f,0x32,0x36,0x2e,0x63,0x6f,0x72,0x6e,0x65,0x72,0x5f,0x75,0x76,0x30,
    0x31,0x2e,0x7a,0x77,0x3b,0x0a,0x20,0x20,0x20,0x20,0x20,0x20,0x20,0x20,0x7d,0x0a,
    0x20,0x20,0x20,0x20,0x20,0x20,0x20,0x20,0x65,0x6c,0x73,0x65,0x0a,0x20,0x20,0x20,
    0x20,0x20,0x20,0x20,0x20,0x7b,0x0a,0x20,0x20,0x20,0x20,0x20,0x20,0x20,0x20,0x20,
    0x20,0x20,0x20,0x66,0x6c,0x6f,0x61,0x74,0x32,0x20,0x5f,0x38,0x30,0x3b,0x0a,0x20,
    0x20,0x20,0x20,0x20,0x20,0x20,0x20,0x20,0x20,0x20,0x20,0x69,0x66,0x20,0x28,0x69,
    0x6e,0x74,0x28,0x67,0x6c,0x5f,0x56,0x65,0x72,0x74,0x65,0x78,0x49,0x6e,0x64,0x65,
    0x78,0x29,0x20,0x3d,0x3d,0x20,0x32,0x29,0x0a,0x20,0x20,0x20,0x20,0x20,0x20,0x20,
    0x20,0x20,0x20,0x20,0x20,0x7b,0x0a,0x20,0x20,0x20,0x20,0x20,0x20,0x20,0x20,0x20,
    0x20,0x20,0x20,0x20,0x20,0x20,0x20,0x5f,0x38,0x30,0x20,0x3d,0x20,0x5f,0x32,0x36,
    0x2e,0x63,0x6f,0x72,0x6e,0x65,0x72,0x5f,0x75,0x76,0x32,0x33,0x2e,0x78,0x79,0x3b,
    0x0a,0x20,0x20,0x20,0x20,0x20,0x20,0x20,0x20,0x20,0x20,0x20,0x20,0x7d,0x0a,0x20,
    0x20,0x20,0x20,0x20,0x20,0x20,0x20,0x20,0x20,0x20,0x20,0x65,0x6c,0x73,0x65,0x0a,
    0x20,0x20,0x20,0x20,0x20,0x20,0x20,0x20,0x20,0x20,0x20,0x20,0x7b,0x0a,0x20,0x20,
    0x20,0x20,0x20,0x20,0x20,0x20,0x20,0x20,0x20,0x20,0x20,0x20,0x20,0x20,0x5f,0x38,
    0x30,0x20,0x3d,0x20,0x5f,0x32,0x36,0x2e,0x63,0x6f,0x72,0x6e,0x65,0x72,0x5f,0x75,
    0x76,0x32,0x33,0x2e,0x7a,0x77,0x3b,0x0a,0x20,0x20,0x20,0x20,0x20,0x20,0x20,0x20,
    0x20,0x20,0x20,0x20,0x7d,0x0a,0x20,0x20,0x20,0x20,0x20,0x20,0x20,0x20,0x20,0x20,
    0x20,0x20,0x5f,0x37,0x31,0x20,0x3d,0x20,0x5f,0x38,0x30,0x3b,0x0a,0x20,0x20,0x20,
    0x20,0x20,0x20,0x20,0x20,0x7d,0x0a,0x20,0x20,0x20,0x20,0x20,0x20,0x20,0x20,0x5f,
    0x36,0x32,0x20,0x3d,0x20,0x5f,0x37,0x31,0x3b,0x0a,0x20,0x20,0x20,0x20,0x7d,0x0a,
    0x20,0x20,0x20,0x20,0x6f,0x75,0x74,0x2e,0x61,0x74,0x20,0x3d,0x20,0x5f,0x36,0x32,
    0x3b,0x0a,0x20,0x20,0x20,0x20,0x6f,0x75,0x74,0x2e,0x67,0x6c,0x5f,0x50,0x6f,0x73,
    0x69,0x74,0x69,0x6f,0x6e,0x20,0x3d,0x20,0x66,0x6c,0x6f,0x61,0x74,0x34,0x28,0x5f,
    0x32,0x30,0x2c,0x20,0x30,0x2e,0x30,0x2c,0x20,0x31,0x2e,0x30,0x29,0x3b,0x0a,0x20,
    0x20,0x20,0x20,0x72,0x65,0x74,0x75,0x72,0x6e,0x20,0x6f,0x75,0x74,0x3b,0x0a,0x7d,
    0x0a,0x0a,0x00,
};
#endif
/*
    #include <metal_stdlib>
    #include <simd/simd.h>

    using namespace metal;

    struct main0_out
    {
        float2 at [[user(locn0)]];
        float4 gl_Position [[position]];
    };

    struct main0_in
    {
        float2 position [[attribute(0)]];
        float2 texel [[attribute(1)]];
    };

    vertex main0_out main0(main0_in in [[stage_in]])
    {
        main0_out out = {};
        out.at = in.texel;
        out.gl_Position = float4(in.position, 0.0, 1.0);
        return out;
    }

*/
#if defined(SOKOL_METAL)
static const uint8_t video_mesh_vs_source_metal_macos[429] = {
    0x23,0x69,0x6e,0x63,0x6c,0x75,0x64,0x65,0x20,0x3c,0x6d,0x65,0x74,0x61,0x6c,0x5f,
    0x73,0x74,0x64,0x6c,0x69,0x62,0x3e,0x0a,0x23,0x69,0x6e,0x63,0x6c,0x75,0x64,0x65,
    0x20,0x3c,0x73,0x69,0x6d,0x64,0x2f,0x73,0x69,0x6d,0x64,0x2e,0x68,0x3e,0x0a,0x0a,
    0x75,0x73,0x69,0x6e,0x67,0x20,0x6e,0x61,0x6d,0x65,0x73,0x70,0x61,0x63,0x65,0x20,
    0x6d,0x65,0x74,0x61,0x6c,0x3b,0x0a,0x0a,0x73,0x74,0x72,0x75,0x63,0x74,0x20,0x6d,
    0x61,0x69,0x6e,0x30,0x5f,0x6f,0x75,0x74,0x0a,0x7b,0x0a,0x20,0x20,0x20,0x20,0x66,
    0x6c,0x6f,0x61,0x74,0x32,0x20,0x61,0x74,0x20,0x5b,0x5b,0x75,0x73,0x65,0x72,0x28,
    0x6c,0x6f,0x63,0x6e,0x30,0x29,0x5d,0x5d,0x3b,0x0a,0x20,0x20,0x20,0x20,0x66,0x6c,
    0x6f,0x61,0x74,0x34,0x20,0x67,0x6c,0x5f,0x50,0x6f,0x73,0x69,0x74,0x69,0x6f,0x6e,
    0x20,0x5b,0x5b,0x70,0x6f,0x73,0x69,0x74,0x69,0x6f,0x6e,0x5d,0x5d,0x3b,0x0a,0x7d,
    0x3b,0x0a,0x0a,0x73,0x74,0x72,0x75,0x63,0x74,0x20,0x6d,0x61,0x69,0x6e,0x30,0x5f,
    0x69,0x6e,0x0a,0x7b,0x0a,0x20,0x20,0x20,0x20,0x66,0x6c,0x6f,0x61,0x74,0x32,0x20,
    0x70,0x6f,0x73,0x69,0x74,0x69,0x6f,0x6e,0x20,0x5b,0x5b,0x61,0x74,0x74,0x72,0x69,
    0x62,0x75,0x74,0x65,0x28,0x30,0x29,0x5d,0x5d,0x3b,0x0a,0x20,0x20,0x20,0x20,0x66,
    0x6c,0x6f,0x61,0x74,0x32,0x20,0x74,0x65,0x78,0x65,0x6c,0x20,0x5b,0x5b,0x61,0x74,
    0x74,0x72,0x69,0x62,0x75,0x74,0x65,0x28,0x31,0x29,0x5d,0x5d,0x3b,0x0a,0x7d,0x3b,
    0x0a,0x0a,0x76,0x65,0x72,0x74,0x65,0x78,0x20,0x6d,0x61,0x69,0x6e,0x30,0x5f,0x6f,
    0x75,0x74,0x20,0x6d,0x61,0x69,0x6e,0x30,0x28,0x6d,0x61,0x69,0x6e,0x30,0x5f,0x69,
    0x6e,0x20,0x69,0x6e,0x20,0x5b,0x5b,0x73,0x74,0x61,0x67,0x65,0x5f,0x69,0x6e,0x5d,
    0x5d,0x29,0x0a,0x7b,0x0a,0x20,0x20,0x20,0x20,0x6d,0x61,0x69,0x6e,0x30,0x5f,0x6f,
    0x75,0x74,0x20,0x6f,0x75,0x74,0x20,0x3d,0x20,0x7b,0x7d,0x3b,0x0a,0x20,0x20,0x20,
    0x20,0x6f,0x75,0x74,0x2e,0x61,0x74,0x20,0x3d,0x20,0x69,0x6e,0x2e,0x74,0x65,0x78,
    0x65,0x6c,0x3b,0x0a,0x20,0x20,0x20,0x20,0x6f,0x75,0x74,0x2e,0x67,0x6c,0x5f,0x50,
    0x6f,0x73,0x69,0x74,0x69,0x6f,0x6e,0x20,0x3d,0x20,0x66,0x6c,0x6f,0x61,0x74,0x34,
    0x28,0x69,0x6e,0x2e,0x70,0x6f,0x73,0x69,0x74,0x69,0x6f,0x6e,0x2c,0x20,0x30,0x2e,
    0x30,0x2c,0x20,0x31,0x2e,0x30,0x29,0x3b,0x0a,0x20,0x20,0x20,0x20,0x72,0x65,0x74,
    0x75,0x72,0x6e,0x20,0x6f,0x75,0x74,0x3b,0x0a,0x7d,0x0a,0x0a,0x00,
};
#endif
/*
    #include <metal_stdlib>
    #include <simd/simd.h>

    using namespace metal;

    struct fill
    {
        float4 colour;
    };

    struct main0_out
    {
        float4 frag_colour [[color(0)]];
    };

    fragment main0_out main0(constant fill& _12 [[buffer(1)]])
    {
        main0_out out = {};
        out.frag_colour = float4(_12.colour.xyz * _12.colour.w, _12.colour.w);
        return out;
    }

*/
#if defined(SOKOL_METAL)
static const uint8_t video_fill_fs_source_metal_macos[349] = {
    0x23,0x69,0x6e,0x63,0x6c,0x75,0x64,0x65,0x20,0x3c,0x6d,0x65,0x74,0x61,0x6c,0x5f,
    0x73,0x74,0x64,0x6c,0x69,0x62,0x3e,0x0a,0x23,0x69,0x6e,0x63,0x6c,0x75,0x64,0x65,
    0x20,0x3c,0x73,0x69,0x6d,0x64,0x2f,0x73,0x69,0x6d,0x64,0x2e,0x68,0x3e,0x0a,0x0a,
    0x75,0x73,0x69,0x6e,0x67,0x20,0x6e,0x61,0x6d,0x65,0x73,0x70,0x61,0x63,0x65,0x20,
    0x6d,0x65,0x74,0x61,0x6c,0x3b,0x0a,0x0a,0x73,0x74,0x72,0x75,0x63,0x74,0x20,0x66,
    0x69,0x6c,0x6c,0x0a,0x7b,0x0a,0x20,0x20,0x20,0x20,0x66,0x6c,0x6f,0x61,0x74,0x34,
    0x20,0x63,0x6f,0x6c,0x6f,0x75,0x72,0x3b,0x0a,0x7d,0x3b,0x0a,0x0a,0x73,0x74,0x72,
    0x75,0x63,0x74,0x20,0x6d,0x61,0x69,0x6e,0x30,0x5f,0x6f,0x75,0x74,0x0a,0x7b,0x0a,
    0x20,0x20,0x20,0x20,0x66,0x6c,0x6f,0x61,0x74,0x34,0x20,0x66,0x72,0x61,0x67,0x5f,
    0x63,0x6f,0x6c,0x6f,0x75,0x72,0x20,0x5b,0x5b,0x63,0x6f,0x6c,0x6f,0x72,0x28,0x30,
    0x29,0x5d,0x5d,0x3b,0x0a,0x7d,0x3b,0x0a,0x0a,0x66,0x72,0x61,0x67,0x6d,0x65,0x6e,
    0x74,0x20,0x6d,0x61,0x69,0x6e,0x30,0x5f,0x6f,0x75,0x74,0x20,0x6d,0x61,0x69,0x6e,
    0x30,0x28,0x63,0x6f,0x6e,0x73,0x74,0x61,0x6e,0x74,0x20,0x66,0x69,0x6c,0x6c,0x26,
    0x20,0x5f,0x31,0x32,0x20,0x5b,0x5b,0x62,0x75,0x66,0x66,0x65,0x72,0x28,0x31,0x29,
    0x5d,0x5d,0x29,0x0a,0x7b,0x0a,0x20,0x20,0x20,0x20,0x6d,0x61,0x69,0x6e,0x30,0x5f,
    0x6f,0x75,0x74,0x20,0x6f,0x75,0x74,0x20,0x3d,0x20,0x7b,0x7d,0x3b,0x0a,0x20,0x20,
    0x20,0x20,0x6f,0x75,0x74,0x2e,0x66,0x72,0x61,0x67,0x5f,0x63,0x6f,0x6c,0x6f,0x75,
    0x72,0x20,0x3d,0x20,0x66,0x6c,0x6f,0x61,0x74,0x34,0x28,0x5f,0x31,0x32,0x2e,0x63,
    0x6f,0x6c,0x6f,0x75,0x72,0x2e,0x78,0x79,0x7a,0x20,0x2a,0x20,0x5f,0x31,0x32,0x2e,
    0x63,0x6f,0x6c,0x6f,0x75,0x72,0x2e,0x77,0x2c,0x20,0x5f,0x31,0x32,0x2e,0x63,0x6f,
    0x6c,0x6f,0x75,0x72,0x2e,0x77,0x29,0x3b,0x0a,0x20,0x20,0x20,0x20,0x72,0x65,0x74,
    0x75,0x72,0x6e,0x20,0x6f,0x75,0x74,0x3b,0x0a,0x7d,0x0a,0x0a,0x00,
};
#endif
/*
    #pragma clang diagnostic ignored "-Wmissing-prototypes"

    #include <metal_stdlib>
    #include <simd/simd.h>

    using namespace metal;

    struct grade
    {
        float4 grade_a;
        float4 grade_b;
    };

    struct main0_out
    {
        float4 frag_colour [[color(0)]];
    };

    struct main0_in
    {
        float2 at [[user(locn0)]];
    };

    static inline __attribute__((always_inline))
    float3 apply_grade(thread float3& c, constant grade& _22, texture2d<float> grade_tables, sampler grade_smp)
    {
        c = powr(fast::clamp(c, float3(0.0), float3(1.0)), float3(1.0 / _22.grade_a.x));
        c = ((c - float3(0.5)) * _22.grade_a.y) + float3(0.5);
        float3 _54 = float3(dot(c, float3(0.2125999927520751953125, 0.715200006961822509765625, 0.072200000286102294921875)));
        float3 _55 = c - _54;
        c = fast::clamp(_54 + ((((_55 * _22.grade_b.x) + (cross(float3(0.57735025882720947265625), _55) * _22.grade_b.y)) + ((float3(0.57735025882720947265625) * dot(float3(0.57735025882720947265625), _55)) * (1.0 - _22.grade_b.x))) * _22.grade_a.z), float3(0.0), float3(1.0));
        if (_22.grade_a.w > 0.5)
        {
            float3 _107 = ((c * 255.0) + float3(0.5)) * float3(0.00390625);
            c = float3(grade_tables.sample(grade_smp, float2(_107.x, 0.5)).x, grade_tables.sample(grade_smp, float2(_107.y, 0.5)).y, grade_tables.sample(grade_smp, float2(_107.z, 0.5)).z);
        }
        return c;
    }

    fragment main0_out main0(main0_in in [[stage_in]], constant grade& _22 [[buffer(1)]], texture2d<float> picture [[texture(0)]], texture2d<float> grade_tables [[texture(1)]], sampler picture_smp [[sampler(0)]], sampler grade_smp [[sampler(1)]])
    {
        main0_out out = {};
        float4 _154 = picture.sample(picture_smp, in.at);
        float _157 = _154.w;
        float3 _159;
        if (_157 > 0.0)
        {
            float3 param = _154.xyz / float3(_157);
            float3 _169 = apply_grade(param, _22, grade_tables, grade_smp);
            _159 = _169;
        }
        else
        {
            _159 = float3(0.0);
        }
        out.frag_colour = float4(_159 * _157, _157) * _22.grade_b.z;
        return out;
    }

*/
#if defined(SOKOL_METAL)
static const uint8_t video_picture_fs_source_metal_macos[2010] = {
    0x23,0x70,0x72,0x61,0x67,0x6d,0x61,0x20,0x63,0x6c,0x61,0x6e,0x67,0x20,0x64,0x69,
    0x61,0x67,0x6e,0x6f,0x73,0x74,0x69,0x63,0x20,0x69,0x67,0x6e,0x6f,0x72,0x65,0x64,
    0x20,0x22,0x2d,0x57,0x6d,0x69,0x73,0x73,0x69,0x6e,0x67,0x2d,0x70,0x72,0x6f,0x74,
    0x6f,0x74,0x79,0x70,0x65,0x73,0x22,0x0a,0x0a,0x23,0x69,0x6e,0x63,0x6c,0x75,0x64,
    0x65,0x20,0x3c,0x6d,0x65,0x74,0x61,0x6c,0x5f,0x73,0x74,0x64,0x6c,0x69,0x62,0x3e,
    0x0a,0x23,0x69,0x6e,0x63,0x6c,0x75,0x64,0x65,0x20,0x3c,0x73,0x69,0x6d,0x64,0x2f,
    0x73,0x69,0x6d,0x64,0x2e,0x68,0x3e,0x0a,0x0a,0x75,0x73,0x69,0x6e,0x67,0x20,0x6e,
    0x61,0x6d,0x65,0x73,0x70,0x61,0x63,0x65,0x20,0x6d,0x65,0x74,0x61,0x6c,0x3b,0x0a,
    0x0a,0x73,0x74,0x72,0x75,0x63,0x74,0x20,0x67,0x72,0x61,0x64,0x65,0x0a,0x7b,0x0a,
    0x20,0x20,0x20,0x20,0x66,0x6c,0x6f,0x61,0x74,0x34,0x20,0x67,0x72,0x61,0x64,0x65,
    0x5f,0x61,0x3b,0x0a,0x20,0x20,0x20,0x20,0x66,0x6c,0x6f,0x61,0x74,0x34,0x20,0x67,
    0x72,0x61,0x64,0x65,0x5f,0x62,0x3b,0x0a,0x7d,0x3b,0x0a,0x0a,0x73,0x74,0x72,0x75,
    0x63,0x74,0x20,0x6d,0x61,0x69,0x6e,0x30,0x5f,0x6f,0x75,0x74,0x0a,0x7b,0x0a,0x20,
    0x20,0x20,0x20,0x66,0x6c,0x6f,0x61,0x74,0x34,0x20,0x66,0x72,0x61,0x67,0x5f,0x63,
    0x6f,0x6c,0x6f,0x75,0x72,0x20,0x5b,0x5b,0x63,0x6f,0x6c,0x6f,0x72,0x28,0x30,0x29,
    0x5d,0x5d,0x3b,0x0a,0x7d,0x3b,0x0a,0x0a,0x73,0x74,0x72,0x75,0x63,0x74,0x20,0x6d,
    0x61,0x69,0x6e,0x30,0x5f,0x69,0x6e,0x0a,0x7b,0x0a,0x20,0x20,0x20,0x20,0x66,0x6c,
    0x6f,0x61,0x74,0x32,0x20,0x61,0x74,0x20,0x5b,0x5b,0x75,0x73,0x65,0x72,0x28,0x6c,
    0x6f,0x63,0x6e,0x30,0x29,0x5d,0x5d,0x3b,0x0a,0x7d,0x3b,0x0a,0x0a,0x73,0x74,0x61,
    0x74,0x69,0x63,0x20,0x69,0x6e,0x6c,0x69,0x6e,0x65,0x20,0x5f,0x5f,0x61,0x74,0x74,
    0x72,0x69,0x62,0x75,0x74,0x65,0x5f,0x5f,0x28,0x28,0x61,0x6c,0x77,0x61,0x79,0x73,
    0x5f,0x69,0x6e,0x6c,0x69,0x6e,0x65,0x29,0x29,0x0a,0x66,0x6c,0x6f,0x61,0x74,0x33,
    0x20,0x61,0x70,0x70,0x6c,0x79,0x5f,0x67,0x72,0x61,0x64,0x65,0x28,0x74,0x68,0x72,
    0x65,0x61,0x64,0x20,0x66,0x6c,0x6f,0x61,0x74,0x33,0x26,0x20,0x63,0x2c,0x20,0x63,
    0x6f,0x6e,0x73,0x74,0x61,0x6e,0x74,0x20,0x67,0x72,0x61,0x64,0x65,0x26,0x20,0x5f,
    0x32,0x32,0x2c,0x20,0x74,0x65,0x78,0x74,0x75,0x72,0x65,0x32,0x64,0x3c,0x66,0x6c,
    0x6f,0x61,0x74,0x3e,0x20,0x67,0x72,0x61,0x64,0x65,0x5f,0x74,0x61,0x62,0x6c,0x65,
    0x73,0x2c,0x20,0x73,0x61,0x6d,0x70,0x6c,0x65,0x72,0x20,0x67,0x72,0x61,0x64,0x65,
    0x5f,0x73,0x6d,0x70,0x29,0x0a,0x7b,0x0a,0x20,0x20,0x20,0x20,0x63,0x20,0x3d,0x20,
    0x70,0x6f,0x77,0x72,0x28,0x66,0x61,0x73,0x74,0x3a,0x3a,0x63,0x6c,0x61,0x6d,0x70,
    0x28,0x63,0x2c,0x20,0x66,0x6c,0x6f,0x61,0x74,0x33,0x28,0x30,0x2e,0x30,0x29,0x2c,
    0x20,0x66,0x6c,0x6f,0x61,0x74,0x33,0x28,0x31,0x2e,0x30,0x29,0x29,0x2c,0x20,0x66,
    0x6c,0x6f,0x61,0x74,0x33,0x28,0x31,0x2e,0x30,0x20,0x2f,0x20,0x5f,0x32,0x32,0x2e,
    0x67,0x72,0x61,0x64,0x65,0x5f,0x61,0x2e,0x78,0x29,0x29,0x3b,0x0a,0x20,0x20,0x20,
    0x20,0x63,0x20,0x3d,0x20,0x28,0x28,0x63,0x20,0x2d,0x20,0x66,0x6c,0x6f,0x61,0x74,
    0x33,0x28,0x30,0x2e,0x35,0x29,0x29,0x20,0x2a,0x20,0x5f,0x32,0x32,0x2e,0x67,0x72,
    0x61,0x64,0x65,0x5f,0x61,0x2e,0x79,0x29,0x20,0x2b,0x20,0x66,0x6c,0x6f,0x61,0x74,
    0x33,0x28,0x30,0x2e,0x35,0x29,0x3b,0x0a,0x20,0x20,0x20,0x20,0x66,0x6c,0x6f,0x61,
    0x74,0x33,0x20,0x5f,0x35,0x34,0x20,0x3d,0x20,0x66,0x6c,0x6f,0x61,0x74,0x33,0x28,
    0x64,0x6f,0x74,0x28,0x63,0x2c,0x20,0x66,0x6c,0x6f,0x61,0x74,0x33,0x28,0x30,0x2e,
    0x32,0x31,0x32,0x35,0x39,0x39,0x39,0x39,0x32,0x37,0x35,0x32,0x30,0x37,0x35,0x31,
    0x39,0x35,0x33,0x31,0x32,0x35,0x2c,0x20,0x30,0x2e,0x37,0x31,0x35,0x32,0x30,0x30,
    0x30,0x30,0x36,0x39,0x36,0x31,0x38,0x32,0x32,0x35,0x30,0x39,0x37,0x36,0x35,0x36,
    0x32,0x35,0x2c,0x20,0x30,0x2e,0x30,0x37,0x32,0x32,0x30,0x30,0x30,0x30,0x30,0x32,
    0x38,0x36,0x31,0x30,0x32,0x32,0x39,0x34,0x39,0x32,0x31,0x38,0x37,0x35,0x29,0x29,
    0x29,0x3b,0x0a,0x20,0x20,0x20,0x20,0x66,0x6c,0x6f,0x61,0x74,0x33,0x20,0x5f,0x35,
    0x35,0x20,0x3d,0x20,0x63,0x20,0x2d,0x20,0x5f,0x35,0x34,0x3b,0x0a,0x20,0x20,0x20,
    0x20,0x63,0x20,0x3d,0x20,0x66,0x61,0x73,0x74,0x3a,0x3a,0x63,0x6c,0x61,0x6d,0x70,
    0x28,0x5f,0x35,0x34,0x20,0x2b,0x20,0x28,0x28,0x28,0x28,0x5f,0x35,0x35,0x20,0x2a,
    0x20,0x5f,0x32,0x32,0x2e,0x67,0x72,0x61,0x64,0x65,0x5f,0x62,0x2e,0x78,0x29,0x20,
    0x2b,0x20,0x28,0x63,0x72,0x6f,0x73,0x73,0x28,0x66,0x6c,0x6f,0x61,0x74,0x33,0x28,
    0x30,0x2e,0x35,0x37,0x37,0x33,0x35,0x30,0x32,0x35,0x38,0x38,0x32,0x37,0x32,0x30,
    0x39,0x34,0x37,0x32,0x36,0x35,0x36,0x32,0x35,0x29,0x2c,0x20,0x5f,0x35,0x35,0x29,
    0x20,0x2a,0x20,0x5f,0x32,0x32,0x2e,0x67,0x72,0x61,0x64,0x65,0x5f,0x62,0x2e,0x79,
    0x29,0x29,0x20,0x2b,0x20,0x28,0x28,0x66,0x6c,0x6f,0x61,0x74,0x33,0x28,0x30,0x2e,
    0x35,0x37,0x37,0x33,0x35,0x30,0x32,0x35,0x38,0x38,0x32,0x37,0x32,0x30,0x39,0x34,
    0x37,0x32,0x36,0x35,0x36,0x32,0x35,0x29,0x20,0x2a,0x20,0x64,0x6f,0x74,0x28,0x66,
    0x6c,0x6f,0x61,0x74,0x33,0x28,0x30,0x2e,0x35,0x37,0x37,0x33,0x35,0x30,0x32,0x35,
    0x38,0x38,0x32,0x37,0x32,0x30,0x39,0x34,0x37,0x32,0x36,0x35,0x36,0x32,0x35,0x29,
    0x2c,0x20,0x5f,0x35,0x35,0x29,0x29,0x20,0x2a,0x20,0x28,0x31,0x2e,0x30,0x20,0x2d,
    0x20,0x5f,0x32,0x32,0x2e,0x67,0x72,0x61,0x64,0x65,0x5f,0x62,0x2e,0x78,0x29,0x29,
    0x29,0x20,0x2a,0x20,0x5f,0x32,0x32,0x2e,0x67,0x72,0x61,0x64,0x65,0x5f,0x61,0x2e,
    0x7a,0x29,0x2c,0x20,0x66,0x6c,0x6f,0x61,0x74,0x33,0x28,0x30,0x2e,0x30,0x29,0x2c,
    0x20,0x66,0x6c,0x6f,0x61,0x74,0x33,0x28,0x31,0x2e,0x30,0x29,0x29,0x3b,0x0a,0x20,
    0x20,0x20,0x20,0x69,0x66,0x20,0x28,0x5f,0x32,0x32,0x2e,0x67,0x72,0x61,0x64,0x65,
    0x5f,0x61,0x2e,0x77,0x20,0x3e,0x20,0x30,0x2e,0x35,0x29,0x0a,0x20,0x20,0x20,0x20,
    0x7b,0x0a,0x20,0x20,0x20,0x20,0x20,0x20,0x20,0x20,0x66,0x6c,0x6f,0x61,0x74,0x33,
    0x20,0x5f,0x31,0x30,0x37,0x20,0x3d,0x20,0x28,0x28,0x63,0x20,0x2a,0x20,0x32,0x35,
    0x35,0x2e,0x30,0x29,0x20,0x2b,0x20,0x66,0x6c,0x6f,0x61,0x74,0x33,0x28,0x30,0x2e,
    0x35,0x29,0x29,0x20,0x2a,0x20,0x66,0x6c,0x6f,0x61,0x74,0x33,0x28,0x30,0x2e,0x30,
    0x30,0x33,0x39,0x30,0x36,0x32,0x35,0x29,0x3b,0x0a,0x20,0x20,0x20,0x20,0x20,0x20,
    0x20,0x20,0x63,0x20,0x3d,0x20,0x66,0x6c,0x6f,0x61,0x74,0x33,0x28,0x67,0x72,0x61,
    0x64,0x65,0x5f,0x74,0x61,0x62,0x6c,0x65,0x73,0x2e,0x73,0x61,0x6d,0x70,0x6c,0x65,
    0x28,0x67,0x72,0x61,0x64,0x65,0x5f,0x73,0x6d,0x70,0x2c,0x20,0x66,0x6c,0x6f,0x61,
    0x74,0x32,0x28,0x5f,0x31,0x30,0x37,0x2e,0x78,0x2c,0x20,0x30,0x2e,0x35,0x29,0x29,
    0x2e,0x78,0x2c,0x20,0x67,0x72,0x61,0x64,0x65,0x5f,0x74,0x61,0x62,0x6c,0x65,0x73,
    0x2e,0x73,0x61,0x6d,0x70,0x6c,0x65,0x28,0x67,0x72,0x61,0x64,0x65,0x5f,0x73,0x6d,
    0x70,0x2c,0x20,0x66,0x6c,0x6f,0x61,0x74,0x32,0x28,0x5f,0x31,0x30,0x37,0x2e,0x79,
    0x2c,0x20,0x30,0x2e,0x35,0x29,0x29,0x2e,0x79,0x2c,0x20,0x67,0x72,0x61,0x64,0x65,
    0x5f,0x74,0x61,0x62,0x6c,0x65,0x73,0x2e,0x73,0x61,0x6d,0x70,0x6c,0x65,0x28,0x67,
    0x72,0x61,0x64,0x65,0x5f,0x73,0x6d,0x70,0x2c,0x20,0x66,0x6c,0x6f,0x61,0x74,0x32,
    0x28,0x5f,0x31,0x30,0x37,0x2e,0x7a,0x2c,0x20,0x30,0x2e,0x35,0x29,0x29,0x2e,0x7a,
    0x29,0x3b,0x0a,0x20,0x20,0x20,0x20,0x7d,0x0a,0x20,0x20,0x20,0x20,0x72,0x65,0x74,
    0x75,0x72,0x6e,0x20,0x63,0x3b,0x0a,0x7d,0x0a,0x0a,0x66,0x72,0x61,0x67,0x6d,0x65,
    0x6e,0x74,0x20,0x6d,0x61,0x69,0x6e,0x30,0x5f,0x6f,0x75,0x74,0x20,0x6d,0x61,0x69,
    0x6e,0x30,0x28,0x6d,0x61,0x69,0x6e,0x30,0x5f,0x69,0x6e,0x20,0x69,0x6e,0x20,0x5b,
    0x5b,0x73,0x74,0x61,0x67,0x65,0x5f,0x69,0x6e,0x5d,0x5d,0x2c,0x20,0x63,0x6f,0x6e,
    0x73,0x74,0x61,0x6e,0x74,0x20,0x67,0x72,0x61,0x64,0x65,0x26,0x20,0x5f,0x32,0x32,
    0x20,0x5b,0x5b,0x62,0x75,0x66,0x66,0x65,0x72,0x28,0x31,0x29,0x5d,0x5d,0x2c,0x20,
    0x74,0x65,0x78,0x74,0x75,0x72,0x65,0x32,0x64,0x3c,0x66,0x6c,0x6f,0x61,0x74,0x3e,
    0x20,0x70,0x69,0x63,0x74,0x75,0x72,0x65,0x20,0x5b,0x5b,0x74,0x65,0x78,0x74,0x75,
    0x72,0x65,0x28,0x30,0x29,0x5d,0x5d,0x2c,0x20,0x74,0x65,0x78,0x74,0x75,0x72,0x65,
    0x32,0x64,0x3c,0x66,0x6c,0x6f,0x61,0x74,0x3e,0x20,0x67,0x72,0x61,0x64,0x65,0x5f,
    0x74,0x61,0x62,0x6c,0x65,0x73,0x20,0x5b,0x5b,0x74,0x65,0x78,0x74,0x75,0x72,0x65,
    0x28,0x31,0x29,0x5d,0x5d,0x2c,0x20,0x73,0x61,0x6d,0x70,0x6c,0x65,0x72,0x20,0x70,
    0x69,0x63,0x74,0x75,0x72,0x65,0x5f,0x73,0x6d,0x70,0x20,0x5b,0x5b,0x73,0x61,0x6d,
    0x70,0x6c,0x65,0x72,0x28,0x30,0x29,0x5d,0x5d,0x2c,0x20,0x73,0x61,0x6d,0x70,0x6c,
    0x65,0x72,0x20,0x67,0x72,0x61,0x64,0x65,0x5f,0x73,0x6d,0x70,0x20,0x5b,0x5b,0x73,
    0x61,0x6d,0x70,0x6c,0x65,0x72,0x28,0x31,0x29,0x5d,0x5d,0x29,0x0a,0x7b,0x0a,0x20,
    0x20,0x20,0x20,0x6d,0x61,0x69,0x6e,0x30,0x5f,0x6f,0x75,0x74,0x20,0x6f,0x75,0x74,
    0x20,0x3d,0x20,0x7b,0x7d,0x3b,0x0a,0x20,0x20,0x20,0x20,0x66,0x6c,0x6f,0x61,0x74,
    0x34,0x20,0x5f,0x31,0x35,0x34,0x20,0x3d,0x20,0x70,0x69,0x63,0x74,0x75,0x72,0x65,
    0x2e,0x73,0x61,0x6d,0x70,0x6c,0x65,0x28,0x70,0x69,0x63,0x74,0x75,0x72,0x65,0x5f,
    0x73,0x6d,0x70,0x2c,0x20,0x69,0x6e,0x2e,0x61,0x74,0x29,0x3b,0x0a,0x20,0x20,0x20,
    0x20,0x66,0x6c,0x6f,0x61,0x74,0x20,0x5f,0x31,0x35,0x37,0x20,0x3d,0x20,0x5f,0x31,
    0x35,0x34,0x2e,0x77,0x3b,0x0a,0x20,0x20,0x20,0x20,0x66,0x6c,0x6f,0x61,0x74,0x33,
    0x20,0x5f,0x31,0x35,0x39,0x3b,0x0a,0x20,0x20,0x20,0x20,0x69,0x66,0x20,0x28,0x5f,
    0x31,0x35,0x37,0x20,0x3e,0x20,0x30,0x2e,0x30,0x29,0x0a,0x20,0x20,0x20,0x20,0x7b,
    0x0a,0x20,0x20,0x20,0x20,0x20,0x20,0x20,0x20,0x66,0x6c,0x6f,0x61,0x74,0x33,0x20,
    0x70,0x61,0x72,0x61,0x6d,0x20,0x3d,0x20,0x5f,0x31,0x35,0x34,0x2e,0x78,0x79,0x7a,
    0x20,0x2f,0x20,0x66,0x6c,0x6f,0x61,0x74,0x33,0x28,0x5f,0x31,0x35,0x37,0x29,0x3b,
    0x0a,0x20,0x20,0x20,0x20,0x20,0x20,0x20,0x20,0x66,0x6c,0x6f,0x61,0x74,0x33,0x20,
    0x5f,0x31,0x36,0x39,0x20,0x3d,0x20,0x61,0x70,0x70,0x6c,0x79,0x5f,0x67,0x72,0x61,
    0x64,0x65,0x28,0x70,0x61,0x72,0x61,0x6d,0x2c,0x20,0x5f,0x32,0x32,0x2c,0x20,0x67,
    0x72,0x61,0x64,0x65,0x5f,0x74,0x61,0x62,0x6c,0x65,0x73,0x2c,0x20,0x67,0x72,0x61,
    0x64,0x65,0x5f,0x73,0x6d,0x70,0x29,0x3b,0x0a,0x20,0x20,0x20,0x20,0x20,0x20,0x20,
    0x20,0x5f,0x31,0x35,0x39,0x20,0x3d,0x20,0x5f,0x31,0x36,0x39,0x3b,0x0a,0x20,0x20,
    0x20,0x20,0x7d,0x0a,0x20,0x20,0x20,0x20,0x65,0x6c,0x73,0x65,0x0a,0x20,0x20,0x20,
    0x20,0x7b,0x0a,0x20,0x20,0x20,0x20,0x20,0x20,0x20,0x20,0x5f,0x31,0x35,0x39,0x20,
    0x3d,0x20,0x66,0x6c,0x6f,0x61,0x74,0x33,0x28,0x30,0x2e,0x30,0x29,0x3b,0x0a,0x20,
    0x20,0x20,0x20,0x7d,0x0a,0x20,0x20,0x20,0x20,0x6f,0x75,0x74,0x2e,0x66,0x72,0x61,
    0x67,0x5f,0x63,0x6f,0x6c,0x6f,0x75,0x72,0x20,0x3d,0x20,0x66,0x6c,0x6f,0x61,0x74,
    0x34,0x28,0x5f,0x31,0x35,0x39,0x20,0x2a,0x20,0x5f,0x31,0x35,0x37,0x2c,0x20,0x5f,
    0x31,0x35,0x37,0x29,0x20,0x2a,0x20,0x5f,0x32,0x32,0x2e,0x67,0x72,0x61,0x64,0x65,
    0x5f,0x62,0x2e,0x7a,0x3b,0x0a,0x20,0x20,0x20,0x20,0x72,0x65,0x74,0x75,0x72,0x6e,
    0x20,0x6f,0x75,0x74,0x3b,0x0a,0x7d,0x0a,0x0a,0x00,
};
#endif
/*
    #pragma clang diagnostic ignored "-Wmissing-prototypes"

    #include <metal_stdlib>
    #include <simd/simd.h>

    using namespace metal;

    struct grade
    {
        float4 grade_a;
        float4 grade_b;
    };

    struct main0_out
    {
        float4 frag_colour [[color(0)]];
    };

    struct main0_in
    {
        float2 at [[user(locn0)]];
    };

    static inline __attribute__((always_inline))
    float3 apply_grade(thread float3& c, constant grade& _22, texture2d<float> grade_tables, sampler grade_smp)
    {
        c = powr(fast::clamp(c, float3(0.0), float3(1.0)), float3(1.0 / _22.grade_a.x));
        c = ((c - float3(0.5)) * _22.grade_a.y) + float3(0.5);
        float3 _54 = float3(dot(c, float3(0.2125999927520751953125, 0.715200006961822509765625, 0.072200000286102294921875)));
        float3 _55 = c - _54;
        c = fast::clamp(_54 + ((((_55 * _22.grade_b.x) + (cross(float3(0.57735025882720947265625), _55) * _22.grade_b.y)) + ((float3(0.57735025882720947265625) * dot(float3(0.57735025882720947265625), _55)) * (1.0 - _22.grade_b.x))) * _22.grade_a.z), float3(0.0), float3(1.0));
        if (_22.grade_a.w > 0.5)
        {
            float3 _107 = ((c * 255.0) + float3(0.5)) * float3(0.00390625);
            c = float3(grade_tables.sample(grade_smp, float2(_107.x, 0.5)).x, grade_tables.sample(grade_smp, float2(_107.y, 0.5)).y, grade_tables.sample(grade_smp, float2(_107.z, 0.5)).z);
        }
        return c;
    }

    fragment main0_out main0(main0_in in [[stage_in]], constant grade& _22 [[buffer(1)]], texture2d<float> picture [[texture(0)]], texture2d<float> grade_tables [[texture(1)]], sampler picture_smp [[sampler(0)]], sampler grade_smp [[sampler(1)]])
    {
        main0_out out = {};
        float4 _154 = picture.sample(picture_smp, in.at);
        float _159;
        if (_22.grade_b.w > 0.5)
        {
            _159 = 1.0;
        }
        else
        {
            _159 = _154.w;
        }
        float3 param = _154.xyz;
        float3 _171 = apply_grade(param, _22, grade_tables, grade_smp);
        out.frag_colour = float4(_171 * _159, _159) * _22.grade_b.z;
        return out;
    }

*/
#if defined(SOKOL_METAL)
static const uint8_t video_movie_fs_source_metal_macos[1964] = {
    0x23,0x70,0x72,0x61,0x67,0x6d,0x61,0x20,0x63,0x6c,0x61,0x6e,0x67,0x20,0x64,0x69,
    0x61,0x67,0x6e,0x6f,0x73,0x74,0x69,0x63,0x20,0x69,0x67,0x6e,0x6f,0x72,0x65,0x64,
    0x20,0x22,0x2d,0x57,0x6d,0x69,0x73,0x73,0x69,0x6e,0x67,0x2d,0x70,0x72,0x6f,0x74,
    0x6f,0x74,0x79,0x70,0x65,0x73,0x22,0x0a,0x0a,0x23,0x69,0x6e,0x63,0x6c,0x75,0x64,
    0x65,0x20,0x3c,0x6d,0x65,0x74,0x61,0x6c,0x5f,0x73,0x74,0x64,0x6c,0x69,0x62,0x3e,
    0x0a,0x23,0x69,0x6e,0x63,0x6c,0x75,0x64,0x65,0x20,0x3c,0x73,0x69,0x6d,0x64,0x2f,
    0x73,0x69,0x6d,0x64,0x2e,0x68,0x3e,0x0a,0x0a,0x75,0x73,0x69,0x6e,0x67,0x20,0x6e,
    0x61,0x6d,0x65,0x73,0x70,0x61,0x63,0x65,0x20,0x6d,0x65,0x74,0x61,0x6c,0x3b,0x0a,
    0x0a,0x73,0x74,0x72,0x75,0x63,0x74,0x20,0x67,0x72,0x61,0x64,0x65,0x0a,0x7b,0x0a,
    0x20,0x20,0x20,0x20,0x66,0x6c,0x6f,0x61,0x74,0x34,0x20,0x67,0x72,0x61,0x64,0x65,
    0x5f,0x61,0x3b,0x0a,0x20,0x20,0x20,0x20,0x66,0x6c,0x6f,0x61,0x74,0x34,0x20,0x67,
    0x72,0x61,0x64,0x65,0x5f,0x62,0x3b,0x0a,0x7d,0x3b,0x0a,0x0a,0x73,0x74,0x72,0x75,
    0x63,0x74,0x20,0x6d,0x61,0x69,0x6e,0x30,0x5f,0x6f,0x75,0x74,0x0a,0x7b,0x0a,0x20,
    0x20,0x20,0x20,0x66,0x6c,0x6f,0x61,0x74,0x34,0x20,0x66,0x72,0x61,0x67,0x5f,0x63,
    0x6f,0x6c,0x6f,0x75,0x72,0x20,0x5b,0x5b,0x63,0x6f,0x6c,0x6f,0x72,0x28,0x30,0x29,
    0x5d,0x5d,0x3b,0x0a,0x7d,0x3b,0x0a,0x0a,0x73,0x74,0x72,0x75,0x63,0x74,0x20,0x6d,
    0x61,0x69,0x6e,0x30,0x5f,0x69,0x6e,0x0a,0x7b,0x0a,0x20,0x20,0x20,0x20,0x66,0x6c,
    0x6f,0x61,0x74,0x32,0x20,0x61,0x74,0x20,0x5b,0x5b,0x75,0x73,0x65,0x72,0x28,0x6c,
    0x6f,0x63,0x6e,0x30,0x29,0x5d,0x5d,0x3b,0x0a,0x7d,0x3b,0x0a,0x0a,0x73,0x74,0x61,
    0x74,0x69,0x63,0x20,0x69,0x6e,0x6c,0x69,0x6e,0x65,0x20,0x5f,0x5f,0x61,0x74,0x74,
    0x72,0x69,0x62,0x75,0x74,0x65,0x5f,0x5f,0x28,0x28,0x61,0x6c,0x77,0x61,0x79,0x73,
    0x5f,0x69,0x6e,0x6c,0x69,0x6e,0x65,0x29,0x29,0x0a,0x66,0x6c,0x6f,0x61,0x74,0x33,
    0x20,0x61,0x70,0x70,0x6c,0x79,0x5f,0x67,0x72,0x61,0x64,0x65,0x28,0x74,0x68,0x72,
    0x65,0x61,0x64,0x20,0x66,0x6c,0x6f,0x61,0x74,0x33,0x26,0x20,0x63,0x2c,0x20,0x63,
    0x6f,0x6e,0x73,0x74,0x61,0x6e,0x74,0x20,0x67,0x72,0x61,0x64,0x65,0x26,0x20,0x5f,
    0x32,0x32,0x2c,0x20,0x74,0x65,0x78,0x74,0x75,0x72,0x65,0x32,0x64,0x3c,0x66,0x6c,
    0x6f,0x61,0x74,0x3e,0x20,0x67,0x72,0x61,0x64,0x65,0x5f,0x74,0x61,0x62,0x6c,0x65,
    0x73,0x2c,0x20,0x73,0x61,0x6d,0x70,0x6c,0x65,0x72,0x20,0x67,0x72,0x61,0x64,0x65,
    0x5f,0x73,0x6d,0x70,0x29,0x0a,0x7b,0x0a,0x20,0x20,0x20,0x20,0x63,0x20,0x3d,0x20,
    0x70,0x6f,0x77,0x72,0x28,0x66,0x61,0x73,0x74,0x3a,0x3a,0x63,0x6c,0x61,0x6d,0x70,
    0x28,0x63,0x2c,0x20,0x66,0x6c,0x6f,0x61,0x74,0x33,0x28,0x30,0x2e,0x30,0x29,0x2c,
    0x20,0x66,0x6c,0x6f,0x61,0x74,0x33,0x28,0x31,0x2e,0x30,0x29,0x29,0x2c,0x20,0x66,
    0x6c,0x6f,0x61,0x74,0x33,0x28,0x31,0x2e,0x30,0x20,0x2f,0x20,0x5f,0x32,0x32,0x2e,
    0x67,0x72,0x61,0x64,0x65,0x5f,0x61,0x2e,0x78,0x29,0x29,0x3b,0x0a,0x20,0x20,0x20,
    0x20,0x63,0x20,0x3d,0x20,0x28,0x28,0x63,0x20,0x2d,0x20,0x66,0x6c,0x6f,0x61,0x74,
    0x33,0x28,0x30,0x2e,0x35,0x29,0x29,0x20,0x2a,0x20,0x5f,0x32,0x32,0x2e,0x67,0x72,
    0x61,0x64,0x65,0x5f,0x61,0x2e,0x79,0x29,0x20,0x2b,0x20,0x66,0x6c,0x6f,0x61,0x74,
    0x33,0x28,0x30,0x2e,0x35,0x29,0x3b,0x0a,0x20,0x20,0x20,0x20,0x66,0x6c,0x6f,0x61,
    0x74,0x33,0x20,0x5f,0x35,0x34,0x20,0x3d,0x20,0x66,0x6c,0x6f,0x61,0x74,0x33,0x28,
    0x64,0x6f,0x74,0x28,0x63,0x2c,0x20,0x66,0x6c,0x6f,0x61,0x74,0x33,0x28,0x30,0x2e,
    0x32,0x31,0x32,0x35,0x39,0x39,0x39,0x39,0x32,0x37,0x35,0x32,0x30,0x37,0x35,0x31,
    0x39,0x35,0x33,0x31,0x32,0x35,0x2c,0x20,0x30,0x2e,0x37,0x31,0x35,0x32,0x30,0x30,
    0x30,0x30,0x36,0x39,0x36,0x31,0x38,0x32,0x32,0x35,0x30,0x39,0x37,0x36,0x35,0x36,
    0x32,0x35,0x2c,0x20,0x30,0x2e,0x30,0x37,0x32,0x32,0x30,0x30,0x30,0x30,0x30,0x32,
    0x38,0x36,0x31,0x30,0x32,0x32,0x39,0x34,0x39,0x32,0x31,0x38,0x37,0x35,0x29,0x29,
    0x29,0x3b,0x0a,0x20,0x20,0x20,0x20,0x66,0x6c,0x6f,0x61,0x74,0x33,0x20,0x5f,0x35,
    0x35,0x20,0x3d,0x20,0x63,0x20,0x2d,0x20,0x5f,0x35,0x34,0x3b,0x0a,0x20,0x20,0x20,
    0x20,0x63,0x20,0x3d,0x20,0x66,0x61,0x73,0x74,0x3a,0x3a,0x63,0x6c,0x61,0x6d,0x70,
    0x28,0x5f,0x35,0x34,0x20,0x2b,0x20,0x28,0x28,0x28,0x28,0x5f,0x35,0x35,0x20,0x2a,
    0x20,0x5f,0x32,0x32,0x2e,0x67,0x72,0x61,0x64,0x65,0x5f,0x62,0x2e,0x78,0x29,0x20,
    0x2b,0x20,0x28,0x63,0x72,0x6f,0x73,0x73,0x28,0x66,0x6c,0x6f,0x61,0x74,0x33,0x28,
    0x30,0x2e,0x35,0x37,0x37,0x33,0x35,0x30,0x32,0x35,0x38,0x38,0x32,0x37,0x32,0x30,
    0x39,0x34,0x37,0x32,0x36,0x35,0x36,0x32,0x35,0x29,0x2c,0x20,0x5f,0x35,0x35,0x29,
    0x20,0x2a,0x20,0x5f,0x32,0x32,0x2e,0x67,0x72,0x61,0x64,0x65,0x5f,0x62,0x2e,0x79,
    0x29,0x29,0x20,0x2b,0x20,0x28,0x28,0x66,0x6c,0x6f,0x61,0x74,0x33,0x28,0x30,0x2e,
    0x35,0x37,0x37,0x33,0x35,0x30,0x32,0x35,0x38,0x38,0x32,0x37,0x32,0x30,0x39,0x34,
    0x37,0x32,0x36,0x35,0x36,0x32,0x35,0x29,0x20,0x2a,0x20,0x64,0x6f,0x74,0x28,0x66,
    0x6c,0x6f,0x61,0x74,0x33,0x28,0x30,0x2e,0x35,0x37,0x37,0x33,0x35,0x30,0x32,0x35,
    0x38,0x38,0x32,0x37,0x32,0x30,0x39,0x34,0x37,0x32,0x36,0x35,0x36,0x32,0x35,0x29,
    0x2c,0x20,0x5f,0x35,0x35,0x29,0x29,0x20,0x2a,0x20,0x28,0x31,0x2e,0x30,0x20,0x2d,
    0x20,0x5f,0x32,0x32,0x2e,0x67,0x72,0x61,0x64,0x65,0x5f,0x62,0x2e,0x78,0x29,0x29,
    0x29,0x20,0x2a,0x20,0x5f,0x32,0x32,0x2e,0x67,0x72,0x61,0x64,0x65,0x5f,0x61,0x2e,
    0x7a,0x29,0x2c,0x20,0x66,0x6c,0x6f,0x61,0x74,0x33,0x28,0x30,0x2e,0x30,0x29,0x2c,
    0x20,0x66,0x6c,0x6f,0x61,0x74,0x33,0x28,0x31,0x2e,0x30,0x29,0x29,0x3b,0x0a,0x20,
    0x20,0x20,0x20,0x69,0x66,0x20,0x28,0x5f,0x32,0x32,0x2e,0x67,0x72,0x61,0x64,0x65,
    0x5f,0x61,0x2e,0x77,0x20,0x3e,0x20,0x30,0x2e,0x35,0x29,0x0a,0x20,0x20,0x20,0x20,
    0x7b,0x0a,0x20,0x20,0x20,0x20,0x20,0x20,0x20,0x20,0x66,0x6c,0x6f,0x61,0x74,0x33,
    0x20,0x5f,0x31,0x30,0x37,0x20,0x3d,0x20,0x28,0x28,0x63,0x20,0x2a,0x20,0x32,0x35,
    0x35,0x2e,0x30,0x29,0x20,0x2b,0x20,0x66,0x6c,0x6f,0x61,0x74,0x33,0x28,0x30,0x2e,
    0x35,0x29,0x29,0x20,0x2a,0x20,0x66,0x6c,0x6f,0x61,0x74,0x33,0x28,0x30,0x2e,0x30,
    0x30,0x33,0x39,0x30,0x36,0x32,0x35,0x29,0x3b,0x0a,0x20,0x20,0x20,0x20,0x20,0x20,
    0x20,0x20,0x63,0x20,0x3d,0x20,0x66,0x6c,0x6f,0x61,0x74,0x33,0x28,0x67,0x72,0x61,
    0x64,0x65,0x5f,0x74,0x61,0x62,0x6c,0x65,0x73,0x2e,0x73,0x61,0x6d,0x70,0x6c,0x65,
    0x28,0x67,0x72,0x61,0x64,0x65,0x5f,0x73,0x6d,0x70,0x2c,0x20,0x66,0x6c,0x6f,0x61,
    0x74,0x32,0x28,0x5f,0x31,0x30,0x37,0x2e,0x78,0x2c,0x20,0x30,0x2e,0x35,0x29,0x29,
    0x2e,0x78,0x2c,0x20,0x67,0x72,0x61,0x64,0x65,0x5f,0x74,0x61,0x62,0x6c,0x65,0x73,
    0x2e,0x73,0x61,0x6d,0x70,0x6c,0x65,0x28,0x67,0x72,0x61,0x64,0x65,0x5f,0x73,0x6d,
    0x70,0x2c,0x20,0x66,0x6c,0x6f,0x61,0x74,0x32,0x28,0x5f,0x31,0x30,0x37,0x2e,0x79,
    0x2c,0x20,0x30,0x2e,0x35,0x29,0x29,0x2e,0x79,0x2c,0x20,0x67,0x72,0x61,0x64,0x65,
    0x5f,0x74,0x61,0x62,0x6c,0x65,0x73,0x2e,0x73,0x61,0x6d,0x70,0x6c,0x65,0x28,0x67,
    0x72,0x61,0x64,0x65,0x5f,0x73,0x6d,0x70,0x2c,0x20,0x66,0x6c,0x6f,0x61,0x74,0x32,
    0x28,0x5f,0x31,0x30,0x37,0x2e,0x7a,0x2c,0x20,0x30,0x2e,0x35,0x29,0x29,0x2e,0x7a,
    0x29,0x3b,0x0a,0x20,0x20,0x20,0x20,0x7d,0x0a,0x20,0x20,0x20,0x20,0x72,0x65,0x74,
    0x75,0x72,0x6e,0x20,0x63,0x3b,0x0a,0x7d,0x0a,0x0a,0x66,0x72,0x61,0x67,0x6d,0x65,
    0x6e,0x74,0x20,0x6d,0x61,0x69,0x6e,0x30,0x5f,0x6f,0x75,0x74,0x20,0x6d,0x61,0x69,
    0x6e,0x30,0x28,0x6d,0x61,0x69,0x6e,0x30,0x5f,0x69,0x6e,0x20,0x69,0x6e,0x20,0x5b,
    0x5b,0x73,0x74,0x61,0x67,0x65,0x5f,0x69,0x6e,0x5d,0x5d,0x2c,0x20,0x63,0x6f,0x6e,
    0x73,0x74,0x61,0x6e,0x74,0x20,0x67,0x72,0x61,0x64,0x65,0x26,0x20,0x5f,0x32,0x32,
    0x20,0x5b,0x5b,0x62,0x75,0x66,0x66,0x65,0x72,0x28,0x31,0x29,0x5d,0x5d,0x2c,0x20,
    0x74,0x65,0x78,0x74,0x75,0x72,0x65,0x32,0x64,0x3c,0x66,0x6c,0x6f,0x61,0x74,0x3e,
    0x20,0x70,0x69,0x63,0x74,0x75,0x72,0x65,0x20,0x5b,0x5b,0x74,0x65,0x78,0x74,0x75,
    0x72,0x65,0x28,0x30,0x29,0x5d,0x5d,0x2c,0x20,0x74,0x65,0x78,0x74,0x75,0x72,0x65,
    0x32,0x64,0x3c,0x66,0x6c,0x6f,0x61,0x74,0x3e,0x20,0x67,0x72,0x61,0x64,0x65,0x5f,
    0x74,0x61,0x62,0x6c,0x65,0x73,0x20,0x5b,0x5b,0x74,0x65,0x78,0x74,0x75,0x72,0x65,
    0x28,0x31,0x29,0x5d,0x5d,0x2c,0x20,0x73,0x61,0x6d,0x70,0x6c,0x65,0x72,0x20,0x70,
    0x69,0x63,0x74,0x75,0x72,0x65,0x5f,0x73,0x6d,0x70,0x20,0x5b,0x5b,0x73,0x61,0x6d,
    0x70,0x6c,0x65,0x72,0x28,0x30,0x29,0x5d,0x5d,0x2c,0x20,0x73,0x61,0x6d,0x70,0x6c,
    0x65,0x72,0x20,0x67,0x72,0x61,0x64,0x65,0x5f,0x73,0x6d,0x70,0x20,0x5b,0x5b,0x73,
    0x61,0x6d,0x70,0x6c,0x65,0x72,0x28,0x31,0x29,0x5d,0x5d,0x29,0x0a,0x7b,0x0a,0x20,
    0x20,0x20,0x20,0x6d,0x61,0x69,0x6e,0x30,0x5f,0x6f,0x75,0x74,0x20,0x6f,0x75,0x74,
    0x20,0x3d,0x20,0x7b,0x7d,0x3b,0x0a,0x20,0x20,0x20,0x20,0x66,0x6c,0x6f,0x61,0x74,
    0x34,0x20,0x5f,0x31,0x35,0x34,0x20,0x3d,0x20,0x70,0x69,0x63,0x74,0x75,0x72,0x65,
    0x2e,0x73,0x61,0x6d,0x70,0x6c,0x65,0x28,0x70,0x69,0x63,0x74,0x75,0x72,0x65,0x5f,
    0x73,0x6d,0x70,0x2c,0x20,0x69,0x6e,0x2e,0x61,0x74,0x29,0x3b,0x0a,0x20,0x20,0x20,
    0x20,0x66,0x6c,0x6f,0x61,0x74,0x20,0x5f,0x31,0x35,0x39,0x3b,0x0a,0x20,0x20,0x20,
    0x20,0x69,0x66,0x20,0x28,0x5f,0x32,0x32,0x2e,0x67,0x72,0x61,0x64,0x65,0x5f,0x62,
    0x2e,0x77,0x20,0x3e,0x20,0x30,0x2e,0x35,0x29,0x0a,0x20,0x20,0x20,0x20,0x7b,0x0a,
    0x20,0x20,0x20,0x20,0x20,0x20,0x20,0x20,0x5f,0x31,0x35,0x39,0x20,0x3d,0x20,0x31,
    0x2e,0x30,0x3b,0x0a,0x20,0x20,0x20,0x20,0x7d,0x0a,0x20,0x20,0x20,0x20,0x65,0x6c,
    0x73,0x65,0x0a,0x20,0x20,0x20,0x20,0x7b,0x0a,0x20,0x20,0x20,0x20,0x20,0x20,0x20,
    0x20,0x5f,0x31,0x35,0x39,0x20,0x3d,0x20,0x5f,0x31,0x35,0x34,0x2e,0x77,0x3b,0x0a,
    0x20,0x20,0x20,0x20,0x7d,0x0a,0x20,0x20,0x20,0x20,0x66,0x6c,0x6f,0x61,0x74,0x33,
    0x20,0x70,0x61,0x72,0x61,0x6d,0x20,0x3d,0x20,0x5f,0x31,0x35,0x34,0x2e,0x78,0x79,
    0x7a,0x3b,0x0a,0x20,0x20,0x20,0x20,0x66,0x6c,0x6f,0x61,0x74,0x33,0x20,0x5f,0x31,
    0x37,0x31,0x20,0x3d,0x20,0x61,0x70,0x70,0x6c,0x79,0x5f,0x67,0x72,0x61,0x64,0x65,
    0x28,0x70,0x61,0x72,0x61,0x6d,0x2c,0x20,0x5f,0x32,0x32,0x2c,0x20,0x67,0x72,0x61,
    0x64,0x65,0x5f,0x74,0x61,0x62,0x6c,0x65,0x73,0x2c,0x20,0x67,0x72,0x61,0x64,0x65,
    0x5f,0x73,0x6d,0x70,0x29,0x3b,0x0a,0x20,0x20,0x20,0x20,0x6f,0x75,0x74,0x2e,0x66,
    0x72,0x61,0x67,0x5f,0x63,0x6f,0x6c,0x6f,0x75,0x72,0x20,0x3d,0x20,0x66,0x6c,0x6f,
    0x61,0x74,0x34,0x28,0x5f,0x31,0x37,0x31,0x20,0x2a,0x20,0x5f,0x31,0x35,0x39,0x2c,
    0x20,0x5f,0x31,0x35,0x39,0x29,0x20,0x2a,0x20,0x5f,0x32,0x32,0x2e,0x67,0x72,0x61,
    0x64,0x65,0x5f,0x62,0x2e,0x7a,0x3b,0x0a,0x20,0x20,0x20,0x20,0x72,0x65,0x74,0x75,
    0x72,0x6e,0x20,0x6f,0x75,0x74,0x3b,0x0a,0x7d,0x0a,0x0a,0x00,
};
#endif
/*
    #pragma clang diagnostic ignored "-Wmissing-prototypes"

    #include <metal_stdlib>
    #include <simd/simd.h>

    using namespace metal;

    struct grade
    {
        float4 grade_a;
        float4 grade_b;
    };

    struct main0_out
    {
        float4 frag_colour [[color(0)]];
    };

    struct main0_in
    {
        float2 at [[user(locn0)]];
    };

    static inline __attribute__((always_inline))
    float3 apply_grade(thread float3& c, constant grade& _22, texture2d<float> grade_tables, sampler grade_smp)
    {
        c = powr(fast::clamp(c, float3(0.0), float3(1.0)), float3(1.0 / _22.grade_a.x));
        c = ((c - float3(0.5)) * _22.grade_a.y) + float3(0.5);
        float3 _54 = float3(dot(c, float3(0.2125999927520751953125, 0.715200006961822509765625, 0.072200000286102294921875)));
        float3 _55 = c - _54;
        c = fast::clamp(_54 + ((((_55 * _22.grade_b.x) + (cross(float3(0.57735025882720947265625), _55) * _22.grade_b.y)) + ((float3(0.57735025882720947265625) * dot(float3(0.57735025882720947265625), _55)) * (1.0 - _22.grade_b.x))) * _22.grade_a.z), float3(0.0), float3(1.0));
        if (_22.grade_a.w > 0.5)
        {
            float3 _107 = ((c * 255.0) + float3(0.5)) * float3(0.00390625);
            c = float3(grade_tables.sample(grade_smp, float2(_107.x, 0.5)).x, grade_tables.sample(grade_smp, float2(_107.y, 0.5)).y, grade_tables.sample(grade_smp, float2(_107.z, 0.5)).z);
        }
        return c;
    }

    fragment main0_out main0(main0_in in [[stage_in]], constant grade& _22 [[buffer(1)]], texture2d<float> picture [[texture(0)]], texture2d<float> grade_tables [[texture(1)]], sampler picture_smp [[sampler(0)]], sampler grade_smp [[sampler(1)]])
    {
        main0_out out = {};
        float4 _154 = picture.sample(picture_smp, in.at);
        float _160 = (_154.z * 31.875) + 1.0;
        float _167 = (_154.x - 0.501960813999176025390625) / _160;
        float _173 = (_154.y - 0.501960813999176025390625) / _160;
        float _176 = _154.w;
        float3 param = fast::clamp(float3((_176 + _167) - _173, _176 + _173, (_176 - _167) - _173), float3(0.0), float3(1.0));
        float3 _199 = apply_grade(param, _22, grade_tables, grade_smp);
        out.frag_colour = float4(_199, 1.0) * _22.grade_b.z;
        return out;
    }

*/
#if defined(SOKOL_METAL)
static const uint8_t video_movie_q_fs_source_metal_macos[2122] = {
    0x23,0x70,0x72,0x61,0x67,0x6d,0x61,0x20,0x63,0x6c,0x61,0x6e,0x67,0x20,0x64,0x69,
    0x61,0x67,0x6e,0x6f,0x73,0x74,0x69,0x63,0x20,0x69,0x67,0x6e,0x6f,0x72,0x65,0x64,
    0x20,0x22,0x2d,0x57,0x6d,0x69,0x73,0x73,0x69,0x6e,0x67,0x2d,0x70,0x72,0x6f,0x74,
    0x6f,0x74,0x79,0x70,0x65,0x73,0x22,0x0a,0x0a,0x23,0x69,0x6e,0x63,0x6c,0x75,0x64,
    0x65,0x20,0x3c,0x6d,0x65,0x74,0x61,0x6c,0x5f,0x73,0x74,0x64,0x6c,0x69,0x62,0x3e,
    0x0a,0x23,0x69,0x6e,0x63,0x6c,0x75,0x64,0x65,0x20,0x3c,0x73,0x69,0x6d,0x64,0x2f,
    0x73,0x69,0x6d,0x64,0x2e,0x68,0x3e,0x0a,0x0a,0x75,0x73,0x69,0x6e,0x67,0x20,0x6e,
    0x61,0x6d,0x65,0x73,0x70,0x61,0x63,0x65,0x20,0x6d,0x65,0x74,0x61,0x6c,0x3b,0x0a,
    0x0a,0x73,0x74,0x72,0x75,0x63,0x74,0x20,0x67,0x72,0x61,0x64,0x65,0x0a,0x7b,0x0a,
    0x20,0x20,0x20,0x20,0x66,0x6c,0x6f,0x61,0x74,0x34,0x20,0x67,0x72,0x61,0x64,0x65,
    0x5f,0x61,0x3b,0x0a,0x20,0x20,0x20,0x20,0x66,0x6c,0x6f,0x61,0x74,0x34,0x20,0x67,
    0x72,0x61,0x64,0x65,0x5f,0x62,0x3b,0x0a,0x7d,0x3b,0x0a,0x0a,0x73,0x74,0x72,0x75,
    0x63,0x74,0x20,0x6d,0x61,0x69,0x6e,0x30,0x5f,0x6f,0x75,0x74,0x0a,0x7b,0x0a,0x20,
    0x20,0x20,0x20,0x66,0x6c,0x6f,0x61,0x74,0x34,0x20,0x66,0x72,0x61,0x67,0x5f,0x63,
    0x6f,0x6c,0x6f,0x75,0x72,0x20,0x5b,0x5b,0x63,0x6f,0x6c,0x6f,0x72,0x28,0x30,0x29,
    0x5d,0x5d,0x3b,0x0a,0x7d,0x3b,0x0a,0x0a,0x73,0x74,0x72,0x75,0x63,0x74,0x20,0x6d,
    0x61,0x69,0x6e,0x30,0x5f,0x69,0x6e,0x0a,0x7b,0x0a,0x20,0x20,0x20,0x20,0x66,0x6c,
    0x6f,0x61,0x74,0x32,0x20,0x61,0x74,0x20,0x5b,0x5b,0x75,0x73,0x65,0x72,0x28,0x6c,
    0x6f,0x63,0x6e,0x30,0x29,0x5d,0x5d,0x3b,0x0a,0x7d,0x3b,0x0a,0x0a,0x73,0x74,0x61,
    0x74,0x69,0x63,0x20,0x69,0x6e,0x6c,0x69,0x6e,0x65,0x20,0x5f,0x5f,0x61,0x74,0x74,
    0x72,0x69,0x62,0x75,0x74,0x65,0x5f,0x5f,0x28,0x28,0x61,0x6c,0x77,0x61,0x79,0x73,
    0x5f,0x69,0x6e,0x6c,0x69,0x6e,0x65,0x29,0x29,0x0a,0x66,0x6c,0x6f,0x61,0x74,0x33,
    0x20,0x61,0x70,0x70,0x6c,0x79,0x5f,0x67,0x72,0x61,0x64,0x65,0x28,0x74,0x68,0x72,
    0x65,0x61,0x64,0x20,0x66,0x6c,0x6f,0x61,0x74,0x33,0x26,0x20,0x63,0x2c,0x20,0x63,
    0x6f,0x6e,0x73,0x74,0x61,0x6e,0x74,0x20,0x67,0x72,0x61,0x64,0x65,0x26,0x20,0x5f,
    0x32,0x32,0x2c,0x20,0x74,0x65,0x78,0x74,0x75,0x72,0x65,0x32,0x64,0x3c,0x66,0x6c,
    0x6f,0x61,0x74,0x3e,0x20,0x67,0x72,0x61,0x64,0x65,0x5f,0x74,0x61,0x62,0x6c,0x65,
    0x73,0x2c,0x20,0x73,0x61,0x6d,0x70,0x6c,0x65,0x72,0x20,0x67,0x72,0x61,0x64,0x65,
    0x5f,0x73,0x6d,0x70,0x29,0x0a,0x7b,0x0a,0x20,0x20,0x20,0x20,0x63,0x20,0x3d,0x20,
    0x70,0x6f,0x77,0x72,0x28,0x66,0x61,0x73,0x74,0x3a,0x3a,0x63,0x6c,0x61,0x6d,0x70,
    0x28,0x63,0x2c,0x20,0x66,0x6c,0x6f,0x61,0x74,0x33,0x28,0x30,0x2e,0x30,0x29,0x2c,
    0x20,0x66,0x6c,0x6f,0x61,0x74,0x33,0x28,0x31,0x2e,0x30,0x29,0x29,0x2c,0x20,0x66,
    0x6c,0x6f,0x61,0x74,0x33,0x28,0x31,0x2e,0x30,0x20,0x2f,0x20,0x5f,0x32,0x32,0x2e,
    0x67,0x72,0x61,0x64,0x65,0x5f,0x61,0x2e,0x78,0x29,0x29,0x3b,0x0a,0x20,0x20,0x20,
    0x20,0x63,0x20,0x3d,0x20,0x28,0x28,0x63,0x20,0x2d,0x20,0x66,0x6c,0x6f,0x61,0x74,
    0x33,0x28,0x30,0x2e,0x35,0x29,0x29,0x20,0x2a,0x20,0x5f,0x32,0x32,0x2e,0x67,0x72,
    0x61,0x64,0x65,0x5f,0x61,0x2e,0x79,0x29,0x20,0x2b,0x20,0x66,0x6c,0x6f,0x61,0x74,
    0x33,0x28,0x30,0x2e,0x35,0x29,0x3b,0x0a,0x20,0x20,0x20,0x20,0x66,0x6c,0x6f,0x61,
    0x74,0x33,0x20,0x5f,0x35,0x34,0x20,0x3d,0x20,0x66,0x6c,0x6f,0x61,0x74,0x33,0x28,
    0x64,0x6f,0x74,0x28,0x63,0x2c,0x20,0x66,0x6c,0x6f,0x61,0x74,0x33,0x28,0x30,0x2e,
    0x32,0x31,0x32,0x35,0x39,0x39,0x39,0x39,0x32,0x37,0x35,0x32,0x30,0x37,0x35,0x31,
    0x39,0x35,0x33,0x31,0x32,0x35,0x2c,0x20,0x30,0x2e,0x37,0x31,0x35,0x32,0x30,0x30,
    0x30,0x30,0x36,0x39,0x36,0x31,0x38,0x32,0x32,0x35,0x30,0x39,0x37,0x36,0x35,0x36,
    0x32,0x35,0x2c,0x20,0x30,0x2e,0x30,0x37,0x32,0x32,0x30,0x30,0x30,0x30,0x30,0x32,
    0x38,0x36,0x31,0x30,0x32,0x32,0x39,0x34,0x39,0x32,0x31,0x38,0x37,0x35,0x29,0x29,
    0x29,0x3b,0x0a,0x20,0x20,0x20,0x20,0x66,0x6c,0x6f,0x61,0x74,0x33,0x20,0x5f,0x35,
    0x35,0x20,0x3d,0x20,0x63,0x20,0x2d,0x20,0x5f,0x35,0x34,0x3b,0x0a,0x20,0x20,0x20,
    0x20,0x63,0x20,0x3d,0x20,0x66,0x61,0x73,0x74,0x3a,0x3a,0x63,0x6c,0x61,0x6d,0x70,
    0x28,0x5f,0x35,0x34,0x20,0x2b,0x20,0x28,0x28,0x28,0x28,0x5f,0x35,0x35,0x20,0x2a,
    0x20,0x5f,0x32,0x32,0x2e,0x67,0x72,0x61,0x64,0x65,0x5f,0x62,0x2e,0x78,0x29,0x20,
    0x2b,0x20,0x28,0x63,0x72,0x6f,0x73,0x73,0x28,0x66,0x6c,0x6f,0x61,0x74,0x33,0x28,
    0x30,0x2e,0x35,0x37,0x37,0x33,0x35,0x30,0x32,0x35,0x38,0x38,0x32,0x37,0x32,0x30,
    0x39,0x34,0x37,0x32,0x36,0x35,0x36,0x32,0x35,0x29,0x2c,0x20,0x5f,0x35,0x35,0x29,
    0x20,0x2a,0x20,0x5f,0x32,0x32,0x2e,0x67,0x72,0x61,0x64,0x65,0x5f,0x62,0x2e,0x79,
    0x29,0x29,0x20,0x2b,0x20,0x28,0x28,0x66,0x6c,0x6f,0x61,0x74,0x33,0x28,0x30,0x2e,
    0x35,0x37,0x37,0x33,0x35,0x30,0x32,0x35,0x38,0x38,0x32,0x37,0x32,0x30,0x39,0x34,
    0x37,0x32,0x36,0x35,0x36,0x32,0x35,0x29,0x20,0x2a,0x20,0x64,0x6f,0x74,0x28,0x66,
    0x6c,0x6f,0x61,0x74,0x33,0x28,0x30,0x2e,0x35,0x37,0x37,0x33,0x35,0x30,0x32,0x35,
    0x38,0x38,0x32,0x37,0x32,0x30,0x39,0x34,0x37,0x32,0x36,0x35,0x36,0x32,0x35,0x29,
    0x2c,0x20,0x5f,0x35,0x35,0x29,0x29,0x20,0x2a,0x20,0x28,0x31,0x2e,0x30,0x20,0x2d,
    0x20,0x5f,0x32,0x32,0x2e,0x67,0x72,0x61,0x64,0x65,0x5f,0x62,0x2e,0x78,0x29,0x29,
    0x29,0x20,0x2a,0x20,0x5f,0x32,0x32,0x2e,0x67,0x72,0x61,0x64,0x65,0x5f,0x61,0x2e,
    0x7a,0x29,0x2c,0x20,0x66,0x6c,0x6f,0x61,0x74,0x33,0x28,0x30,0x2e,0x30,0x29,0x2c,
    0x20,0x66,0x6c,0x6f,0x61,0x74,0x33,0x28,0x31,0x2e,0x30,0x29,0x29,0x3b,0x0a,0x20,
    0x20,0x20,0x20,0x69,0x66,0x20,0x28,0x5f,0x32,0x32,0x2e,0x67,0x72,0x61,0x64,0x65,
    0x5f,0x61,0x2e,0x77,0x20,0x3e,0x20,0x30,0x2e,0x35,0x29,0x0a,0x20,0x20,0x20,0x20,
    0x7b,0x0a,0x20,0x20,0x20,0x20,0x20,0x20,0x20,0x20,0x66,0x6c,0x6f,0x61,0x74,0x33,
    0x20,0x5f,0x31,0x30,0x37,0x20,0x3d,0x20,0x28,0x28,0x63,0x20,0x2a,0x20,0x32,0x35,
    0x35,0x2e,0x30,0x29,0x20,0x2b,0x20,0x66,0x6c,0x6f,0x61,0x74,0x33,0x28,0x30,0x2e,
    0x35,0x29,0x29,0x20,0x2a,0x20,0x66,0x6c,0x6f,0x61,0x74,0x33,0x28,0x30,0x2e,0x30,
    0x30,0x33,0x39,0x30,0x36,0x32,0x35,0x29,0x3b,0x0a,0x20,0x20,0x20,0x20,0x20,0x20,
    0x20,0x20,0x63,0x20,0x3d,0x20,0x66,0x6c,0x6f,0x61,0x74,0x33,0x28,0x67,0x72,0x61,
    0x64,0x65,0x5f,0x74,0x61,0x62,0x6c,0x65,0x73,0x2e,0x73,0x61,0x6d,0x70,0x6c,0x65,
    0x28,0x67,0x72,0x61,0x64,0x65,0x5f,0x73,0x6d,0x70,0x2c,0x20,0x66,0x6c,0x6f,0x61,
    0x74,0x32,0x28,0x5f,0x31,0x30,0x37,0x2e,0x78,0x2c,0x20,0x30,0x2e,0x35,0x29,0x29,
    0x2e,0x78,0x2c,0x20,0x67,0x72,0x61,0x64,0x65,0x5f,0x74,0x61,0x62,0x6c,0x65,0x73,
    0x2e,0x73,0x61,0x6d,0x70,0x6c,0x65,0x28,0x67,0x72,0x61,0x64,0x65,0x5f,0x73,0x6d,
    0x70,0x2c,0x20,0x66,0x6c,0x6f,0x61,0x74,0x32,0x28,0x5f,0x31,0x30,0x37,0x2e,0x79,
    0x2c,0x20,0x30,0x2e,0x35,0x29,0x29,0x2e,0x79,0x2c,0x20,0x67,0x72,0x61,0x64,0x65,
    0x5f,0x74,0x61,0x62,0x6c,0x65,0x73,0x2e,0x73,0x61,0x6d,0x70,0x6c,0x65,0x28,0x67,
    0x72,0x61,0x64,0x65,0x5f,0x73,0x6d,0x70,0x2c,0x20,0x66,0x6c,0x6f,0x61,0x74,0x32,
    0x28,0x5f,0x31,0x30,0x37,0x2e,0x7a,0x2c,0x20,0x30,0x2e,0x35,0x29,0x29,0x2e,0x7a,
    0x29,0x3b,0x0a,0x20,0x20,0x20,0x20,0x7d,0x0a,0x20,0x20,0x20,0x20,0x72,0x65,0x74,
    0x75,0x72,0x6e,0x20,0x63,0x3b,0x0a,0x7d,0x0a,0x0a,0x66,0x72,0x61,0x67,0x6d,0x65,
    0x6e,0x74,0x20,0x6d,0x61,0x69,0x6e,0x30,0x5f,0x6f,0x75,0x74,0x20,0x6d,0x61,0x69,
    0x6e,0x30,0x28,0x6d,0x61,0x69,0x6e,0x30,0x5f,0x69,0x6e,0x20,0x69,0x6e,0x20,0x5b,
    0x5b,0x73,0x74,0x61,0x67,0x65,0x5f,0x69,0x6e,0x5d,0x5d,0x2c,0x20,0x63,0x6f,0x6e,
    0x73,0x74,0x61,0x6e,0x74,0x20,0x67,0x72,0x61,0x64,0x65,0x26,0x20,0x5f,0x32,0x32,
    0x20,0x5b,0x5b,0x62,0x75,0x66,0x66,0x65,0x72,0x28,0x31,0x29,0x5d,0x5d,0x2c,0x20,
    0x74,0x65,0x78,0x74,0x75,0x72,0x65,0x32,0x64,0x3c,0x66,0x6c,0x6f,0x61,0x74,0x3e,
    0x20,0x70,0x69,0x63,0x74,0x75,0x72,0x65,0x20,0x5b,0x5b,0x74,0x65,0x78,0x74,0x75,
    0x72,0x65,0x28,0x30,0x29,0x5d,0x5d,0x2c,0x20,0x74,0x65,0x78,0x74,0x75,0x72,0x65,
    0x32,0x64,0x3c,0x66,0x6c,0x6f,0x61,0x74,0x3e,0x20,0x67,0x72,0x61,0x64,0x65,0x5f,
    0x74,0x61,0x62,0x6c,0x65,0x73,0x20,0x5b,0x5b,0x74,0x65,0x78,0x74,0x75,0x72,0x65,
    0x28,0x31,0x29,0x5d,0x5d,0x2c,0x20,0x73,0x61,0x6d,0x70,0x6c,0x65,0x72,0x20,0x70,
    0x69,0x63,0x74,0x75,0x72,0x65,0x5f,0x73,0x6d,0x70,0x20,0x5b,0x5b,0x73,0x61,0x6d,
    0x70,0x6c,0x65,0x72,0x28,0x30,0x29,0x5d,0x5d,0x2c,0x20,0x73,0x61,0x6d,0x70,0x6c,
    0x65,0x72,0x20,0x67,0x72,0x61,0x64,0x65,0x5f,0x73,0x6d,0x70,0x20,0x5b,0x5b,0x73,
    0x61,0x6d,0x70,0x6c,0x65,0x72,0x28,0x31,0x29,0x5d,0x5d,0x29,0x0a,0x7b,0x0a,0x20,
    0x20,0x20,0x20,0x6d,0x61,0x69,0x6e,0x30,0x5f,0x6f,0x75,0x74,0x20,0x6f,0x75,0x74,
    0x20,0x3d,0x20,0x7b,0x7d,0x3b,0x0a,0x20,0x20,0x20,0x20,0x66,0x6c,0x6f,0x61,0x74,
    0x34,0x20,0x5f,0x31,0x35,0x34,0x20,0x3d,0x20,0x70,0x69,0x63,0x74,0x75,0x72,0x65,
    0x2e,0x73,0x61,0x6d,0x70,0x6c,0x65,0x28,0x70,0x69,0x63,0x74,0x75,0x72,0x65,0x5f,
    0x73,0x6d,0x70,0x2c,0x20,0x69,0x6e,0x2e,0x61,0x74,0x29,0x3b,0x0a,0x20,0x20,0x20,
    0x20,0x66,0x6c,0x6f,0x61,0x74,0x20,0x5f,0x31,0x36,0x30,0x20,0x3d,0x20,0x28,0x5f,
    0x31,0x35,0x34,0x2e,0x7a,0x20,0x2a,0x20,0x33,0x31,0x2e,0x38,0x37,0x35,0x29,0x20,
    0x2b,0x20,0x31,0x2e,0x30,0x3b,0x0a,0x20,0x20,0x20,0x20,0x66,0x6c,0x6f,0x61,0x74,
    0x20,0x5f,0x31,0x36,0x37,0x20,0x3d,0x20,0x28,0x5f,0x31,0x35,0x34,0x2e,0x78,0x20,
    0x2d,0x20,0x30,0x2e,0x35,0x30,0x31,0x39,0x36,0x30,0x38,0x31,0x33,0x39,0x39,0x39,
    0x31,0x37,0x36,0x30,0x32,0x35,0x33,0x39,0x30,0x36,0x32,0x35,0x29,0x20,0x2f,0x20,
    0x5f,0x31,0x36,0x30,0x3b,0x0a,0x20,0x20,0x20,0x20,0x66,0x6c,0x6f,0x61,0x74,0x20,
    0x5f,0x31,0x37,0x33,0x20,0x3d,0x20,0x28,0x5f,0x31,0x35,0x34,0x2e,0x79,0x20,0x2d,
    0x20,0x30,0x2e,0x35,0x30,0x31,0x39,0x36,0x30,0x38,0x31,0x33,0x39,0x39,0x39,0x31,
    0x37,0x36,0x30,0x32,0x35,0x33,0x39,0x30,0x36,0x32,0x35,0x29,0x20,0x2f,0x20,0x5f,
    0x31,0x36,0x30,0x3b,0x0a,0x20,0x20,0x20,0x20,0x66,0x6c,0x6f,0x61,0x74,0x20,0x5f,
    0x31,0x37,0x36,0x20,0x3d,0x20,0x5f,0x31,0x35,0x34,0x2e,0x77,0x3b,0x0a,0x20,0x20,
    0x20,0x20,0x66,0x6c,0x6f,0x61,0x74,0x33,0x20,0x70,0x61,0x72,0x61,0x6d,0x20,0x3d,
    0x20,0x66,0x61,0x73,0x74,0x3a,0x3a,0x63,0x6c,0x61,0x6d,0x70,0x28,0x66,0x6c,0x6f,
    0x61,0x74,0x33,0x28,0x28,0x5f,0x31,0x37,0x36,0x20,0x2b,0x20,0x5f,0x31,0x36,0x37,
    0x29,0x20,0x2d,0x20,0x5f,0x31,0x37,0x33,0x2c,0x20,0x5f,0x31,0x37,0x36,0x20,0x2b,
    0x20,0x5f,0x31,0x37,0x33,0x2c,0x20,0x28,0x5f,0x31,0x37,0x36,0x20,0x2d,0x20,0x5f,
    0x31,0x36,0x37,0x29,0x20,0x2d,0x20,0x5f,0x31,0x37,0x33,0x29,0x2c,0x20,0x66,0x6c,
    0x6f,0x61,0x74,0x33,0x28,0x30,0x2e,0x30,0x29,0x2c,0x20,0x66,0x6c,0x6f,0x61,0x74,
    0x33,0x28,0x31,0x2e,0x30,0x29,0x29,0x3b,0x0a,0x20,0x20,0x20,0x20,0x66,0x6c,0x6f,
    0x61,0x74,0x33,0x20,0x5f,0x31,0x39,0x39,0x20,0x3d,0x20,0x61,0x70,0x70,0x6c,0x79,
    0x5f,0x67,0x72,0x61,0x64,0x65,0x28,0x70,0x61,0x72,0x61,0x6d,0x2c,0x20,0x5f,0x32,
    0x32,0x2c,0x20,0x67,0x72,0x61,0x64,0x65,0x5f,0x74,0x61,0x62,0x6c,0x65,0x73,0x2c,
    0x20,0x67,0x72,0x61,0x64,0x65,0x5f,0x73,0x6d,0x70,0x29,0x3b,0x0a,0x20,0x20,0x20,
    0x20,0x6f,0x75,0x74,0x2e,0x66,0x72,0x61,0x67,0x5f,0x63,0x6f,0x6c,0x6f,0x75,0x72,
    0x20,0x3d,0x20,0x66,0x6c,0x6f,0x61,0x74,0x34,0x28,0x5f,0x31,0x39,0x39,0x2c,0x20,
    0x31,0x2e,0x30,0x29,0x20,0x2a,0x20,0x5f,0x32,0x32,0x2e,0x67,0x72,0x61,0x64,0x65,
    0x5f,0x62,0x2e,0x7a,0x3b,0x0a,0x20,0x20,0x20,0x20,0x72,0x65,0x74,0x75,0x72,0x6e,
    0x20,0x6f,0x75,0x74,0x3b,0x0a,0x7d,0x0a,0x0a,0x00,
};
#endif
/*
    #pragma clang diagnostic ignored "-Wmissing-prototypes"

    #include <metal_stdlib>
    #include <simd/simd.h>

    using namespace metal;

    struct mask
    {
        float4 colour;
        float4 shape;
        float4 count;
        float4 corners[32];
    };

    struct main0_out
    {
        float4 frag_colour [[color(0)]];
    };

    struct main0_in
    {
        float2 at [[user(locn0)]];
    };

    static inline __attribute__((always_inline))
    float2 corner(thread const int& n, constant mask& _22)
    {
        int _26 = n >> 1;
        float2 _36;
        if ((n & 1) == 0)
        {
            _36 = _22.corners[_26].xy;
        }
        else
        {
            _36 = _22.corners[_26].zw;
        }
        return _36;
    }

    fragment main0_out main0(main0_in in [[stage_in]], constant mask& _22 [[buffer(1)]])
    {
        main0_out out = {};
        int _59 = clamp(int(_22.count.x), 0, 64);
        float _69 = in.at.x * _22.shape.x;
        float _77 = (1.0 - in.at.y) * _22.shape.y;
        float2 _78 = float2(_69, _77);
        bool inside = false;
        float nearest = 1000000015047466219876688855040.0;
        int previous = _59 - 1;
        float _161;
        for (int n = 0; n < _59; n++)
        {
            int param = previous;
            float2 _101 = corner(param, _22) * _22.shape.xy;
            int param_1 = n;
            float2 _107 = corner(param_1, _22) * _22.shape.xy;
            float _109 = _107.y;
            float _114 = _101.y;
            bool _118 = (_109 > _77) != (_114 > _77);
            bool _144;
            if (_118)
            {
                float _126 = _107.x;
                _144 = _69 < ((((_101.x - _126) * (_77 - _109)) / (_114 - _109)) + _126);
            }
            else
            {
                _144 = _118;
            }
            if (_144)
            {
                inside = !inside;
            }
            float2 _152 = _101 - _107;
            float _156 = dot(_152, _152);
            if (_156 > 0.0)
            {
                _161 = fast::clamp(dot(_78 - _107, _152) / _156, 0.0, 1.0);
            }
            else
            {
                _161 = 0.0;
            }
            nearest = fast::min(nearest, length(_78 - (_107 + (_152 * _161))));
            previous = n;
        }
        float _194;
        if (_59 < 3)
        {
            _194 = 0.0;
        }
        else
        {
            float _200;
            if (_22.shape.z > 0.0)
            {
                float _205;
                if (inside)
                {
                    _205 = nearest;
                }
                else
                {
                    _205 = -nearest;
                }
                _200 = fast::clamp(0.5 + (_205 / _22.shape.z), 0.0, 1.0);
            }
            else
            {
                _200 = float(inside);
            }
            _194 = _200;
        }
        float cover = _194;
        if (_22.shape.w > 0.5)
        {
            cover = 1.0 - cover;
        }
        float _234 = _22.colour.w * cover;
        out.frag_colour = float4(_22.colour.xyz * _234, _234);
        return out;
    }

*/
#if defined(SOKOL_METAL)
static const uint8_t video_mask_fs_source_metal_macos[2707] = {
    0x23,0x70,0x72,0x61,0x67,0x6d,0x61,0x20,0x63,0x6c,0x61,0x6e,0x67,0x20,0x64,0x69,
    0x61,0x67,0x6e,0x6f,0x73,0x74,0x69,0x63,0x20,0x69,0x67,0x6e,0x6f,0x72,0x65,0x64,
    0x20,0x22,0x2d,0x57,0x6d,0x69,0x73,0x73,0x69,0x6e,0x67,0x2d,0x70,0x72,0x6f,0x74,
    0x6f,0x74,0x79,0x70,0x65,0x73,0x22,0x0a,0x0a,0x23,0x69,0x6e,0x63,0x6c,0x75,0x64,
    0x65,0x20,0x3c,0x6d,0x65,0x74,0x61,0x6c,0x5f,0x73,0x74,0x64,0x6c,0x69,0x62,0x3e,
    0x0a,0x23,0x69,0x6e,0x63,0x6c,0x75,0x64,0x65,0x20,0x3c,0x73,0x69,0x6d,0x64,0x2f,
    0x73,0x69,0x6d,0x64,0x2e,0x68,0x3e,0x0a,0x0a,0x75,0x73,0x69,0x6e,0x67,0x20,0x6e,
    0x61,0x6d,0x65,0x73,0x70,0x61,0x63,0x65,0x20,0x6d,0x65,0x74,0x61,0x6c,0x3b,0x0a,
    0x0a,0x73,0x74,0x72,0x75,0x63,0x74,0x20,0x6d,0x61,0x73,0x6b,0x0a,0x7b,0x0a,0x20,
    0x20,0x20,0x20,0x66,0x6c,0x6f,0x61,0x74,0x34,0x20,0x63,0x6f,0x6c,0x6f,0x75,0x72,
    0x3b,0x0a,0x20,0x20,0x20,0x20,0x66,0x6c,0x6f,0x61,0x74,0x34,0x20,0x73,0x68,0x61,
    0x70,0x65,0x3b,0x0a,0x20,0x20,0x20,0x20,0x66,0x6c,0x6f,0x61,0x74,0x34,0x20,0x63,
    0x6f,0x75,0x6e,0x74,0x3b,0x0a,0x20,0x20,0x20,0x20,0x66,0x6c,0x6f,0x61,0x74,0x34,
    0x20,0x63,0x6f,0x72,0x6e,0x65,0x72,0x73,0x5b,0x33,0x32,0x5d,0x3b,0x0a,0x7d,0x3b,
    0x0a,0x0a,0x73,0x74,0x72,0x75,0x63,0x74,0x20,0x6d,0x61,0x69,0x6e,0x30,0x5f,0x6f,
    0x75,0x74,0x0a,0x7b,0x0a,0x20,0x20,0x20,0x20,0x66,0x6c,0x6f,0x61,0x74,0x34,0x20,
    0x66,0x72,0x61,0x67,0x5f,0x63,0x6f,0x6c,0x6f,0x75,0x72,0x20,0x5b,0x5b,0x63,0x6f,
    0x6c,0x6f,0x72,0x28,0x30,0x29,0x5d,0x5d,0x3b,0x0a,0x7d,0x3b,0x0a,0x0a,0x73,0x74,
    0x72,0x75,0x63,0x74,0x20,0x6d,0x61,0x69,0x6e,0x30,0x5f,0x69,0x6e,0x0a,0x7b,0x0a,
    0x20,0x20,0x20,0x20,0x66,0x6c,0x6f,0x61,0x74,0x32,0x20,0x61,0x74,0x20,0x5b,0x5b,
    0x75,0x73,0x65,0x72,0x28,0x6c,0x6f,0x63,0x6e,0x30,0x29,0x5d,0x5d,0x3b,0x0a,0x7d,
    0x3b,0x0a,0x0a,0x73,0x74,0x61,0x74,0x69,0x63,0x20,0x69,0x6e,0x6c,0x69,0x6e,0x65,
    0x20,0x5f,0x5f,0x61,0x74,0x74,0x72,0x69,0x62,0x75,0x74,0x65,0x5f,0x5f,0x28,0x28,
    0x61,0x6c,0x77,0x61,0x79,0x73,0x5f,0x69,0x6e,0x6c,0x69,0x6e,0x65,0x29,0x29,0x0a,
    0x66,0x6c,0x6f,0x61,0x74,0x32,0x20,0x63,0x6f,0x72,0x6e,0x65,0x72,0x28,0x74,0x68,
    0x72,0x65,0x61,0x64,0x20,0x63,0x6f,0x6e,0x73,0x74,0x20,0x69,0x6e,0x74,0x26,0x20,
    0x6e,0x2c,0x20,0x63,0x6f,0x6e,0x73,0x74,0x61,0x6e,0x74,0x20,0x6d,0x61,0x73,0x6b,
    0x26,0x20,0x5f,0x32,0x32,0x29,0x0a,0x7b,0x0a,0x20,0x20,0x20,0x20,0x69,0x6e,0x74,
    0x20,0x5f,0x32,0x36,0x20,0x3d,0x20,0x6e,0x20,0x3e,0x3e,0x20,0x31,0x3b,0x0a,0x20,
    0x20,0x20,0x20,0x66,0x6c,0x6f,0x61,0x74,0x32,0x20,0x5f,0x33,0x36,0x3b,0x0a,0x20,
    0x20,0x20,0x20,0x69,0x66,0x20,0x28,0x28,0x6e,0x20,0x26,0x20,0x31,0x29,0x20,0x3d,
    0x3d,0x20,0x30,0x29,0x0a,0x20,0x20,0x20,0x20,0x7b,0x0a,0x20,0x20,0x20,0x20,0x20,
    0x20,0x20,0x20,0x5f,0x33,0x36,0x20,0x3d,0x20,0x5f,0x32,0x32,0x2e,0x63,0x6f,0x72,
    0x6e,0x65,0x72,0x73,0x5b,0x5f,0x32,0x36,0x5d,0x2e,0x78,0x79,0x3b,0x0a,0x20,0x20,
    0x20,0x20,0x7d,0x0a,0x20,0x20,0x20,0x20,0x65,0x6c,0x73,0x65,0x0a,0x20,0x20,0x20,
    0x20,0x7b,0x0a,0x20,0x20,0x20,0x20,0x20,0x20,0x20,0x20,0x5f,0x33,0x36,0x20,0x3d,
    0x20,0x5f,0x32,0x32,0x2e,0x63,0x6f,0x72,0x6e,0x65,0x72,0x73,0x5b,0x5f,0x32,0x36,
    0x5d,0x2e,0x7a,0x77,0x3b,0x0a,0x20,0x20,0x20,0x20,0x7d,0x0a,0x20,0x20,0x20,0x20,
    0x72,0x65,0x74,0x75,0x72,0x6e,0x20,0x5f,0x33,0x36,0x3b,0x0a,0x7d,0x0a,0x0a,0x66,
    0x72,0x61,0x67,0x6d,0x65,0x6e,0x74,0x20,0x6d,0x61,0x69,0x6e,0x30,0x5f,0x6f,0x75,
    0x74,0x20,0x6d,0x61,0x69,0x6e,0x30,0x28,0x6d,0x61,0x69,0x6e,0x30,0x5f,0x69,0x6e,
    0x20,0x69,0x6e,0x20,0x5b,0x5b,0x73,0x74,0x61,0x67,0x65,0x5f,0x69,0x6e,0x5d,0x5d,
    0x2c,0x20,0x63,0x6f,0x6e,0x73,0x74,0x61,0x6e,0x74,0x20,0x6d,0x61,0x73,0x6b,0x26,
    0x20,0x5f,0x32,0x32,0x20,0x5b,0x5b,0x62,0x75,0x66,0x66,0x65,0x72,0x28,0x31,0x29,
    0x5d,0x5d,0x29,0x0a,0x7b,0x0a,0x20,0x20,0x20,0x20,0x6d,0x61,0x69,0x6e,0x30,0x5f,
    0x6f,0x75,0x74,0x20,0x6f,0x75,0x74,0x20,0x3d,0x20,0x7b,0x7d,0x3b,0x0a,0x20,0x20,
    0x20,0x20,0x69,0x6e,0x74,0x20,0x5f,0x35,0x39,0x20,0x3d,0x20,0x63,0x6c,0x61,0x6d,
    0x70,0x28,0x69,0x6e,0x74,0x28,0x5f,0x32,0x32,0x2e,0x63,0x6f,0x75,0x6e,0x74,0x2e,
    0x78,0x29,0x2c,0x20,0x30,0x2c,0x20,0x36,0x34,0x29,0x3b,0x0a,0x20,0x20,0x20,0x20,
    0x66,0x6c,0x6f,0x61,0x74,0x20,0x5f,0x36,0x39,0x20,0x3d,0x20,0x69,0x6e,0x2e,0x61,
    0x74,0x2e,0x78,0x20,0x2a,0x20,0x5f,0x32,0x32,0x2e,0x73,0x68,0x61,0x70,0x65,0x2e,
    0x78,0x3b,0x0a,0x20,0x20,0x20,0x20,0x66,0x6c,0x6f,0x61,0x74,0x20,0x5f,0x37,0x37,
    0x20,0x3d,0x20,0x28,0x31,0x2e,0x30,0x20,0x2d,0x20,0x69,0x6e,0x2e,0x61,0x74,0x2e,
    0x79,0x29,0x20,0x2a,0x20,0x5f,0x32,0x32,0x2e,0x73,0x68,0x61,0x70,0x65,0x2e,0x79,
    0x3b,0x0a,0x20,0x20,0x20,0x20,0x66,0x6c,0x6f,0x61,0x74,0x32,0x20,0x5f,0x37,0x38,
    0x20,0x3d,0x20,0x66,0x6c,0x6f,0x61,0x74,0x32,0x28,0x5f,0x36,0x39,0x2c,0x20,0x5f,
    0x37,0x37,0x29,0x3b,0x0a,0x20,0x20,0x20,0x20,0x62,0x6f,0x6f,0x6c,0x20,0x69,0x6e,
    0x73,0x69,0x64,0x65,0x20,0x3d,0x20,0x66,0x61,0x6c,0x73,0x65,0x3b,0x0a,0x20,0x20,
    0x20,0x20,0x66,0x6c,0x6f,0x61,0x74,0x20,0x6e,0x65,0x61,0x72,0x65,0x73,0x74,0x20,
    0x3d,0x20,0x31,0x30,0x30,0x30,0x30,0x30,0x30,0x30,0x31,0x35,0x30,0x34,0x37,0x34,
    0x36,0x36,0x32,0x31,0x39,0x38,0x37,0x36,0x36,0x38,0x38,0x38,0x35,0x35,0x30,0x34,
    0x30,0x2e,0x30,0x3b,0x0a,0x20,0x20,0x20,0x20,0x69,0x6e,0x74,0x20,0x70,0x72,0x65,
    0x76,0x69,0x6f,0x75,0x73,0x20,0x3d,0x20,0x5f,0x35,0x39,0x20,0x2d,0x20,0x31,0x3b,
    0x0a,0x20,0x20,0x20,0x20,0x66,0x6c,0x6f,0x61,0x74,0x20,0x5f,0x31,0x36,0x31,0x3b,
    0x0a,0x20,0x20,0x20,0x20,0x66,0x6f,0x72,0x20,0x28,0x69,0x6e,0x74,0x20,0x6e,0x20,
    0x3d,0x20,0x30,0x3b,0x20,0x6e,0x20,0x3c,0x20,0x5f,0x35,0x39,0x3b,0x20,0x6e,0x2b,
    0x2b,0x29,0x0a,0x20,0x20,0x20,0x20,0x7b,0x0a,0x20,0x20,0x20,0x20,0x20,0x20,0x20,
    0x20,0x69,0x6e,0x74,0x20,0x70,0x61,0x72,0x61,0x6d,0x20,0x3d,0x20,0x70,0x72,0x65,
    0x76,0x69,0x6f,0x75,0x73,0x3b,0x0a,0x20,0x20,0x20,0x20,0x20,0x20,0x20,0x20,0x66,
    0x6c,0x6f,0x61,0x74,0x32,0x20,0x5f,0x31,0x30,0x31,0x20,0x3d,0x20,0x63,0x6f,0x72,
    0x6e,0x65,0x72,0x28,0x70,0x61,0x72,0x61,0x6d,0x2c,0x20,0x5f,0x32,0x32,0x29,0x20,
    0x2a,0x20,0x5f,0x32,0x32,0x2e,0x73,0x68,0x61,0x70,0x65,0x2e,0x78,0x79,0x3b,0x0a,
    0x20,0x20,0x20,0x20,0x20,0x20,0x20,0x20,0x69,0x6e,0x74,0x20,0x70,0x61,0x72,0x61,
    0x6d,0x5f,0x31,0x20,0x3d,0x20,0x6e,0x3b,0x0a,0x20,0x20,0x20,0x20,0x20,0x20,0x20,
    0x20,0x66,0x6c,0x6f,0x61,0x74,0x32,0x20,0x5f,0x31,0x30,0x37,0x20,0x3d,0x20,0x63,
    0x6f,0x72,0x6e,0x65,0x72,0x28,0x70,0x61,0x72,0x61,0x6d,0x5f,0x31,0x2c,0x20,0x5f,
    0x32,0x32,0x29,0x20,0x2a,0x20,0x5f,0x32,0x32,0x2e,0x73,0x68,0x61,0x70,0x65,0x2e,
    0x78,0x79,0x3b,0x0a,0x20,0x20,0x20,0x20,0x20,0x20,0x20,0x20,0x66,0x6c,0x6f,0x61,
    0x74,0x20,0x5f,0x31,0x30,0x39,0x20,0x3d,0x20,0x5f,0x31,0x30,0x37,0x2e,0x79,0x3b,
    0x0a,0x20,0x20,0x20,0x20,0x20,0x20,0x20,0x20,0x66,0x6c,0x6f,0x61,0x74,0x20,0x5f,
    0x31,0x31,0x34,0x20,0x3d,0x20,0x5f,0x31,0x30,0x31,0x2e,0x79,0x3b,0x0a,0x20,0x20,
    0x20,0x20,0x20,0x20,0x20,0x20,0x62,0x6f,0x6f,0x6c,0x20,0x5f,0x31,0x31,0x38,0x20,
    0x3d,0x20,0x28,0x5f,0x31,0x30,0x39,0x20,0x3e,0x20,0x5f,0x37,0x37,0x29,0x20,0x21,
    0x3d,0x20,0x28,0x5f,0x31,0x31,0x34,0x20,0x3e,0x20,0x5f,0x37,0x37,0x29,0x3b,0x0a,
    0x20,0x20,0x20,0x20,0x20,0x20,0x20,0x20,0x62,0x6f,0x6f,0x6c,0x20,0x5f,0x31,0x34,
    0x34,0x3b,0x0a,0x20,0x20,0x20,0x20,0x20,0x20,0x20,0x20,0x69,0x66,0x20,0x28,0x5f,
    0x31,0x31,0x38,0x29,0x0a,0x20,0x20,0x20,0x20,0x20,0x20,0x20,0x20,0x7b,0x0a,0x20,
    0x20,0x20,0x20,0x20,0x20,0x20,0x20,0x20,0x20,0x20,0x20,0x66,0x6c,0x6f,0x61,0x74,
    0x20,0x5f,0x31,0x32,0x36,0x20,0x3d,0x20,0x5f,0x31,0x30,0x37,0x2e,0x78,0x3b,0x0a,
    0x20,0x20,0x20,0x20,0x20,0x20,0x20,0x20,0x20,0x20,0x20,0x20,0x5f,0x31,0x34,0x34,
    0x20,0x3d,0x20,0x5f,0x36,0x39,0x20,0x3c,0x20,0x28,0x28,0x28,0x28,0x5f,0x31,0x30,
    0x31,0x2e,0x78,0x20,0x2d,0x20,0x5f,0x31,0x32,0x36,0x29,0x20,0x2a,0x20,0x28,0x5f,
    0x37,0x37,0x20,0x2d,0x20,0x5f,0x31,0x30,0x39,0x29,0x29,0x20,0x2f,0x20,0x28,0x5f,
    0x31,0x31,0x34,0x20,0x2d,0x20,0x5f,0x31,0x30,0x39,0x29,0x29,0x20,0x2b,0x20,0x5f,
    0x31,0x32,0x36,0x29,0x3b,0x0a,0x20,0x20,0x20,0x20,0x20,0x20,0x20,0x20,0x7d,0x0a,
    0x20,0x20,0x20,0x20,0x20,0x20,0x20,0x20,0x65,0x6c,0x73,0x65,0x0a,0x20,0x20,0x20,
    0x20,0x20,0x20,0x20,0x20,0x7b,0x0a,0x20,0x20,0x20,0x20,0x20,0x20,0x20,0x20,0x20,
    0x20,0x20,0x20,0x5f,0x31,0x34,0x34,0x20,0x3d,0x20,0x5f,0x31,0x31,0x38,0x3b,0x0a,
    0x20,0x20,0x20,0x20,0x20,0x20,0x20,0x20,0x7d,0x0a,0x20,0x20,0x20,0x20,0x20,0x20,
    0x20,0x20,0x69,0x66,0x20,0x28,0x5f,0x31,0x34,0x34,0x29,0x0a,0x20,0x20,0x20,0x20,
    0x20,0x20,0x20,0x20,0x7b,0x0a,0x20,0x20,0x20,0x20,0x20,0x20,0x20,0x20,0x20,0x20,
    0x20,0x20,0x69,0x6e,0x73,0x69,0x64,0x65,0x20,0x3d,0x20,0x21,0x69,0x6e,0x73,0x69,
    0x64,0x65,0x3b,0x0a,0x20,0x20,0x20,0x20,0x20,0x20,0x20,0x20,0x7d,0x0a,0x20,0x20,
    0x20,0x20,0x20,0x20,0x20,0x20,0x66,0x6c,0x6f,0x61,0x74,0x32,0x20,0x5f,0x31,0x35,
    0x32,0x20,0x3d,0x20,0x5f,0x31,0x30,0x31,0x20,0x2d,0x20,0x5f,0x31,0x30,0x37,0x3b,
    0x0a,0x20,0x20,0x20,0x20,0x20,0x20,0x20,0x20,0x66,0x6c,0x6f,0x61,0x74,0x20,0x5f,
    0x31,0x35,0x36,0x20,0x3d,0x20,0x64,0x6f,0x74,0x28,0x5f,0x31,0x35,0x32,0x2c,0x20,
    0x5f,0x31,0x35,0x32,0x29,0x3b,0x0a,0x20,0x20,0x20,0x20,0x20,0x20,0x20,0x20,0x69,
    0x66,0x20,0x28,0x5f,0x31,0x35,0x36,0x20,0x3e,0x20,0x30,0x2e,0x30,0x29,0x0a,0x20,
    0x20,0x20,0x20,0x20,0x20,0x20,0x20,0x7b,0x0a,0x20,0x20,0x20,0x20,0x20,0x20,0x20,
    0x20,0x20,0x20,0x20,0x20,0x5f,0x31,0x36,0x31,0x20,0x3d,0x20,0x66,0x61,0x73,0x74,
    0x3a,0x3a,0x63,0x6c,0x61,0x6d,0x70,0x28,0x64,0x6f,0x74,0x28,0x5f,0x37,0x38,0x20,
    0x2d,0x20,0x5f,0x31,0x30,0x37,0x2c,0x20,0x5f,0x31,0x35,0x32,0x29,0x20,0x2f,0x20,
    0x5f,0x31,0x35,0x36,0x2c,0x20,0x30,0x2e,0x30,0x2c,0x20,0x31,0x2e,0x30,0x29,0x3b,
    0x0a,0x20,0x20,0x20,0x20,0x20,0x20,0x20,0x20,0x7d,0x0a,0x20,0x20,0x20,0x20,0x20,
    0x20,0x20,0x20,0x65,0x6c,0x73,0x65,0x0a,0x20,0x20,0x20,0x20,0x20,0x20,0x20,0x20,
    0x7b,0x0a,0x20,0x20,0x20,0x20,0x20,0x20,0x20,0x20,0x20,0x20,0x20,0x20,0x5f,0x31,
    0x36,0x31,0x20,0x3d,0x20,0x30,0x2e,0x30,0x3b,0x0a,0x20,0x20,0x20,0x20,0x20,0x20,
    0x20,0x20,0x7d,0x0a,0x20,0x20,0x20,0x20,0x20,0x20,0x20,0x20,0x6e,0x65,0x61,0x72,
    0x65,0x73,0x74,0x20,0x3d,0x20,0x66,0x61,0x73,0x74,0x3a,0x3a,0x6d,0x69,0x6e,0x28,
    0x6e,0x65,0x61,0x72,0x65,0x73,0x74,0x2c,0x20,0x6c,0x65,0x6e,0x67,0x74,0x68,0x28,
    0x5f,0x37,0x38,0x20,0x2d,0x20,0x28,0x5f,0x31,0x30,0x37,0x20,0x2b,0x20,0x28,0x5f,
    0x31,0x35,0x32,0x20,0x2a,0x20,0x5f,0x31,0x36,0x31,0x29,0x29,0x29,0x29,0x3b,0x0a,
    0x20,0x20,0x20,0x20,0x20,0x20,0x20,0x20,0x70,0x72,0x65,0x76,0x69,0x6f,0x75,0x73,
    0x20,0x3d,0x20,0x6e,0x3b,0x0a,0x20,0x20,0x20,0x20,0x7d,0x0a,0x20,0x20,0x20,0x20,
    0x66,0x6c,0x6f,0x61,0x74,0x20,0x5f,0x31,0x39,0x34,0x3b,0x0a,0x20,0x20,0x20,0x20,
    0x69,0x66,0x20,0x28,0x5f,0x35,0x39,0x20,0x3c,0x20,0x33,0x29,0x0a,0x20,0x20,0x20,
    0x20,0x7b,0x0a,0x20,0x20,0x20,0x20,0x20,0x20,0x20,0x20,0x5f,0x31,0x39,0x34,0x20,
    0x3d,0x20,0x30,0x2e,0x30,0x3b,0x0a,0x20,0x20,0x20,0x20,0x7d,0x0a,0x20,0x20,0x20,
    0x20,0x65,0x6c,0x73,0x65,0x0a,0x20,0x20,0x20,0x20,0x7b,0x0a,0x20,0x20,0x20,0x20,
    0x20,0x20,0x20,0x20,0x66,0x6c,0x6f,0x61,0x74,0x20,0x5f,0x32,0x30,0x30,0x3b,0x0a,
    0x20,0x20,0x20,0x20,0x20,0x20,0x20,0x20,0x69,0x66,0x20,0x28,0x5f,0x32,0x32,0x2e,
    0x73,0x68,0x61,0x70,0x65,0x2e,0x7a,0x20,0x3e,0x20,0x30,0x2e,0x30,0x29,0x0a,0x20,
    0x20,0x20,0x20,0x20,0x20,0x20,0x20,0x7b,0x0a,0x20,0x20,0x20,0x20,0x20,0x20,0x20,
    0x20,0x20,0x20,0x20,0x20,0x66,0x6c,0x6f,0x61,0x74,0x20,0x5f,0x32,0x30,0x35,0x3b,
    0x0a,0x20,0x20,0x20,0x20,0x20,0x20,0x20,0x20,0x20,0x20,0x20,0x20,0x69,0x66,0x20,
    0x28,0x69,0x6e,0x73,0x69,0x64,0x65,0x29,0x0a,0x20,0x20,0x20,0x20,0x20,0x20,0x20,
    0x20,0x20,0x20,0x20,0x20,0x7b,0x0a,0x20,0x20,0x20,0x20,0x20,0x20,0x20,0x20,0x20,
    0x20,0x20,0x20,0x20,0x20,0x20,0x20,0x5f,0x32,0x30,0x35,0x20,0x3d,0x20,0x6e,0x65,
    0x61,0x72,0x65,0x73,0x74,0x3b,0x0a,0x20,0x20,0x20,0x20,0x20,0x20,0x20,0x20,0x20,
    0x20,0x20,0x20,0x7d,0x0a,0x20,0x20,0x20,0x20,0x20,0x20,0x20,0x20,0x20,0x20,0x20,
    0x20,0x65,0x6c,0x73,0x65,0x0a,0x20,0x20,0x20,0x20,0x20,0x20,0x20,0x20,0x20,0x20,
    0x20,0x20,0x7b,0x0a,0x20,0x20,0x20,0x20,0x20,0x20,0x20,0x20,0x20,0x20,0x20,0x20,
    0x20,0x20,0x20,0x20,0x5f,0x32,0x30,0x35,0x20,0x3d,0x20,0x2d,0x6e,0x65,0x61,0x72,
    0x65,0x73,0x74,0x3b,0x0a,0x20,0x20,0x20,0x20,0x20,0x20,0x20,0x20,0x20,0x20,0x20,
    0x20,0x7d,0x0a,0x20,0x20,0x20,0x20,0x20,0x20,0x20,0x20,0x20,0x20,0x20,0x20,0x5f,
    0x32,0x30,0x30,0x20,0x3d,0x20,0x66,0x61,0x73,0x74,0x3a,0x3a,0x63,0x6c,0x61,0x6d,
    0x70,0x28,0x30,0x2e,0x35,0x20,0x2b,0x20,0x28,0x5f,0x32,0x30,0x35,0x20,0x2f,0x20,
    0x5f,0x32,0x32,0x2e,0x73,0x68,0x61,0x70,0x65,0x2e,0x7a,0x29,0x2c,0x20,0x30,0x2e,
    0x30,0x2c,0x20,0x31,0x2e,0x30,0x29,0x3b,0x0a,0x20,0x20,0x20,0x20,0x20,0x20,0x20,
    0x20,0x7d,0x0a,0x20,0x20,0x20,0x20,0x20,0x20,0x20,0x20,0x65,0x6c,0x73,0x65,0x0a,
    0x20,0x20,0x20,0x20,0x20,0x20,0x20,0x20,0x7b,0x0a,0x20,0x20,0x20,0x20,0x20,0x20,
    0x20,0x20,0x20,0x20,0x20,0x20,0x5f,0x32,0x30,0x30,0x20,0x3d,0x20,0x66,0x6c,0x6f,
    0x61,0x74,0x28,0x69,0x6e,0x73,0x69,0x64,0x65,0x29,0x3b,0x0a,0x20,0x20,0x20,0x20,
    0x20,0x20,0x20,0x20,0x7d,0x0a,0x20,0x20,0x20,0x20,0x20,0x20,0x20,0x20,0x5f,0x31,
    0x39,0x34,0x20,0x3d,0x20,0x5f,0x32,0x30,0x30,0x3b,0x0a,0x20,0x20,0x20,0x20,0x7d,
    0x0a,0x20,0x20,0x20,0x20,0x66,0x6c,0x6f,0x61,0x74,0x20,0x63,0x6f,0x76,0x65,0x72,
    0x20,0x3d,0x20,0x5f,0x31,0x39,0x34,0x3b,0x0a,0x20,0x20,0x20,0x20,0x69,0x66,0x20,
    0x28,0x5f,0x32,0x32,0x2e,0x73,0x68,0x61,0x70,0x65,0x2e,0x77,0x20,0x3e,0x20,0x30,
    0x2e,0x35,0x29,0x0a,0x20,0x20,0x20,0x20,0x7b,0x0a,0x20,0x20,0x20,0x20,0x20,0x20,
    0x20,0x20,0x63,0x6f,0x76,0x65,0x72,0x20,0x3d,0x20,0x31,0x2e,0x30,0x20,0x2d,0x20,
    0x63,0x6f,0x76,0x65,0x72,0x3b,0x0a,0x20,0x20,0x20,0x20,0x7d,0x0a,0x20,0x20,0x20,
    0x20,0x66,0x6c,0x6f,0x61,0x74,0x20,0x5f,0x32,0x33,0x34,0x20,0x3d,0x20,0x5f,0x32,
    0x32,0x2e,0x63,0x6f,0x6c,0x6f,0x75,0x72,0x2e,0x77,0x20,0x2a,0x20,0x63,0x6f,0x76,
    0x65,0x72,0x3b,0x0a,0x20,0x20,0x20,0x20,0x6f,0x75,0x74,0x2e,0x66,0x72,0x61,0x67,
    0x5f,0x63,0x6f,0x6c,0x6f,0x75,0x72,0x20,0x3d,0x20,0x66,0x6c,0x6f,0x61,0x74,0x34,
    0x28,0x5f,0x32,0x32,0x2e,0x63,0x6f,0x6c,0x6f,0x75,0x72,0x2e,0x78,0x79,0x7a,0x20,
    0x2a,0x20,0x5f,0x32,0x33,0x34,0x2c,0x20,0x5f,0x32,0x33,0x34,0x29,0x3b,0x0a,0x20,
    0x20,0x20,0x20,0x72,0x65,0x74,0x75,0x72,0x6e,0x20,0x6f,0x75,0x74,0x3b,0x0a,0x7d,
    0x0a,0x0a,0x00,
};
#endif
/*
    #pragma clang diagnostic ignored "-Wmissing-prototypes"

    #include <metal_stdlib>
    #include <simd/simd.h>

    using namespace metal;

    struct warp
    {
        float4 slope;
        float4 offset;
        float4 power;
        float4 misc;
    };

    struct main0_out
    {
        float4 frag_colour [[color(0)]];
    };

    struct main0_in
    {
        float2 at [[user(locn0)]];
    };

    static inline __attribute__((always_inline))
    float _noise(thread const float2& p)
    {
        return fract(sin(dot(p, float2(12.98980045318603515625, 78.233001708984375))) * 43758.546875);
    }

    fragment main0_out main0(main0_in in [[stage_in]], constant warp& _35 [[buffer(1)]], texture2d<float> canvas [[texture(0)]], sampler canvas_smp [[sampler(0)]], float4 gl_FragCoord [[position]])
    {
        main0_out out = {};
        float _46;
        if (_35.misc.w > 0.5)
        {
            _46 = 1.0 - in.at.y;
        }
        else
        {
            _46 = in.at.y;
        }
        float3 c = canvas.sample(canvas_smp, float2(in.at.x, _46)).xyz;
        if (_35.misc.z < 0.5)
        {
            out.frag_colour = float4(c * _35.misc.y, _35.misc.y);
            return out;
        }
        float3 _114 = powr(fast::clamp((c * _35.slope.xyz) + _35.offset.xyz, float3(0.0), float3(1.0)), _35.power.xyz);
        float3 _127 = float3(dot(_114, float3(0.2125999927520751953125, 0.715200006961822509765625, 0.072200000286102294921875)));
        c = fast::clamp(_127 + ((_114 - _127) * _35.misc.x), float3(0.0), float3(1.0));
        float2 param = gl_FragCoord.xy;
        float3 _144 = c;
        float3 _146 = _144 + float3((_noise(param) - 0.5) * 0.0039215688593685626983642578125);
        c = _146;
        out.frag_colour = float4(_146, 1.0);
        return out;
    }

*/
#if defined(SOKOL_METAL)
static const uint8_t video_warp_fs_source_metal_macos[1603] = {
    0x23,0x70,0x72,0x61,0x67,0x6d,0x61,0x20,0x63,0x6c,0x61,0x6e,0x67,0x20,0x64,0x69,
    0x61,0x67,0x6e,0x6f,0x73,0x74,0x69,0x63,0x20,0x69,0x67,0x6e,0x6f,0x72,0x65,0x64,
    0x20,0x22,0x2d,0x57,0x6d,0x69,0x73,0x73,0x69,0x6e,0x67,0x2d,0x70,0x72,0x6f,0x74,
    0x6f,0x74,0x79,0x70,0x65,0x73,0x22,0x0a,0x0a,0x23,0x69,0x6e,0x63,0x6c,0x75,0x64,
    0x65,0x20,0x3c,0x6d,0x65,0x74,0x61,0x6c,0x5f,0x73,0x74,0x64,0x6c,0x69,0x62,0x3e,
    0x0a,0x23,0x69,0x6e,0x63,0x6c,0x75,0x64,0x65,0x20,0x3c,0x73,0x69,0x6d,0x64,0x2f,
    0x73,0x69,0x6d,0x64,0x2e,0x68,0x3e,0x0a,0x0a,0x75,0x73,0x69,0x6e,0x67,0x20,0x6e,
    0x61,0x6d,0x65,0x73,0x70,0x61,0x63,0x65,0x20,0x6d,0x65,0x74,0x61,0x6c,0x3b,0x0a,
    0x0a,0x73,0x74,0x72,0x75,0x63,0x74,0x20,0x77,0x61,0x72,0x70,0x0a,0x7b,0x0a,0x20,
    0x20,0x20,0x20,0x66,0x6c,0x6f,0x61,0x74,0x34,0x20,0x73,0x6c,0x6f,0x70,0x65,0x3b,
    0x0a,0x20,0x20,0x20,0x20,0x66,0x6c,0x6f,0x61,0x74,0x34,0x20,0x6f,0x66,0x66,0x73,
    0x65,0x74,0x3b,0x0a,0x20,0x20,0x20,0x20,0x66,0x6c,0x6f,0x61,0x74,0x34,0x20,0x70,
    0x6f,0x77,0x65,0x72,0x3b,0x0a,0x20,0x20,0x20,0x20,0x66,0x6c,0x6f,0x61,0x74,0x34,
    0x20,0x6d,0x69,0x73,0x63,0x3b,0x0a,0x7d,0x3b,0x0a,0x0a,0x73,0x74,0x72,0x75,0x63,
    0x74,0x20,0x6d,0x61,0x69,0x6e,0x30,0x5f,0x6f,0x75,0x74,0x0a,0x7b,0x0a,0x20,0x20,
    0x20,0x20,0x66,0x6c,0x6f,0x61,0x74,0x34,0x20,0x66,0x72,0x61,0x67,0x5f,0x63,0x6f,
    0x6c,0x6f,0x75,0x72,0x20,0x5b,0x5b,0x63,0x6f,0x6c,0x6f,0x72,0x28,0x30,0x29,0x5d,
    0x5d,0x3b,0x0a,0x7d,0x3b,0x0a,0x0a,0x73,0x74,0x72,0x75,0x63,0x74,0x20,0x6d,0x61,
    0x69,0x6e,0x30,0x5f,0x69,0x6e,0x0a,0x7b,0x0a,0x20,0x20,0x20,0x20,0x66,0x6c,0x6f,
    0x61,0x74,0x32,0x20,0x61,0x74,0x20,0x5b,0x5b,0x75,0x73,0x65,0x72,0x28,0x6c,0x6f,
    0x63,0x6e,0x30,0x29,0x5d,0x5d,0x3b,0x0a,0x7d,0x3b,0x0a,0x0a,0x73,0x74,0x61,0x74,
    0x69,0x63,0x20,0x69,0x6e,0x6c,0x69,0x6e,0x65,0x20,0x5f,0x5f,0x61,0x74,0x74,0x72,
    0x69,0x62,0x75,0x74,0x65,0x5f,0x5f,0x28,0x28,0x61,0x6c,0x77,0x61,0x79,0x73,0x5f,
    0x69,0x6e,0x6c,0x69,0x6e,0x65,0x29,0x29,0x0a,0x66,0x6c,0x6f,0x61,0x74,0x20,0x5f,
    0x6e,0x6f,0x69,0x73,0x65,0x28,0x74,0x68,0x72,0x65,0x61,0x64,0x20,0x63,0x6f,0x6e,
    0x73,0x74,0x20,0x66,0x6c,0x6f,0x61,0x74,0x32,0x26,0x20,0x70,0x29,0x0a,0x7b,0x0a,
    0x20,0x20,0x20,0x20,0x72,0x65,0x74,0x75,0x72,0x6e,0x20,0x66,0x72,0x61,0x63,0x74,
    0x28,0x73,0x69,0x6e,0x28,0x64,0x6f,0x74,0x28,0x70,0x2c,0x20,0x66,0x6c,0x6f,0x61,
    0x74,0x32,0x28,0x31,0x32,0x2e,0x39,0x38,0x39,0x38,0x30,0x30,0x34,0x35,0x33,0x31,
    0x38,0x36,0x30,0x33,0x35,0x31,0x35,0x36,0x32,0x35,0x2c,0x20,0x37,0x38,0x2e,0x32,
    0x33,0x33,0x30,0x30,0x31,0x37,0x30,0x38,0x39,0x38,0x34,0x33,0x37,0x35,0x29,0x29,
    0x29,0x20,0x2a,0x20,0x34,0x33,0x37,0x35,0x38,0x2e,0x35,0x34,0x36,0x38,0x37,0x35,
    0x29,0x3b,0x0a,0x7d,0x0a,0x0a,0x66,0x72,0x61,0x67,0x6d,0x65,0x6e,0x74,0x20,0x6d,
    0x61,0x69,0x6e,0x30,0x5f,0x6f,0x75,0x74,0x20,0x6d,0x61,0x69,0x6e,0x30,0x28,0x6d,
    0x61,0x69,0x6e,0x30,0x5f,0x69,0x6e,0x20,0x69,0x6e,0x20,0x5b,0x5b,0x73,0x74,0x61,
    0x67,0x65,0x5f,0x69,0x6e,0x5d,0x5d,0x2c,0x20,0x63,0x6f,0x6e,0x73,0x74,0x61,0x6e,
    0x74,0x20,0x77,0x61,0x72,0x70,0x26,0x20,0x5f,0x33,0x35,0x20,0x5b,0x5b,0x62,0x75,
    0x66,0x66,0x65,0x72,0x28,0x31,0x29,0x5d,0x5d,0x2c,0x20,0x74,0x65,0x78,0x74,0x75,
    0x72,0x65,0x32,0x64,0x3c,0x66,0x6c,0x6f,0x61,0x74,0x3e,0x20,0x63,0x61,0x6e,0x76,
    0x61,0x73,0x20,0x5b,0x5b,0x74,0x65,0x78,0x74,0x75,0x72,0x65,0x28,0x30,0x29,0x5d,
    0x5d,0x2c,0x20,0x73,0x61,0x6d,0x70,0x6c,0x65,0x72,0x20,0x63,0x61,0x6e,0x76,0x61,
    0x73,0x5f,0x73,0x6d,0x70,0x20,0x5b,0x5b,0x73,0x61,0x6d,0x70,0x6c,0x65,0x72,0x28,
    0x30,0x29,0x5d,0x5d,0x2c,0x20,0x66,0x6c,0x6f,0x61,0x74,0x34,0x20,0x67,0x6c,0x5f,
    0x46,0x72,0x61,0x67,0x43,0x6f,0x6f,0x72,0x64,0x20,0x5b,0x5b,0x70,0x6f,0x73,0x69,
    0x74,0x69,0x6f,0x6e,0x5d,0x5d,0x29,0x0a,0x7b,0x0a,0x20,0x20,0x20,0x20,0x6d,0x61,
    0x69,0x6e,0x30,0x5f,0x6f,0x75,0x74,0x20,0x6f,0x75,0x74,0x20,0x3d,0x20,0x7b,0x7d,
    0x3b,0x0a,0x20,0x20,0x20,0x20,0x66,0x6c,0x6f,0x61,0x74,0x20,0x5f,0x34,0x36,0x3b,
    0x0a,0x20,0x20,0x20,0x20,0x69,0x66,0x20,0x28,0x5f,0x33,0x35,0x2e,0x6d,0x69,0x73,
    0x63,0x2e,0x77,0x20,0x3e,0x20,0x30,0x2e,0x35,0x29,0x0a,0x20,0x20,0x20,0x20,0x7b,
    0x0a,0x20,0x20,0x20,0x20,0x20,0x20,0x20,0x20,0x5f,0x34,0x36,0x20,0x3d,0x20,0x31,
    0x2e,0x30,0x20,0x2d,0x20,0x69,0x6e,0x2e,0x61,0x74,0x2e,0x79,0x3b,0x0a,0x20,0x20,
    0x20,0x20,0x7d,0x0a,0x20,0x20,0x20,0x20,0x65,0x6c,0x73,0x65,0x0a,0x20,0x20,0x20,
    0x20,0x7b,0x0a,0x20,0x20,0x20,0x20,0x20,0x20,0x20,0x20,0x5f,0x34,0x36,0x20,0x3d,
    0x20,0x69,0x6e,0x2e,0x61,0x74,0x2e,0x79,0x3b,0x0a,0x20,0x20,0x20,0x20,0x7d,0x0a,
    0x20,0x20,0x20,0x20,0x66,0x6c,0x6f,0x61,0x74,0x33,0x20,0x63,0x20,0x3d,0x20,0x63,
    0x61,0x6e,0x76,0x61,0x73,0x2e,0x73,0x61,0x6d,0x70,0x6c,0x65,0x28,0x63,0x61,0x6e,
    0x76,0x61,0x73,0x5f,0x73,0x6d,0x70,0x2c,0x20,0x66,0x6c,0x6f,0x61,0x74,0x32,0x28,
    0x69,0x6e,0x2e,0x61,0x74,0x2e,0x78,0x2c,0x20,0x5f,0x34,0x36,0x29,0x29,0x2e,0x78,
    0x79,0x7a,0x3b,0x0a,0x20,0x20,0x20,0x20,0x69,0x66,0x20,0x28,0x5f,0x33,0x35,0x2e,
    0x6d,0x69,0x73,0x63,0x2e,0x7a,0x20,0x3c,0x20,0x30,0x2e,0x35,0x29,0x0a,0x20,0x20,
    0x20,0x20,0x7b,0x0a,0x20,0x20,0x20,0x20,0x20,0x20,0x20,0x20,0x6f,0x75,0x74,0x2e,
    0x66,0x72,0x61,0x67,0x5f,0x63,0x6f,0x6c,0x6f,0x75,0x72,0x20,0x3d,0x20,0x66,0x6c,
    0x6f,0x61,0x74,0x34,0x28,0x63,0x20,0x2a,0x20,0x5f,0x33,0x35,0x2e,0x6d,0x69,0x73,
    0x63,0x2e,0x79,0x2c,0x20,0x5f,0x33,0x35,0x2e,0x6d,0x69,0x73,0x63,0x2e,0x79,0x29,
    0x3b,0x0a,0x20,0x20,0x20,0x20,0x20,0x20,0x20,0x20,0x72,0x65,0x74,0x75,0x72,0x6e,
    0x20,0x6f,0x75,0x74,0x3b,0x0a,0x20,0x20,0x20,0x20,0x7d,0x0a,0x20,0x20,0x20,0x20,
    0x66,0x6c,0x6f,0x61,0x74,0x33,0x20,0x5f,0x31,0x31,0x34,0x20,0x3d,0x20,0x70,0x6f,
    0x77,0x72,0x28,0x66,0x61,0x73,0x74,0x3a,0x3a,0x63,0x6c,0x61,0x6d,0x70,0x28,0x28,
    0x63,0x20,0x2a,0x20,0x5f,0x33,0x35,0x2e,0x73,0x6c,0x6f,0x70,0x65,0x2e,0x78,0x79,
    0x7a,0x29,0x20,0x2b,0x20,0x5f,0x33,0x35,0x2e,0x6f,0x66,0x66,0x73,0x65,0x74,0x2e,
    0x78,0x79,0x7a,0x2c,0x20,0x66,0x6c,0x6f,0x61,0x74,0x33,0x28,0x30,0x2e,0x30,0x29,
    0x2c,0x20,0x66,0x6c,0x6f,0x61,0x74,0x33,0x28,0x31,0x2e,0x30,0x29,0x29,0x2c,0x20,
    0x5f,0x33,0x35,0x2e,0x70,0x6f,0x77,0x65,0x72,0x2e,0x78,0x79,0x7a,0x29,0x3b,0x0a,
    0x20,0x20,0x20,0x20,0x66,0x6c,0x6f,0x61,0x74,0x33,0x20,0x5f,0x31,0x32,0x37,0x20,
    0x3d,0x20,0x66,0x6c,0x6f,0x61,0x74,0x33,0x28,0x64,0x6f,0x74,0x28,0x5f,0x31,0x31,
    0x34,0x2c,0x20,0x66,0x6c,0x6f,0x61,0x74,0x33,0x28,0x30,0x2e,0x32,0x31,0x32,0x35,
    0x39,0x39,0x39,0x39,0x32,0x37,0x35,0x32,0x30,0x37,0x35,0x31,0x39,0x35,0x33,0x31,
    0x32,0x35,0x2c,0x20,0x30,0x2e,0x37,0x31,0x35,0x32,0x30,0x30,0x30,0x30,0x36,0x39,
    0x36,0x31,0x38,0x32,0x32,0x35,0x30,0x39,0x37,0x36,0x35,0x36,0x32,0x35,0x2c,0x20,
    0x30,0x2e,0x30,0x37,0x32,0x32,0x30,0x30,0x30,0x30,0x30,0x32,0x38,0x36,0x31,0x30,
    0x32,0x32,0x39,0x34,0x39,0x32,0x31,0x38,0x37,0x35,0x29,0x29,0x29,0x3b,0x0a,0x20,
    0x20,0x20,0x20,0x63,0x20,0x3d,0x20,0x66,0x61,0x73,0x74,0x3a,0x3a,0x63,0x6c,0x61,
    0x6d,0x70,0x28,0x5f,0x31,0x32,0x37,0x20,0x2b,0x20,0x28,0x28,0x5f,0x31,0x31,0x34,
    0x20,0x2d,0x20,0x5f,0x31,0x32,0x37,0x29,0x20,0x2a,0x20,0x5f,0x33,0x35,0x2e,0x6d,
    0x69,0x73,0x63,0x2e,0x78,0x29,0x2c,0x20,0x66,0x6c,0x6f,0x61,0x74,0x33,0x28,0x30,
    0x2e,0x30,0x29,0x2c,0x20,0x66,0x6c,0x6f,0x61,0x74,0x33,0x28,0x31,0x2e,0x30,0x29,
    0x29,0x3b,0x0a,0x20,0x20,0x20,0x20,0x66,0x6c,0x6f,0x61,0x74,0x32,0x20,0x70,0x61,
    0x72,0x61,0x6d,0x20,0x3d,0x20,0x67,0x6c,0x5f,0x46,0x72,0x61,0x67,0x43,0x6f,0x6f,
    0x72,0x64,0x2e,0x78,0x79,0x3b,0x0a,0x20,0x20,0x20,0x20,0x66,0x6c,0x6f,0x61,0x74,
    0x33,0x20,0x5f,0x31,0x34,0x34,0x20,0x3d,0x20,0x63,0x3b,0x0a,0x20,0x20,0x20,0x20,
    0x66,0x6c,0x6f,0x61,0x74,0x33,0x20,0x5f,0x31,0x34,0x36,0x20,0x3d,0x20,0x5f,0x31,
    0x34,0x34,0x20,0x2b,0x20,0x66,0x6c,0x6f,0x61,0x74,0x33,0x28,0x28,0x5f,0x6e,0x6f,
    0x69,0x73,0x65,0x28,0x70,0x61,0x72,0x61,0x6d,0x29,0x20,0x2d,0x20,0x30,0x2e,0x35,
    0x29,0x20,0x2a,0x20,0x30,0x2e,0x30,0x30,0x33,0x39,0x32,0x31,0x35,0x36,0x38,0x38,
    0x35,0x39,0x33,0x36,0x38,0x35,0x36,0x32,0x36,0x39,0x38,0x33,0x36,0x34,0x32,0x35,
    0x37,0x38,0x31,0x32,0x35,0x29,0x3b,0x0a,0x20,0x20,0x20,0x20,0x63,0x20,0x3d,0x20,
    0x5f,0x31,0x34,0x36,0x3b,0x0a,0x20,0x20,0x20,0x20,0x6f,0x75,0x74,0x2e,0x66,0x72,
    0x61,0x67,0x5f,0x63,0x6f,0x6c,0x6f,0x75,0x72,0x20,0x3d,0x20,0x66,0x6c,0x6f,0x61,
    0x74,0x34,0x28,0x5f,0x31,0x34,0x36,0x2c,0x20,0x31,0x2e,0x30,0x29,0x3b,0x0a,0x20,
    0x20,0x20,0x20,0x72,0x65,0x74,0x75,0x72,0x6e,0x20,0x6f,0x75,0x74,0x3b,0x0a,0x7d,
    0x0a,0x0a,0x00,
};
#endif
static inline const sg_shader_desc* video_fill_shader_desc(sg_backend backend) {
    #if defined(SOKOL_GLCORE)
    if (backend == SG_BACKEND_GLCORE) {
        static sg_shader_desc desc;
        static bool valid;
        if (!valid) {
            valid = true;
            desc.vertex_func.source = (const char*)video_quad_vs_source_glsl410;
            desc.vertex_func.entry = "main";
            desc.fragment_func.source = (const char*)video_fill_fs_source_glsl410;
            desc.fragment_func.entry = "main";
            desc.uniform_blocks[0].stage = SG_SHADERSTAGE_VERTEX;
            desc.uniform_blocks[0].layout = SG_UNIFORMLAYOUT_STD140;
            desc.uniform_blocks[0].size = 64;
            desc.uniform_blocks[0].glsl_uniforms[0].type = SG_UNIFORMTYPE_FLOAT4;
            desc.uniform_blocks[0].glsl_uniforms[0].array_count = 4;
            desc.uniform_blocks[0].glsl_uniforms[0].glsl_name = "quad";
            desc.uniform_blocks[1].stage = SG_SHADERSTAGE_FRAGMENT;
            desc.uniform_blocks[1].layout = SG_UNIFORMLAYOUT_STD140;
            desc.uniform_blocks[1].size = 16;
            desc.uniform_blocks[1].glsl_uniforms[0].type = SG_UNIFORMTYPE_FLOAT4;
            desc.uniform_blocks[1].glsl_uniforms[0].array_count = 1;
            desc.uniform_blocks[1].glsl_uniforms[0].glsl_name = "fill";
            desc.label = "video_fill_shader";
        }
        return &desc;
    }
    #endif /* SOKOL_GLCORE */
    #if defined(SOKOL_D3D11)
    if (backend == SG_BACKEND_D3D11) {
        static sg_shader_desc desc;
        static bool valid;
        if (!valid) {
            valid = true;
            desc.vertex_func.source = (const char*)video_quad_vs_source_hlsl5;
            desc.vertex_func.d3d11_target = "vs_5_0";
            desc.vertex_func.entry = "main";
            desc.fragment_func.source = (const char*)video_fill_fs_source_hlsl5;
            desc.fragment_func.d3d11_target = "ps_5_0";
            desc.fragment_func.entry = "main";
            desc.uniform_blocks[0].stage = SG_SHADERSTAGE_VERTEX;
            desc.uniform_blocks[0].layout = SG_UNIFORMLAYOUT_STD140;
            desc.uniform_blocks[0].size = 64;
            desc.uniform_blocks[0].hlsl_register_b_n = 0;
            desc.uniform_blocks[1].stage = SG_SHADERSTAGE_FRAGMENT;
            desc.uniform_blocks[1].layout = SG_UNIFORMLAYOUT_STD140;
            desc.uniform_blocks[1].size = 16;
            desc.uniform_blocks[1].hlsl_register_b_n = 1;
            desc.label = "video_fill_shader";
        }
        return &desc;
    }
    #endif /* SOKOL_D3D11 */
    #if defined(SOKOL_METAL)
    if (backend == SG_BACKEND_METAL_MACOS) {
        static sg_shader_desc desc;
        static bool valid;
        if (!valid) {
            valid = true;
            desc.vertex_func.source = (const char*)video_quad_vs_source_metal_macos;
            desc.vertex_func.entry = "main0";
            desc.fragment_func.source = (const char*)video_fill_fs_source_metal_macos;
            desc.fragment_func.entry = "main0";
            desc.uniform_blocks[0].stage = SG_SHADERSTAGE_VERTEX;
            desc.uniform_blocks[0].layout = SG_UNIFORMLAYOUT_STD140;
            desc.uniform_blocks[0].size = 64;
            desc.uniform_blocks[0].msl_buffer_n = 0;
            desc.uniform_blocks[1].stage = SG_SHADERSTAGE_FRAGMENT;
            desc.uniform_blocks[1].layout = SG_UNIFORMLAYOUT_STD140;
            desc.uniform_blocks[1].size = 16;
            desc.uniform_blocks[1].msl_buffer_n = 1;
            desc.label = "video_fill_shader";
        }
        return &desc;
    }
    #endif /* SOKOL_METAL */
    return 0;
}
static inline const sg_shader_desc* video_mask_shader_desc(sg_backend backend) {
    #if defined(SOKOL_GLCORE)
    if (backend == SG_BACKEND_GLCORE) {
        static sg_shader_desc desc;
        static bool valid;
        if (!valid) {
            valid = true;
            desc.vertex_func.source = (const char*)video_quad_vs_source_glsl410;
            desc.vertex_func.entry = "main";
            desc.fragment_func.source = (const char*)video_mask_fs_source_glsl410;
            desc.fragment_func.entry = "main";
            desc.uniform_blocks[0].stage = SG_SHADERSTAGE_VERTEX;
            desc.uniform_blocks[0].layout = SG_UNIFORMLAYOUT_STD140;
            desc.uniform_blocks[0].size = 64;
            desc.uniform_blocks[0].glsl_uniforms[0].type = SG_UNIFORMTYPE_FLOAT4;
            desc.uniform_blocks[0].glsl_uniforms[0].array_count = 4;
            desc.uniform_blocks[0].glsl_uniforms[0].glsl_name = "quad";
            desc.uniform_blocks[1].stage = SG_SHADERSTAGE_FRAGMENT;
            desc.uniform_blocks[1].layout = SG_UNIFORMLAYOUT_STD140;
            desc.uniform_blocks[1].size = 560;
            desc.uniform_blocks[1].glsl_uniforms[0].type = SG_UNIFORMTYPE_FLOAT4;
            desc.uniform_blocks[1].glsl_uniforms[0].array_count = 35;
            desc.uniform_blocks[1].glsl_uniforms[0].glsl_name = "mask";
            desc.label = "video_mask_shader";
        }
        return &desc;
    }
    #endif /* SOKOL_GLCORE */
    #if defined(SOKOL_D3D11)
    if (backend == SG_BACKEND_D3D11) {
        static sg_shader_desc desc;
        static bool valid;
        if (!valid) {
            valid = true;
            desc.vertex_func.source = (const char*)video_quad_vs_source_hlsl5;
            desc.vertex_func.d3d11_target = "vs_5_0";
            desc.vertex_func.entry = "main";
            desc.fragment_func.source = (const char*)video_mask_fs_source_hlsl5;
            desc.fragment_func.d3d11_target = "ps_5_0";
            desc.fragment_func.entry = "main";
            desc.uniform_blocks[0].stage = SG_SHADERSTAGE_VERTEX;
            desc.uniform_blocks[0].layout = SG_UNIFORMLAYOUT_STD140;
            desc.uniform_blocks[0].size = 64;
            desc.uniform_blocks[0].hlsl_register_b_n = 0;
            desc.uniform_blocks[1].stage = SG_SHADERSTAGE_FRAGMENT;
            desc.uniform_blocks[1].layout = SG_UNIFORMLAYOUT_STD140;
            desc.uniform_blocks[1].size = 560;
            desc.uniform_blocks[1].hlsl_register_b_n = 1;
            desc.label = "video_mask_shader";
        }
        return &desc;
    }
    #endif /* SOKOL_D3D11 */
    #if defined(SOKOL_METAL)
    if (backend == SG_BACKEND_METAL_MACOS) {
        static sg_shader_desc desc;
        static bool valid;
        if (!valid) {
            valid = true;
            desc.vertex_func.source = (const char*)video_quad_vs_source_metal_macos;
            desc.vertex_func.entry = "main0";
            desc.fragment_func.source = (const char*)video_mask_fs_source_metal_macos;
            desc.fragment_func.entry = "main0";
            desc.uniform_blocks[0].stage = SG_SHADERSTAGE_VERTEX;
            desc.uniform_blocks[0].layout = SG_UNIFORMLAYOUT_STD140;
            desc.uniform_blocks[0].size = 64;
            desc.uniform_blocks[0].msl_buffer_n = 0;
            desc.uniform_blocks[1].stage = SG_SHADERSTAGE_FRAGMENT;
            desc.uniform_blocks[1].layout = SG_UNIFORMLAYOUT_STD140;
            desc.uniform_blocks[1].size = 560;
            desc.uniform_blocks[1].msl_buffer_n = 1;
            desc.label = "video_mask_shader";
        }
        return &desc;
    }
    #endif /* SOKOL_METAL */
    return 0;
}
static inline const sg_shader_desc* video_movie_shader_desc(sg_backend backend) {
    #if defined(SOKOL_GLCORE)
    if (backend == SG_BACKEND_GLCORE) {
        static sg_shader_desc desc;
        static bool valid;
        if (!valid) {
            valid = true;
            desc.vertex_func.source = (const char*)video_quad_vs_source_glsl410;
            desc.vertex_func.entry = "main";
            desc.fragment_func.source = (const char*)video_movie_fs_source_glsl410;
            desc.fragment_func.entry = "main";
            desc.uniform_blocks[0].stage = SG_SHADERSTAGE_VERTEX;
            desc.uniform_blocks[0].layout = SG_UNIFORMLAYOUT_STD140;
            desc.uniform_blocks[0].size = 64;
            desc.uniform_blocks[0].glsl_uniforms[0].type = SG_UNIFORMTYPE_FLOAT4;
            desc.uniform_blocks[0].glsl_uniforms[0].array_count = 4;
            desc.uniform_blocks[0].glsl_uniforms[0].glsl_name = "quad";
            desc.uniform_blocks[1].stage = SG_SHADERSTAGE_FRAGMENT;
            desc.uniform_blocks[1].layout = SG_UNIFORMLAYOUT_STD140;
            desc.uniform_blocks[1].size = 32;
            desc.uniform_blocks[1].glsl_uniforms[0].type = SG_UNIFORMTYPE_FLOAT4;
            desc.uniform_blocks[1].glsl_uniforms[0].array_count = 2;
            desc.uniform_blocks[1].glsl_uniforms[0].glsl_name = "grade";
            desc.views[0].texture.stage = SG_SHADERSTAGE_FRAGMENT;
            desc.views[0].texture.image_type = SG_IMAGETYPE_2D;
            desc.views[0].texture.sample_type = SG_IMAGESAMPLETYPE_FLOAT;
            desc.views[0].texture.multisampled = false;
            desc.views[1].texture.stage = SG_SHADERSTAGE_FRAGMENT;
            desc.views[1].texture.image_type = SG_IMAGETYPE_2D;
            desc.views[1].texture.sample_type = SG_IMAGESAMPLETYPE_FLOAT;
            desc.views[1].texture.multisampled = false;
            desc.samplers[0].stage = SG_SHADERSTAGE_FRAGMENT;
            desc.samplers[0].sampler_type = SG_SAMPLERTYPE_FILTERING;
            desc.samplers[1].stage = SG_SHADERSTAGE_FRAGMENT;
            desc.samplers[1].sampler_type = SG_SAMPLERTYPE_FILTERING;
            desc.texture_sampler_pairs[0].stage = SG_SHADERSTAGE_FRAGMENT;
            desc.texture_sampler_pairs[0].view_slot = 0;
            desc.texture_sampler_pairs[0].sampler_slot = 0;
            desc.texture_sampler_pairs[0].glsl_name = "picture_picture_smp";
            desc.texture_sampler_pairs[1].stage = SG_SHADERSTAGE_FRAGMENT;
            desc.texture_sampler_pairs[1].view_slot = 1;
            desc.texture_sampler_pairs[1].sampler_slot = 1;
            desc.texture_sampler_pairs[1].glsl_name = "grade_tables_grade_smp";
            desc.label = "video_movie_shader";
        }
        return &desc;
    }
    #endif /* SOKOL_GLCORE */
    #if defined(SOKOL_D3D11)
    if (backend == SG_BACKEND_D3D11) {
        static sg_shader_desc desc;
        static bool valid;
        if (!valid) {
            valid = true;
            desc.vertex_func.source = (const char*)video_quad_vs_source_hlsl5;
            desc.vertex_func.d3d11_target = "vs_5_0";
            desc.vertex_func.entry = "main";
            desc.fragment_func.source = (const char*)video_movie_fs_source_hlsl5;
            desc.fragment_func.d3d11_target = "ps_5_0";
            desc.fragment_func.entry = "main";
            desc.uniform_blocks[0].stage = SG_SHADERSTAGE_VERTEX;
            desc.uniform_blocks[0].layout = SG_UNIFORMLAYOUT_STD140;
            desc.uniform_blocks[0].size = 64;
            desc.uniform_blocks[0].hlsl_register_b_n = 0;
            desc.uniform_blocks[1].stage = SG_SHADERSTAGE_FRAGMENT;
            desc.uniform_blocks[1].layout = SG_UNIFORMLAYOUT_STD140;
            desc.uniform_blocks[1].size = 32;
            desc.uniform_blocks[1].hlsl_register_b_n = 1;
            desc.views[0].texture.stage = SG_SHADERSTAGE_FRAGMENT;
            desc.views[0].texture.image_type = SG_IMAGETYPE_2D;
            desc.views[0].texture.sample_type = SG_IMAGESAMPLETYPE_FLOAT;
            desc.views[0].texture.multisampled = false;
            desc.views[0].texture.hlsl_register_t_n = 0;
            desc.views[1].texture.stage = SG_SHADERSTAGE_FRAGMENT;
            desc.views[1].texture.image_type = SG_IMAGETYPE_2D;
            desc.views[1].texture.sample_type = SG_IMAGESAMPLETYPE_FLOAT;
            desc.views[1].texture.multisampled = false;
            desc.views[1].texture.hlsl_register_t_n = 1;
            desc.samplers[0].stage = SG_SHADERSTAGE_FRAGMENT;
            desc.samplers[0].sampler_type = SG_SAMPLERTYPE_FILTERING;
            desc.samplers[0].hlsl_register_s_n = 0;
            desc.samplers[1].stage = SG_SHADERSTAGE_FRAGMENT;
            desc.samplers[1].sampler_type = SG_SAMPLERTYPE_FILTERING;
            desc.samplers[1].hlsl_register_s_n = 1;
            desc.texture_sampler_pairs[0].stage = SG_SHADERSTAGE_FRAGMENT;
            desc.texture_sampler_pairs[0].view_slot = 0;
            desc.texture_sampler_pairs[0].sampler_slot = 0;
            desc.texture_sampler_pairs[1].stage = SG_SHADERSTAGE_FRAGMENT;
            desc.texture_sampler_pairs[1].view_slot = 1;
            desc.texture_sampler_pairs[1].sampler_slot = 1;
            desc.label = "video_movie_shader";
        }
        return &desc;
    }
    #endif /* SOKOL_D3D11 */
    #if defined(SOKOL_METAL)
    if (backend == SG_BACKEND_METAL_MACOS) {
        static sg_shader_desc desc;
        static bool valid;
        if (!valid) {
            valid = true;
            desc.vertex_func.source = (const char*)video_quad_vs_source_metal_macos;
            desc.vertex_func.entry = "main0";
            desc.fragment_func.source = (const char*)video_movie_fs_source_metal_macos;
            desc.fragment_func.entry = "main0";
            desc.uniform_blocks[0].stage = SG_SHADERSTAGE_VERTEX;
            desc.uniform_blocks[0].layout = SG_UNIFORMLAYOUT_STD140;
            desc.uniform_blocks[0].size = 64;
            desc.uniform_blocks[0].msl_buffer_n = 0;
            desc.uniform_blocks[1].stage = SG_SHADERSTAGE_FRAGMENT;
            desc.uniform_blocks[1].layout = SG_UNIFORMLAYOUT_STD140;
            desc.uniform_blocks[1].size = 32;
            desc.uniform_blocks[1].msl_buffer_n = 1;
            desc.views[0].texture.stage = SG_SHADERSTAGE_FRAGMENT;
            desc.views[0].texture.image_type = SG_IMAGETYPE_2D;
            desc.views[0].texture.sample_type = SG_IMAGESAMPLETYPE_FLOAT;
            desc.views[0].texture.multisampled = false;
            desc.views[0].texture.msl_texture_n = 0;
            desc.views[1].texture.stage = SG_SHADERSTAGE_FRAGMENT;
            desc.views[1].texture.image_type = SG_IMAGETYPE_2D;
            desc.views[1].texture.sample_type = SG_IMAGESAMPLETYPE_FLOAT;
            desc.views[1].texture.multisampled = false;
            desc.views[1].texture.msl_texture_n = 1;
            desc.samplers[0].stage = SG_SHADERSTAGE_FRAGMENT;
            desc.samplers[0].sampler_type = SG_SAMPLERTYPE_FILTERING;
            desc.samplers[0].msl_sampler_n = 0;
            desc.samplers[1].stage = SG_SHADERSTAGE_FRAGMENT;
            desc.samplers[1].sampler_type = SG_SAMPLERTYPE_FILTERING;
            desc.samplers[1].msl_sampler_n = 1;
            desc.texture_sampler_pairs[0].stage = SG_SHADERSTAGE_FRAGMENT;
            desc.texture_sampler_pairs[0].view_slot = 0;
            desc.texture_sampler_pairs[0].sampler_slot = 0;
            desc.texture_sampler_pairs[1].stage = SG_SHADERSTAGE_FRAGMENT;
            desc.texture_sampler_pairs[1].view_slot = 1;
            desc.texture_sampler_pairs[1].sampler_slot = 1;
            desc.label = "video_movie_shader";
        }
        return &desc;
    }
    #endif /* SOKOL_METAL */
    return 0;
}
static inline const sg_shader_desc* video_movie_q_shader_desc(sg_backend backend) {
    #if defined(SOKOL_GLCORE)
    if (backend == SG_BACKEND_GLCORE) {
        static sg_shader_desc desc;
        static bool valid;
        if (!valid) {
            valid = true;
            desc.vertex_func.source = (const char*)video_quad_vs_source_glsl410;
            desc.vertex_func.entry = "main";
            desc.fragment_func.source = (const char*)video_movie_q_fs_source_glsl410;
            desc.fragment_func.entry = "main";
            desc.uniform_blocks[0].stage = SG_SHADERSTAGE_VERTEX;
            desc.uniform_blocks[0].layout = SG_UNIFORMLAYOUT_STD140;
            desc.uniform_blocks[0].size = 64;
            desc.uniform_blocks[0].glsl_uniforms[0].type = SG_UNIFORMTYPE_FLOAT4;
            desc.uniform_blocks[0].glsl_uniforms[0].array_count = 4;
            desc.uniform_blocks[0].glsl_uniforms[0].glsl_name = "quad";
            desc.uniform_blocks[1].stage = SG_SHADERSTAGE_FRAGMENT;
            desc.uniform_blocks[1].layout = SG_UNIFORMLAYOUT_STD140;
            desc.uniform_blocks[1].size = 32;
            desc.uniform_blocks[1].glsl_uniforms[0].type = SG_UNIFORMTYPE_FLOAT4;
            desc.uniform_blocks[1].glsl_uniforms[0].array_count = 2;
            desc.uniform_blocks[1].glsl_uniforms[0].glsl_name = "grade";
            desc.views[0].texture.stage = SG_SHADERSTAGE_FRAGMENT;
            desc.views[0].texture.image_type = SG_IMAGETYPE_2D;
            desc.views[0].texture.sample_type = SG_IMAGESAMPLETYPE_FLOAT;
            desc.views[0].texture.multisampled = false;
            desc.views[1].texture.stage = SG_SHADERSTAGE_FRAGMENT;
            desc.views[1].texture.image_type = SG_IMAGETYPE_2D;
            desc.views[1].texture.sample_type = SG_IMAGESAMPLETYPE_FLOAT;
            desc.views[1].texture.multisampled = false;
            desc.samplers[0].stage = SG_SHADERSTAGE_FRAGMENT;
            desc.samplers[0].sampler_type = SG_SAMPLERTYPE_FILTERING;
            desc.samplers[1].stage = SG_SHADERSTAGE_FRAGMENT;
            desc.samplers[1].sampler_type = SG_SAMPLERTYPE_FILTERING;
            desc.texture_sampler_pairs[0].stage = SG_SHADERSTAGE_FRAGMENT;
            desc.texture_sampler_pairs[0].view_slot = 0;
            desc.texture_sampler_pairs[0].sampler_slot = 0;
            desc.texture_sampler_pairs[0].glsl_name = "picture_picture_smp";
            desc.texture_sampler_pairs[1].stage = SG_SHADERSTAGE_FRAGMENT;
            desc.texture_sampler_pairs[1].view_slot = 1;
            desc.texture_sampler_pairs[1].sampler_slot = 1;
            desc.texture_sampler_pairs[1].glsl_name = "grade_tables_grade_smp";
            desc.label = "video_movie_q_shader";
        }
        return &desc;
    }
    #endif /* SOKOL_GLCORE */
    #if defined(SOKOL_D3D11)
    if (backend == SG_BACKEND_D3D11) {
        static sg_shader_desc desc;
        static bool valid;
        if (!valid) {
            valid = true;
            desc.vertex_func.source = (const char*)video_quad_vs_source_hlsl5;
            desc.vertex_func.d3d11_target = "vs_5_0";
            desc.vertex_func.entry = "main";
            desc.fragment_func.source = (const char*)video_movie_q_fs_source_hlsl5;
            desc.fragment_func.d3d11_target = "ps_5_0";
            desc.fragment_func.entry = "main";
            desc.uniform_blocks[0].stage = SG_SHADERSTAGE_VERTEX;
            desc.uniform_blocks[0].layout = SG_UNIFORMLAYOUT_STD140;
            desc.uniform_blocks[0].size = 64;
            desc.uniform_blocks[0].hlsl_register_b_n = 0;
            desc.uniform_blocks[1].stage = SG_SHADERSTAGE_FRAGMENT;
            desc.uniform_blocks[1].layout = SG_UNIFORMLAYOUT_STD140;
            desc.uniform_blocks[1].size = 32;
            desc.uniform_blocks[1].hlsl_register_b_n = 1;
            desc.views[0].texture.stage = SG_SHADERSTAGE_FRAGMENT;
            desc.views[0].texture.image_type = SG_IMAGETYPE_2D;
            desc.views[0].texture.sample_type = SG_IMAGESAMPLETYPE_FLOAT;
            desc.views[0].texture.multisampled = false;
            desc.views[0].texture.hlsl_register_t_n = 0;
            desc.views[1].texture.stage = SG_SHADERSTAGE_FRAGMENT;
            desc.views[1].texture.image_type = SG_IMAGETYPE_2D;
            desc.views[1].texture.sample_type = SG_IMAGESAMPLETYPE_FLOAT;
            desc.views[1].texture.multisampled = false;
            desc.views[1].texture.hlsl_register_t_n = 1;
            desc.samplers[0].stage = SG_SHADERSTAGE_FRAGMENT;
            desc.samplers[0].sampler_type = SG_SAMPLERTYPE_FILTERING;
            desc.samplers[0].hlsl_register_s_n = 0;
            desc.samplers[1].stage = SG_SHADERSTAGE_FRAGMENT;
            desc.samplers[1].sampler_type = SG_SAMPLERTYPE_FILTERING;
            desc.samplers[1].hlsl_register_s_n = 1;
            desc.texture_sampler_pairs[0].stage = SG_SHADERSTAGE_FRAGMENT;
            desc.texture_sampler_pairs[0].view_slot = 0;
            desc.texture_sampler_pairs[0].sampler_slot = 0;
            desc.texture_sampler_pairs[1].stage = SG_SHADERSTAGE_FRAGMENT;
            desc.texture_sampler_pairs[1].view_slot = 1;
            desc.texture_sampler_pairs[1].sampler_slot = 1;
            desc.label = "video_movie_q_shader";
        }
        return &desc;
    }
    #endif /* SOKOL_D3D11 */
    #if defined(SOKOL_METAL)
    if (backend == SG_BACKEND_METAL_MACOS) {
        static sg_shader_desc desc;
        static bool valid;
        if (!valid) {
            valid = true;
            desc.vertex_func.source = (const char*)video_quad_vs_source_metal_macos;
            desc.vertex_func.entry = "main0";
            desc.fragment_func.source = (const char*)video_movie_q_fs_source_metal_macos;
            desc.fragment_func.entry = "main0";
            desc.uniform_blocks[0].stage = SG_SHADERSTAGE_VERTEX;
            desc.uniform_blocks[0].layout = SG_UNIFORMLAYOUT_STD140;
            desc.uniform_blocks[0].size = 64;
            desc.uniform_blocks[0].msl_buffer_n = 0;
            desc.uniform_blocks[1].stage = SG_SHADERSTAGE_FRAGMENT;
            desc.uniform_blocks[1].layout = SG_UNIFORMLAYOUT_STD140;
            desc.uniform_blocks[1].size = 32;
            desc.uniform_blocks[1].msl_buffer_n = 1;
            desc.views[0].texture.stage = SG_SHADERSTAGE_FRAGMENT;
            desc.views[0].texture.image_type = SG_IMAGETYPE_2D;
            desc.views[0].texture.sample_type = SG_IMAGESAMPLETYPE_FLOAT;
            desc.views[0].texture.multisampled = false;
            desc.views[0].texture.msl_texture_n = 0;
            desc.views[1].texture.stage = SG_SHADERSTAGE_FRAGMENT;
            desc.views[1].texture.image_type = SG_IMAGETYPE_2D;
            desc.views[1].texture.sample_type = SG_IMAGESAMPLETYPE_FLOAT;
            desc.views[1].texture.multisampled = false;
            desc.views[1].texture.msl_texture_n = 1;
            desc.samplers[0].stage = SG_SHADERSTAGE_FRAGMENT;
            desc.samplers[0].sampler_type = SG_SAMPLERTYPE_FILTERING;
            desc.samplers[0].msl_sampler_n = 0;
            desc.samplers[1].stage = SG_SHADERSTAGE_FRAGMENT;
            desc.samplers[1].sampler_type = SG_SAMPLERTYPE_FILTERING;
            desc.samplers[1].msl_sampler_n = 1;
            desc.texture_sampler_pairs[0].stage = SG_SHADERSTAGE_FRAGMENT;
            desc.texture_sampler_pairs[0].view_slot = 0;
            desc.texture_sampler_pairs[0].sampler_slot = 0;
            desc.texture_sampler_pairs[1].stage = SG_SHADERSTAGE_FRAGMENT;
            desc.texture_sampler_pairs[1].view_slot = 1;
            desc.texture_sampler_pairs[1].sampler_slot = 1;
            desc.label = "video_movie_q_shader";
        }
        return &desc;
    }
    #endif /* SOKOL_METAL */
    return 0;
}
static inline const sg_shader_desc* video_picture_shader_desc(sg_backend backend) {
    #if defined(SOKOL_GLCORE)
    if (backend == SG_BACKEND_GLCORE) {
        static sg_shader_desc desc;
        static bool valid;
        if (!valid) {
            valid = true;
            desc.vertex_func.source = (const char*)video_quad_vs_source_glsl410;
            desc.vertex_func.entry = "main";
            desc.fragment_func.source = (const char*)video_picture_fs_source_glsl410;
            desc.fragment_func.entry = "main";
            desc.uniform_blocks[0].stage = SG_SHADERSTAGE_VERTEX;
            desc.uniform_blocks[0].layout = SG_UNIFORMLAYOUT_STD140;
            desc.uniform_blocks[0].size = 64;
            desc.uniform_blocks[0].glsl_uniforms[0].type = SG_UNIFORMTYPE_FLOAT4;
            desc.uniform_blocks[0].glsl_uniforms[0].array_count = 4;
            desc.uniform_blocks[0].glsl_uniforms[0].glsl_name = "quad";
            desc.uniform_blocks[1].stage = SG_SHADERSTAGE_FRAGMENT;
            desc.uniform_blocks[1].layout = SG_UNIFORMLAYOUT_STD140;
            desc.uniform_blocks[1].size = 32;
            desc.uniform_blocks[1].glsl_uniforms[0].type = SG_UNIFORMTYPE_FLOAT4;
            desc.uniform_blocks[1].glsl_uniforms[0].array_count = 2;
            desc.uniform_blocks[1].glsl_uniforms[0].glsl_name = "grade";
            desc.views[0].texture.stage = SG_SHADERSTAGE_FRAGMENT;
            desc.views[0].texture.image_type = SG_IMAGETYPE_2D;
            desc.views[0].texture.sample_type = SG_IMAGESAMPLETYPE_FLOAT;
            desc.views[0].texture.multisampled = false;
            desc.views[1].texture.stage = SG_SHADERSTAGE_FRAGMENT;
            desc.views[1].texture.image_type = SG_IMAGETYPE_2D;
            desc.views[1].texture.sample_type = SG_IMAGESAMPLETYPE_FLOAT;
            desc.views[1].texture.multisampled = false;
            desc.samplers[0].stage = SG_SHADERSTAGE_FRAGMENT;
            desc.samplers[0].sampler_type = SG_SAMPLERTYPE_FILTERING;
            desc.samplers[1].stage = SG_SHADERSTAGE_FRAGMENT;
            desc.samplers[1].sampler_type = SG_SAMPLERTYPE_FILTERING;
            desc.texture_sampler_pairs[0].stage = SG_SHADERSTAGE_FRAGMENT;
            desc.texture_sampler_pairs[0].view_slot = 0;
            desc.texture_sampler_pairs[0].sampler_slot = 0;
            desc.texture_sampler_pairs[0].glsl_name = "picture_picture_smp";
            desc.texture_sampler_pairs[1].stage = SG_SHADERSTAGE_FRAGMENT;
            desc.texture_sampler_pairs[1].view_slot = 1;
            desc.texture_sampler_pairs[1].sampler_slot = 1;
            desc.texture_sampler_pairs[1].glsl_name = "grade_tables_grade_smp";
            desc.label = "video_picture_shader";
        }
        return &desc;
    }
    #endif /* SOKOL_GLCORE */
    #if defined(SOKOL_D3D11)
    if (backend == SG_BACKEND_D3D11) {
        static sg_shader_desc desc;
        static bool valid;
        if (!valid) {
            valid = true;
            desc.vertex_func.source = (const char*)video_quad_vs_source_hlsl5;
            desc.vertex_func.d3d11_target = "vs_5_0";
            desc.vertex_func.entry = "main";
            desc.fragment_func.source = (const char*)video_picture_fs_source_hlsl5;
            desc.fragment_func.d3d11_target = "ps_5_0";
            desc.fragment_func.entry = "main";
            desc.uniform_blocks[0].stage = SG_SHADERSTAGE_VERTEX;
            desc.uniform_blocks[0].layout = SG_UNIFORMLAYOUT_STD140;
            desc.uniform_blocks[0].size = 64;
            desc.uniform_blocks[0].hlsl_register_b_n = 0;
            desc.uniform_blocks[1].stage = SG_SHADERSTAGE_FRAGMENT;
            desc.uniform_blocks[1].layout = SG_UNIFORMLAYOUT_STD140;
            desc.uniform_blocks[1].size = 32;
            desc.uniform_blocks[1].hlsl_register_b_n = 1;
            desc.views[0].texture.stage = SG_SHADERSTAGE_FRAGMENT;
            desc.views[0].texture.image_type = SG_IMAGETYPE_2D;
            desc.views[0].texture.sample_type = SG_IMAGESAMPLETYPE_FLOAT;
            desc.views[0].texture.multisampled = false;
            desc.views[0].texture.hlsl_register_t_n = 0;
            desc.views[1].texture.stage = SG_SHADERSTAGE_FRAGMENT;
            desc.views[1].texture.image_type = SG_IMAGETYPE_2D;
            desc.views[1].texture.sample_type = SG_IMAGESAMPLETYPE_FLOAT;
            desc.views[1].texture.multisampled = false;
            desc.views[1].texture.hlsl_register_t_n = 1;
            desc.samplers[0].stage = SG_SHADERSTAGE_FRAGMENT;
            desc.samplers[0].sampler_type = SG_SAMPLERTYPE_FILTERING;
            desc.samplers[0].hlsl_register_s_n = 0;
            desc.samplers[1].stage = SG_SHADERSTAGE_FRAGMENT;
            desc.samplers[1].sampler_type = SG_SAMPLERTYPE_FILTERING;
            desc.samplers[1].hlsl_register_s_n = 1;
            desc.texture_sampler_pairs[0].stage = SG_SHADERSTAGE_FRAGMENT;
            desc.texture_sampler_pairs[0].view_slot = 0;
            desc.texture_sampler_pairs[0].sampler_slot = 0;
            desc.texture_sampler_pairs[1].stage = SG_SHADERSTAGE_FRAGMENT;
            desc.texture_sampler_pairs[1].view_slot = 1;
            desc.texture_sampler_pairs[1].sampler_slot = 1;
            desc.label = "video_picture_shader";
        }
        return &desc;
    }
    #endif /* SOKOL_D3D11 */
    #if defined(SOKOL_METAL)
    if (backend == SG_BACKEND_METAL_MACOS) {
        static sg_shader_desc desc;
        static bool valid;
        if (!valid) {
            valid = true;
            desc.vertex_func.source = (const char*)video_quad_vs_source_metal_macos;
            desc.vertex_func.entry = "main0";
            desc.fragment_func.source = (const char*)video_picture_fs_source_metal_macos;
            desc.fragment_func.entry = "main0";
            desc.uniform_blocks[0].stage = SG_SHADERSTAGE_VERTEX;
            desc.uniform_blocks[0].layout = SG_UNIFORMLAYOUT_STD140;
            desc.uniform_blocks[0].size = 64;
            desc.uniform_blocks[0].msl_buffer_n = 0;
            desc.uniform_blocks[1].stage = SG_SHADERSTAGE_FRAGMENT;
            desc.uniform_blocks[1].layout = SG_UNIFORMLAYOUT_STD140;
            desc.uniform_blocks[1].size = 32;
            desc.uniform_blocks[1].msl_buffer_n = 1;
            desc.views[0].texture.stage = SG_SHADERSTAGE_FRAGMENT;
            desc.views[0].texture.image_type = SG_IMAGETYPE_2D;
            desc.views[0].texture.sample_type = SG_IMAGESAMPLETYPE_FLOAT;
            desc.views[0].texture.multisampled = false;
            desc.views[0].texture.msl_texture_n = 0;
            desc.views[1].texture.stage = SG_SHADERSTAGE_FRAGMENT;
            desc.views[1].texture.image_type = SG_IMAGETYPE_2D;
            desc.views[1].texture.sample_type = SG_IMAGESAMPLETYPE_FLOAT;
            desc.views[1].texture.multisampled = false;
            desc.views[1].texture.msl_texture_n = 1;
            desc.samplers[0].stage = SG_SHADERSTAGE_FRAGMENT;
            desc.samplers[0].sampler_type = SG_SAMPLERTYPE_FILTERING;
            desc.samplers[0].msl_sampler_n = 0;
            desc.samplers[1].stage = SG_SHADERSTAGE_FRAGMENT;
            desc.samplers[1].sampler_type = SG_SAMPLERTYPE_FILTERING;
            desc.samplers[1].msl_sampler_n = 1;
            desc.texture_sampler_pairs[0].stage = SG_SHADERSTAGE_FRAGMENT;
            desc.texture_sampler_pairs[0].view_slot = 0;
            desc.texture_sampler_pairs[0].sampler_slot = 0;
            desc.texture_sampler_pairs[1].stage = SG_SHADERSTAGE_FRAGMENT;
            desc.texture_sampler_pairs[1].view_slot = 1;
            desc.texture_sampler_pairs[1].sampler_slot = 1;
            desc.label = "video_picture_shader";
        }
        return &desc;
    }
    #endif /* SOKOL_METAL */
    return 0;
}
static inline const sg_shader_desc* video_warp_shader_desc(sg_backend backend) {
    #if defined(SOKOL_GLCORE)
    if (backend == SG_BACKEND_GLCORE) {
        static sg_shader_desc desc;
        static bool valid;
        if (!valid) {
            valid = true;
            desc.vertex_func.source = (const char*)video_mesh_vs_source_glsl410;
            desc.vertex_func.entry = "main";
            desc.fragment_func.source = (const char*)video_warp_fs_source_glsl410;
            desc.fragment_func.entry = "main";
            desc.attrs[0].base_type = SG_SHADERATTRBASETYPE_FLOAT;
            desc.attrs[0].glsl_name = "position";
            desc.attrs[1].base_type = SG_SHADERATTRBASETYPE_FLOAT;
            desc.attrs[1].glsl_name = "texel";
            desc.uniform_blocks[1].stage = SG_SHADERSTAGE_FRAGMENT;
            desc.uniform_blocks[1].layout = SG_UNIFORMLAYOUT_STD140;
            desc.uniform_blocks[1].size = 64;
            desc.uniform_blocks[1].glsl_uniforms[0].type = SG_UNIFORMTYPE_FLOAT4;
            desc.uniform_blocks[1].glsl_uniforms[0].array_count = 4;
            desc.uniform_blocks[1].glsl_uniforms[0].glsl_name = "warp";
            desc.views[0].texture.stage = SG_SHADERSTAGE_FRAGMENT;
            desc.views[0].texture.image_type = SG_IMAGETYPE_2D;
            desc.views[0].texture.sample_type = SG_IMAGESAMPLETYPE_FLOAT;
            desc.views[0].texture.multisampled = false;
            desc.samplers[0].stage = SG_SHADERSTAGE_FRAGMENT;
            desc.samplers[0].sampler_type = SG_SAMPLERTYPE_FILTERING;
            desc.texture_sampler_pairs[0].stage = SG_SHADERSTAGE_FRAGMENT;
            desc.texture_sampler_pairs[0].view_slot = 0;
            desc.texture_sampler_pairs[0].sampler_slot = 0;
            desc.texture_sampler_pairs[0].glsl_name = "canvas_canvas_smp";
            desc.label = "video_warp_shader";
        }
        return &desc;
    }
    #endif /* SOKOL_GLCORE */
    #if defined(SOKOL_D3D11)
    if (backend == SG_BACKEND_D3D11) {
        static sg_shader_desc desc;
        static bool valid;
        if (!valid) {
            valid = true;
            desc.vertex_func.source = (const char*)video_mesh_vs_source_hlsl5;
            desc.vertex_func.d3d11_target = "vs_5_0";
            desc.vertex_func.entry = "main";
            desc.fragment_func.source = (const char*)video_warp_fs_source_hlsl5;
            desc.fragment_func.d3d11_target = "ps_5_0";
            desc.fragment_func.entry = "main";
            desc.attrs[0].base_type = SG_SHADERATTRBASETYPE_FLOAT;
            desc.attrs[0].hlsl_sem_name = "TEXCOORD";
            desc.attrs[0].hlsl_sem_index = 0;
            desc.attrs[1].base_type = SG_SHADERATTRBASETYPE_FLOAT;
            desc.attrs[1].hlsl_sem_name = "TEXCOORD";
            desc.attrs[1].hlsl_sem_index = 1;
            desc.uniform_blocks[1].stage = SG_SHADERSTAGE_FRAGMENT;
            desc.uniform_blocks[1].layout = SG_UNIFORMLAYOUT_STD140;
            desc.uniform_blocks[1].size = 64;
            desc.uniform_blocks[1].hlsl_register_b_n = 1;
            desc.views[0].texture.stage = SG_SHADERSTAGE_FRAGMENT;
            desc.views[0].texture.image_type = SG_IMAGETYPE_2D;
            desc.views[0].texture.sample_type = SG_IMAGESAMPLETYPE_FLOAT;
            desc.views[0].texture.multisampled = false;
            desc.views[0].texture.hlsl_register_t_n = 0;
            desc.samplers[0].stage = SG_SHADERSTAGE_FRAGMENT;
            desc.samplers[0].sampler_type = SG_SAMPLERTYPE_FILTERING;
            desc.samplers[0].hlsl_register_s_n = 0;
            desc.texture_sampler_pairs[0].stage = SG_SHADERSTAGE_FRAGMENT;
            desc.texture_sampler_pairs[0].view_slot = 0;
            desc.texture_sampler_pairs[0].sampler_slot = 0;
            desc.label = "video_warp_shader";
        }
        return &desc;
    }
    #endif /* SOKOL_D3D11 */
    #if defined(SOKOL_METAL)
    if (backend == SG_BACKEND_METAL_MACOS) {
        static sg_shader_desc desc;
        static bool valid;
        if (!valid) {
            valid = true;
            desc.vertex_func.source = (const char*)video_mesh_vs_source_metal_macos;
            desc.vertex_func.entry = "main0";
            desc.fragment_func.source = (const char*)video_warp_fs_source_metal_macos;
            desc.fragment_func.entry = "main0";
            desc.attrs[0].base_type = SG_SHADERATTRBASETYPE_FLOAT;
            desc.attrs[1].base_type = SG_SHADERATTRBASETYPE_FLOAT;
            desc.uniform_blocks[1].stage = SG_SHADERSTAGE_FRAGMENT;
            desc.uniform_blocks[1].layout = SG_UNIFORMLAYOUT_STD140;
            desc.uniform_blocks[1].size = 64;
            desc.uniform_blocks[1].msl_buffer_n = 1;
            desc.views[0].texture.stage = SG_SHADERSTAGE_FRAGMENT;
            desc.views[0].texture.image_type = SG_IMAGETYPE_2D;
            desc.views[0].texture.sample_type = SG_IMAGESAMPLETYPE_FLOAT;
            desc.views[0].texture.multisampled = false;
            desc.views[0].texture.msl_texture_n = 0;
            desc.samplers[0].stage = SG_SHADERSTAGE_FRAGMENT;
            desc.samplers[0].sampler_type = SG_SAMPLERTYPE_FILTERING;
            desc.samplers[0].msl_sampler_n = 0;
            desc.texture_sampler_pairs[0].stage = SG_SHADERSTAGE_FRAGMENT;
            desc.texture_sampler_pairs[0].view_slot = 0;
            desc.texture_sampler_pairs[0].sampler_slot = 0;
            desc.label = "video_warp_shader";
        }
        return &desc;
    }
    #endif /* SOKOL_METAL */
    return 0;
}
