owner,address,type,access,default,range,unit,kind,rate_cap,anticipatable,panic,persist,refers,description
engine,product,s,r,Go.dot,,,state,1,no,park,none,,The product name.
engine,version,s,r,,,,state,1,no,park,none,,The running build's version.
engine,tick,h,r,0,,tick,state,5,no,park,none,,The current tick index.
engine,sampleRate,i,r,0,,Hz,state,1,no,park,none,,The clock's sample rate. Observed from the device from Phase 2; not a setting.
engine,blockSize,i,r,0,,samples,state,1,no,park,none,,The audio block size the clock is being advanced by.
engine,samplesPerTick,i,r,0,,samples,state,1,no,park,none,,Samples per 50 Hz tick; the sample rate divided by 50.
engine,lateness,i,r,0,,samples,state,5,no,park,none,,"How late the last tick was processed, in samples."
engine,latenessMax,i,r,0,,samples,state,5,no,park,none,,The worst lateness since the engine started.
engine,clock,s,r,dummy,dummy|device,,state,1,no,park,none,,Which clock is advancing the sample counter.
engine,errorCount,i,r,0,,,state,5,no,park,none,,Commands rejected since the engine started.
engine,rtViolations,i,r,0,0..,,state,5,no,park,none,,"Allocations Go.dot's own code made on the audio thread since the engine started. Zero is the only acceptable value: PRD 4.2 forbids allocation there, and an allocation is a lock inside the allocator taken while a block is due. Reads zero in a build configured without the real-time checks, where nobody is looking."
engine,rtForeignAllocations,i,r,0,0..,,state,5,no,park,none,,"Allocations Tracktion made inside the audio callback since the engine started, counted separately and never hidden. Tracktion takes a shared lock every block by design; this is a measured fact about a dependency, not a defect in it."
engine,launchLatencyTicks,i,r,0,0..,,state,5,no,park,none,,"How many ticks pass between a GO being applied and the sound starting. It is not a preference: it is one tick plus however many the audio block spans, which is the smallest delay that guarantees the launch is never placed in the past and so never back-dated. Published because a designer timing a cue against light needs the number rather than a feeling about it."
engine,sequenceGapTicks,i,r,0,0..,,state,5,no,park,none,,"How many ticks pass between one member of an automatic sequence ending and the next one sounding. Two, plus the launch latency: a member reports it has ended during one tick, the scheduler sees that on the next and asks for the next member, and the launch is placed on the one after. It is the price of every decision being a logged command rather than something a hook quietly does - which is what lets a whole show replay - and it is published for the same reason the launch latency is: a designer timing a chain against light needs the number rather than a feeling about it. A sample-accurate join is what ranges are for (PRD 3.24); a sequence group is discrete cues relaunched."
engine,lastError,s,r,,,,state,5,no,park,none,,"The most recent rejection: tick, sequence, origin, reason and command. The only way an OSC client can learn that its write was refused."
engine,analysisRebuilds,i,r,0,0..,,state,5,no,park,none,,"How many times the edit-time liveness analysis has been rebuilt since the engine started. Published so that the cache behind it can be asserted by COUNTING rather than by timing (measurement M18): what the design guarantees is that a hundred publishes with nothing edited cost no rebuild at all, and a wall-clock threshold on a shared CI runner is a flaky test that teaches people to re-run the suite. The same argument as mountRebuilds in Phase 3, which is the shape this borrows."
engine,tickRealtime,T,r,false,,,state,1,no,park,none,,"Whether the tick thread - the show's clock, which every launch, fade and cursor waits on - runs at real-time priority: TIME_CRITICAL on Windows, a time-constraint policy and the interface's audio workgroup on macOS, SCHED_FIFO on Linux. False where the system refused it, typically Linux without real-time rights; the show's clock then runs at the priority of everything else on the machine."
engine,audioGaps,i,r,0,0..,,state,5,no,park,none,,"How many times the audio interface left a gap between two calls for sound - longer than three blocks and at least 10 ms - since the engine started. Go.dot's clock is counted from those calls, so a gap is silence and a clock standing still at once. Each is also written to the engine log as a note with its length beside the longest Go.dot took to answer a call, which tells an interface that went quiet from a callback that was held up."
engine,audioGapMax,i,r,0,0..,samples,state,5,no,park,none,,"The longest such gap since the engine started, in samples at the session's rate."
engine,audioCallbackMax,i,r,0,0..,samples,state,5,no,park,none,,"The longest Go.dot has taken to answer one call for sound since the engine started, in samples at the session's rate. Past one block's worth, the interface was kept waiting."
engine,logPending,i,r,0,0..,,state,5,no,park,none,,"Lines of the engine log made and not yet flushed to its file by the low-priority writer: what a process killed now would lose. The black-box harness waits for nought before it stops a server, since terminate() on Windows runs no destructor."
document,path,s,r,,,,state,1,no,park,none,,The open bundle's folder.
document,name,s,r,,,,state,1,no,park,none,,The open bundle's name.
document,formatVersion,i,r,1,,,state,1,no,park,show,,The show format this document was written against.
document,dirty,T,r,false,,,state,5,no,park,none,,Whether there are unsaved changes to show.xml.
document,revision,h,r,0,,,state,5,no,park,none,,"How many times the show half of the document has changed since it was opened - what show.xml would record - counting from 1, so it never reads 0. A GO, a standby move, a focus change and every run leave it where it is, because none of them is a change to the show; an edit, an undo, a revert and a recovery all move it. A client rebuilds its picture of the show when this moves and not otherwise, which is the reason it exists: the document half of a snapshot is rebuilt whenever any command applies, so a chain of runs would otherwise have a cue list rebuilt several times a second for a show nobody edited. Read the difference for nothing - one move is a remove and an add - only whether it differs from the number a picture was built at."
document,warnings,s,r,,,,state,5,no,park,none,,"Everything wrong with the open show that did not stop it opening, one per line: the references that point at nothing, and the slot overlaps the edit-time analysis found. NEWLINE-SEPARATED and not space-separated, which no other list-shaped readout here is, because a warning is a sentence and sentences contain spaces. A refusal is not in it - a document that fails validate is never handed to the engine, so by the time anything can read this there are none."
document,locked,T,rw,false,,,state,5,no,park,state,,"Show mode, and a lock on the show rather than a mode in a client. While it is true the engine refuses every change to what show.xml would record - a create, a delete, a move, or a write to any value that persists in the show - with the reason locked, whichever client sent it, because a lock that only one client honoured would lock exactly one of them - and the accident it exists for is the one PRD 3.17 names, a forearm on a screen in the dark. It locks nothing of where the operator is standing. GO, Doh!, the standby, the focus, every run, load-to-time, a save and a write to a mounted device all keep working, and so does the write that sets this false again. Kept in state.xml beside the standby and the focus rather than in show.xml, because like them it belongs to the performance in progress and not to the show - and so an engine restarted in the middle of a performance comes back locked."
document,canUndo,T,r,false,,,state,5,no,park,none,,"Whether the document's undo history has a transaction to unmake. A client greys its Undo item from this one node and never has to send a command to find out. It is a reading of a stack that starts empty at every open, so it persists nowhere: an engine restarted mid-performance comes back with nothing to undo, which is honest - the actions are gone with the process that held them."
document,canRedo,T,r,false,,,state,5,no,park,none,,"Whether the document has a transaction to put back. False until something has been undone, and false again the moment any edit lands, because an edit made after an undo discards the forward half - which is how every editor behaves and is the half people are surprised by."
document,undoName,s,r,,,,state,5,no,park,none,,"The name of the transaction Undo would unmake, which is the command that made it: node.set, cue.create, object.delete. Published so that a menu item can read Undo object.delete rather than Undo, with no lookup table in the client - PRD 4.11 already makes every gesture-reachable action carry a name, and this is that name handed back. Empty when there is nothing to undo. It never carries a time: the engine's own notion of when is the tick index, and a wall clock in a published node would be a value a replay could not reproduce."
document,redoName,s,r,,,,state,5,no,park,none,,"The same for Redo: the name of the transaction Redo would put back, and empty when nothing has been undone."
document,undoHistory,s,r,,,,state,5,no,park,none,,"The whole of what Undo would unmake, newest first, space-separated: the name of each transaction on the document's history, which is the command that made it. Published beside undoName (2026-09-19) so a client can draw the history as a place to stand in - the author's undo panel, where a pointer dragged over the transactions shows what standing there would change - without a command to ask for it. Moving there is that many undo or redo records, each a transaction the log replays."
document,redoHistory,s,r,,,,state,5,no,park,none,,"The same for Redo: what it would put back, nearest first, and empty when nothing has been undone."
document,clipboard,s,r,,,,state,1,no,park,none,,"What `document.copy` last copied: the chosen cues as one canonical <Fragment>, the text `document.paste` takes. A window puts it on the operating system's clipboard when it changes, which is how two shows in two windows hand cues to each other; the page pastes it straight back. Empty until something is copied."
document,partClipboard,s,r,,,,state,1,no,park,none,,"What `cue.copyPart` last copied: part of one cue - its EQ, its sends, its effects, its time and loops - as a canonical <Fragment part=""…"">, the text `cue.pastePart` takes (namespace draft §38). Kept apart from `clipboard`, so a paste of cues is never handed a part. Empty until something is copied."
document,recovery,T,r,false,,,state,1,no,park,none,,"Whether an earlier session left unsaved work in this bundle that nobody has answered yet. The engine autosaves the show to recovery/ two seconds after an edit and every thirty seconds through a long one, never to show.xml - a designer who decides an afternoon was wrong must be able to throw it away by not saving. This is true when the bundle opened with a recovery/show.xml - the last session died - or, failing that, with a recovery.previous.N/ an earlier session moved aside and nobody answered, the highest N first; and it stays true until document.recover adopts that recovery or document.discardRecovery deletes it, wherever it then lives. This session's own autosave keeps running meanwhile: the first time it needs recovery/ while the offer still sits there, it renames the offer to the next recovery.previous.N/ and writes its own, so neither afternoon is lost. Nothing but a discard deletes an unanswered recovery.previous.N/, so one nobody answers is offered again at the next open; one that was recovered is deleted once the recovered work has been autosaved or saved. It is NOT a look at the disk: this session's own autosave writes recovery/ within seconds of any edit, so a node that asked the filesystem would offer every unsaved show back to the person still writing it. What it reports is somebody else's unfinished afternoon, and only the operator may decide whether it was worth keeping - the engine is headless and has nobody to ask. It changes at most twice in a session, which is why the cap is 1 and not the 5 of its livelier neighbours."
document,writeError,s,r,,,,state,5,no,park,none,,"Why the last write the engine handed to its writer thread did not land, in the writer's own sentence - which command, at which tick, which file and what became of it - and empty when nothing is outstanding. Saves, autosaves, copies and discards of a recovery are written off the tick thread so that GO never waits for a disk, which means a write that fails can no longer refuse the command that asked for it: the command was applied, and its record means taken and handed to the writer. What a failure does instead is leave dirty lit, because the show on disk is still behind - the truthful signal - and say why here. NOT lastError, which quotes a refused record by tick and sequence: this failure has no such record, and counting it there would make errorCount disagree with the log. It goes out when a later write of the same command lands, or when a save lands over an autosave's failure; an autosave landing says nothing about a save that did not."
document,live,i,r,0,0..,,state,5,no,park,none,,"How many EQ and send changes a locked show is riding live: what the window-s bar counts while the show is unlocked, offering to keep them in the show - one undo step - or discard them (author, 2026-09-25)."
document,recording,T,r,false,,,state,5,no,park,none,,"Whether the live recorder is on (author, 2026-09-18: a Live recorder that records all the cue starts, to store timings triggered once by hand and then automated). record.start turns it on; from then every applied go, cue.fire and trigger.fire on any list is kept with its tick; record.stop writes them into a take - a timeline group of start cues in a list named Live recorder, each at the second it was fired - and turns it off. What it keeps is the list-s own step history, unbounded while it records: the author-s reframing that a live recorder dumps the load-to-time history to a group for replay."
lists,order,s,r,,,,state,50,no,park,none,,"The identifiers of the show's cue lists, in order, space-separated. The roster of what can be run at once: PRD 3.5 has several lists live together, each with a standby of its own, so that a timecode- or OSC-triggered chain can never move the operator's position."
lists,focus,s,rw,,,,state,50,no,park,state,list,"Which list GO acts on. Exactly one, and exclusive by construction rather than by upkeep - it is one value, so there is no flag anywhere to leave set. A list that has gone takes the focus with it and the first remaining list has it instead, which is why nothing has to remember to move this when a list is deleted. It is remembered across a save for the same reason the standby is: a rehearsal reopened where it was left is the kinder default, and losing state.xml costs only where somebody had got to."
lists,goDebounce,d,rw,0.5,0..10,s,state,1,no,park,show,,"The least time between two GOs, in seconds (PRD 3.7-s GO debounce; a show setting since 2026-09-28, at the author-s direction). A GO pressed sooner than this after the last GO that fired something is refused as too-soon: nothing fires, the standby does not move, and the error line says a GO was eaten - so a hand that bounced, or two people on two GO buttons, cannot fire the cue after the one the operator meant. Every GO counts, from the keyboard, a surface-s PLAY or a network client; a cue fired by name or by a trigger is not a GO and is never held back. Half a second unless the show says otherwise (the author, 2026-09-28); nought is off. It also spaces two presses of Doh!, so a bounced or held Doh! is not taken for the deliberate second one."
lists,dohWindow,d,rw,10,0..60,s,state,1,no,park,show,,"How long after a GO, Doh! may still take it back, in seconds (PRD 3.32; the author, 2026-09-30). Doh! takes back the LAST GO only - the pointer, the list-s finished flag, the GO debounce and the history go back to where that GO found them, and what it started comes down - and only while it is this recent: a press later than this is refused as too-late and the line at the foot of the window says so. Ten seconds unless the show says otherwise, nought turns Doh! off (both the implementer-s calls). Set on Show settings > Playback, right after the GO debounce, and saved with the show, so the lock refuses an edit of it as it refuses any setting."
lists,doh,s,r,,,,state,50,no,park,none,,"What Doh! would take back now: the list the last GO moved, the cue it fired and the tick it fired on, space-separated - empty when there is nothing to take back (no GO yet, the last one already taken back, forgotten by a jump on its list, or a trigger fired on that list since). One for the whole engine and not one per list, because a Doh acts on the list of the last GO whichever list has the focus. What the Doh! button reads to name the cue while the GO is still inside list/dohWindow; never stored, because it is what the machine is doing (PRD 4.10)."
lists,dohForget,s,r,,,,state,50,no,park,none,,"What a press of Doh! would forget now (PRD 3.32; D2-s review, 2026-10-03): the list and the cue of the resume the last Doh! left, space-separated, when no GO a press could take back stands before it - none since, or the last one past list/dohWindow - and empty otherwise. A second press forgets that resume, and the next GO starts the cue from its top. One for the whole engine, because a press acts on the list of the last Doh! whichever list has the focus. What the Doh! button reads to offer that press, and to name the cue it would act on; never stored, because it is what the machine is doing (PRD 4.10)."
lists,dohReport,s,r,,,,state,50,no,park,none,,"What the last Doh! put back and what it left alone (PRD 3.32; D3, 2026-10-03): the list it acted on, the tick of its report and one sentence, space-separated - or the same of the relaunch of a scene that followed it, whichever came last - and empty until a Doh! has something to say. A desk value it put back, one another writer had changed since the GO, a device and the cues left to its operator, a cue it could not take back, a scene that comes back once it has ended: each in a few words, one after another. One for the whole engine, because a Doh! acts on the list of the last GO whichever list has the focus. Composed by the engine on the tick after the press; never stored, because it is what the machine is doing (PRD 4.10)."
list,name,s,rw,,,,state,50,no,park,show,,The cue list's name.
list,order,s,r,,,,state,50,no,park,none,,"The identifiers of the list's top-level children, in order, space-separated."
list,persistentOrder,s,r,,,,state,50,no,park,none,,"The identifiers of the cues in this list's persistent section, in order, space-separated. PRD 3.29: a persistent cue is the thing that should be running at all times and is relaunched if it is not, in a section of its own - not the header, because a header fires once and never resets while a persistent cue re-asserts. The cursor skips the section as it skips a footer, standby.set refuses its cues, and they are not GO targets; after every applied go, cue.fire or trigger.fire the engine checks each one against what it declares and relaunches or re-sends through run.assert. Kinds honoured: media, osc and midi; a fade, a stop or a group in the section is a validate warning and is ignored. Empty when the list has no section."
list,persistent,s,r,,,,state,50,no,park,none,,"The identifier of this list's persistent section, or empty when it has none - what cue.create takes as a parent to put a cue in it. Made by list.persistent, which answers with the one that exists."
list,persistentFolded,T,rw,false,,,state,50,no,park,state,,"Whether the list's persistent section is drawn shut. Recorded with the show (author, 2026-09-18: 'fold state should be recorded in project file') as state, since how a list is read is not a decision about what it plays: it lands in state.xml beside the standby and does not mark the show unsaved."
list,standby,s,rw,,,,state,50,no,park,state,cue,"The cue GO will act on. One per list, and always one of that list's own top-level children or empty; moved only by a standby command, a write to this node, or the repair when the cue it names is deleted or moved away. Never by selection or scrolling."
list,finished,T,rw,false,,,state,50,no,park,state,,"Whether this list's pointer is empty because the list RAN OUT rather than because nobody has armed it. The two look identical - one empty string - and they are opposite facts about the show: a list nobody has parked on has had nothing happen to it, and a list whose last cue has been fired has had everything happen to it. Nothing needed to tell them apart until GO began clearing the pointer at the end (PRD 3.5, amended 2026-09-18); the persistent solver had been reading an empty pointer as the top of the list, so without this a show run through to its end would re-assert every persistent bed a Stop had suspended - the beds coming back on after the last cue. It goes true when a GO fires the last cue there is, false the moment anybody parks the pointer anywhere, and it is kept in state.xml beside the standby because it is the same fact about the same performance in progress. It is WRITABLE for the same reason the standby beside it is - the document's own door refuses a read-only attribute, and this is a fact about the pointer rather than a reading taken off one - but no client needs to touch it: standby.set clears it, and firing the last cue is what sets it."
list,aim,s,rw,,,,state,50,no,park,none,,"Where an operator is pointing when they ask what the show WOULD be: a cue identifier and an offset in seconds, space-separated. PRD 3.13-s state position, and it is a cue and an offset rather than a wall time because a manual list has no time in it - between two GOs there is however long the actor took, so -the state at 04:12- is a question the document cannot answer. An offset of -1 means BEFORE that cue has fired: standby on it and nothing of it done, which is what -take it back to cue 12- means and is a different position from nought seconds in. Written through list.aim; read by a client dragging a finger along the list."
list,solve,s,r,,,,state,5,no,park,none,,"What the show would be at the aim, as JSON: the standby to set, the runs that should be sounding and how far into each, the values the desk should be holding and which cue last wrote each, the trims a fade left behind, and the CONFUSED list. One node holding a document rather than a subtree of nodes appearing and vanishing under a dragged finger - a solve changes shape as the aim moves, and a namespace that grew and shrank at fifty hertz would be one no client could subscribe to. The confused list is the feature rather than the apology (PRD 3.24): every place the walk could not know, with the default it took. Since 2026-09-19 it also says HOW it was read - history, when the aimed cue has a step and every cue fired before the instant is placed by the clock the steps kept, or order, the reading from the list alone - and the instant, the wall tick the plan describes, or -1 for the order."
list,statePosition,s,r,,,,state,50,no,park,none,,"Where the last load-to-time actually landed, in the same spelling as aim - PRD 3.13-s second pointer. After a jump the two agree; after a manual tweak they do not, and that divergence is exactly what a running view has to show, because it is the difference between where the operator asked to be and where the show has got to since."
list,history,s,r,,,,state,50,no,park,none,,"The last sixty-four steps this list took, newest first, space-separated, each as tick:cue:origin - when, what, and whether it was a GO (g), a cue fired by name (f), a trigger (t), a press on a sampler strip (p) or a Doh! (d) - which takes the GO it replaces out of the history and is not a firing: nothing that reads the history as firings counts it. PRD 3.13 keeps manual waypoints as a way to force a divergent world back into agreement, and the author-s decision (R) is that the operator should not have to keep any: this is the history the engine keeps for them, and each step is a load-to-time target - before cue 12 is that cue at -1. Appended by the HANDLER of every applied go, cue.fire and trigger.fire, which is what makes it model state a replay reproduces rather than something a hook noticed; never stored, because a history is what the machine happened to be doing (PRD 4.10) and a show reopened tomorrow starts a new one. A load to time RETIMES it (2026-09-19): the steps before the instant move to the clock the rebuilt runs are on, and the steps after it, which the jump undid, go - so what is published is what is in force, and a later aim reads right."
list,resume,s,r,,,,state,50,no,park,none,,"What the next GO on this list carries on (PRD 3.32; Doh!, D2, 2026-10-02): the cue a Doh! paused and the second it carries on from, space-separated - a second of the file for a media cue, the scene-s own second for a scene, and no second for a mic cue, which has no position - or empty when the next GO starts whatever it fires from its top. A cue that had been heard is paused by a Doh! rather than ended, and the next GO on it carries it on from where it was at the press over a tenth of a second. It is dropped by a second Doh! press, any GO on the list, a jump, a fire by name or by a trigger of the cue or of a cue inside the paused scene, a seek of the arm the standby made at the point (which then plays where the hand put it), and the engine-s own reading of the playhead at the press when that finds the file all but over. Written by those handlers, never by a hook; never stored, because it is what the machine is doing (PRD 4.10)."
cue,kind,s,r,memo,memo|group|media|fade|transport|osc|midi|start|mic|video,,state,50,no,park,none,,"What kind of cue this is, derived from the element rather than stored: a Group is a group and a Media is media. Deriving it is what stops a client turning one kind into another by writing a word, and what lets the grammar refuse a file attribute on a cue that plays nothing."
cue,number,s,rw,,,,state,50,no,park,show,,"The decimal cue number. A string, because 12.5.1 is one; mutable, renumbered during tech, and never an identity."
cue,name,s,rw,,,,state,50,no,park,show,,"The cue's name, as the operator reads it."
cue,shortName,s,rw,,,,state,50,no,park,show,,"The cue's name for a seven-character display, written by somebody rather than cut by the machine (PRD 3.16: authored short names, never auto-truncation). Empty, a strip display cuts the name to its width and says nothing about it."
cue,notes,s,rw,,,,state,50,no,park,show,,Free text for the designer.
cue,enabled,T,rw,true,,,state,50,no,park,show,,"Whether the cue runs at all. A disabled cue is skipped, not deleted."
cue,colour,s,rw,,,,state,50,no,park,show,,A #RRGGBB decoration. Never the sole carrier of information.
cue,preWait,d,rw,0,0..,s,state,50,no,park,show,,"How long after entry before this cue starts. A group has one of its own, and it runs before its members begin their own pre-waits, so raising it defers the whole group."
cue,postWait,d,rw,0,0..,s,state,50,no,park,show,,"How long after completion before this cue reports done to its parent. A group is complete once every member is, its members' own post-waits included; the group's post-wait then runs on top of that."
cue,parent,s,r,,,,state,50,no,park,none,,The identifier of the containing list or group.
cue,index,i,r,0,,,state,50,no,park,none,,"Position among siblings, zero-based."
cue,role,s,r,member,member|header|footer|persistent,,state,50,no,park,none,,"Where this cue sits in the thing that contains it: an ordinary member, one of the cues in its group's header or footer, or one of the list's persistent cues. Derived from the element that contains it rather than stored, like `kind` and for the same reason - a client that could write it could move a cue between a group's preparation and its members without the group knowing. A cue at the top level of a list is a member. The whole vocabulary is declared here although `persistent` cannot occur until the section exists, because an enum that grows later grows under a client that has already read it."
cue,override,s,r,file,file|on|off,,state,50,no,park,none,,"Whether an enable or disable cue has switched this cue on or off for this run (namespace draft 27). file means none has, and the cue runs as its enabled says; on and off override enabled until the show is closed or reverted, or loaded to a time, which works it out again from the cues it walks past. Never saved: the show file holds what the designer decided, not where a performance had got to (PRD 4.10)."
cue,prepare,s,r,idle,idle|preparing|pending|partial|armed|verified,,state,50,no,park,none,,"How far ahead this cue has been got ready, derived from its prepared run. PRD 3.12: preparation is per PARAMETER rather than per cue, so a block that is partly anticipatable says so rather than pretending. Idle is the resting state and means nothing has been prepared, which is not a failure - a MIDI cue can never be prepared and reads idle for ever. Preparing is in progress; pending is waiting for a slot somebody else holds (3.9e, in words rather than colour); partial means something in the block could not be anticipated and will happen at entry; armed means everything that could be prepared was, with nothing to verify; verified means every pre-sent value was read back equal, which is the only one of the six that says the desk agrees."
cue,preset,s,rw,,,,state,50,no,park,show,cue,"The ancestor group whose header prepares this cue, or empty for the ordinary case - prepared with its own group, as everything is. THE MARK IS THE DECISION AND THE HEADER LINE IS A READING OF IT (PRD 4.10): nothing is copied into the Header element, so editing the line is editing the member, deleting the member removes the line with no repair rule to write, and the two can never come to disagree because there is only one of them. It names an ANCESTOR rather than being a tickbox, because a cue three groups deep can be got ready by its own group, by the act, or by the opening scene, and which one is a decision about how early. A value naming a group that is not an ancestor is a validate warning and is ignored - not a refusal, because the repair is somebody dragging it somewhere sensible and yesterday-s show must still open."
media,file,s,rw,,,,state,50,no,park,show,,"The media to play, as a path relative to the bundle's media/ folder. Relative because a show travels between machines and an absolute path is a fact about the machine it was authored on. A file that is missing is reported when the show loads and fails the cue when it is armed - it never fails the load, because a show with one missing sound is still a show somebody has to run tonight."
sound,level,d,rw,0,-120..12,dB,state,50,no,park,show,,"The level the cue plays at, as decided. Not what it is doing: a fade writes run/<id>/level and leaves this alone, so the document keeps saying what somebody chose while the run says what is happening. -120 dB is silence rather than a very small number."
media,startOffset,d,rw,0,0..,s,state,50,no,park,show,,How far into the file playback begins. A cue that starts at the downbeat rather than at the top of the recording.
media,rate,d,rw,1,-20..20,x,state,50,no,park,show,,"The speed the cue plays at, as decided (namespace draft §22): one is the file's own, a half takes twice as long, two takes half; up to twenty. Nought holds the file where it is - silent in varispeed, a stopped tape, and a held sound in timestretch (decision DR). Heard while the cue sounds: an edit reaches a playing run on the next tick, placed a launch horizon ahead as a launch is, unless a speed fade holds that run. What rateMode says a speed other than one does to the pitch. Rests at one (PRD 4.6). Below nought the file plays BACKWARDS at that speed's size (namespace draft 41, WX, the author's pick): a fade from one to minus one stops the sound and plays it back, turning round where it crossed nought; a cue launched at a negative speed plays its piece - its ranges, or its start offset to its end - from the end back to the start."
media,rateMode,s,rw,varispeed,varispeed|timestretch,,state,50,no,park,show,,"What a speed other than one does (namespace draft §22): varispeed moves the pitch with it, as a tape does; timestretch keeps the pitch where it was recorded and changes only how long the sound takes. Read when the cue is armed, because a mode is on Tracktion's rebuild list - a change reaches the next GO, never a sounding cue (DV). Timestretch goes through Signalsmith's stretcher even at one, because the operator chose it."
media,channels,i,rw,0,0..512,,state,50,no,park,show,,"How many channels the file has, decided when it was imported and written into the cue rather than read off the disk whenever it is wanted. The file travels between machines and may be absent tonight, and the routing below is shaped by this number - a cue whose count nobody knows cannot be pointed at an output without guessing what a guess would cost. Nought means nobody has said, which is every show written before the number existed."
media,levelLane,d*,rw,,,,state,50,no,park,show,,"A volume curve over the file, as (seconds, level) pairs: seconds of the FILE from its start, not of the cue from its GO, and a level in dB within the -120..12 the cue level may take. An OFFSET on the cue level - one more term beside a fade, a hand on a strip and a DCA - so nought is the cue as written. Straight in dB between two points; before the first it holds the first, after the last the last. It follows the file wherever it plays: the start offset, a jump, a scrub, and every pass of a looping range, which hears the same stretch of it again. Empty, the default, is no lane (namespace draft 20)."
media,lockedTo,s,rw,,,,state,50,no,park,show,cue,"The movie this sound is locked to, by identifier, or empty (namespace draft 37.5, WJ and WL, the author's): a movie's own sound, imported beside it. While it names a video cue, the sound fires, stops and is taken back with that movie, on the same sample, and its start offset, speed and Ranges are the movie's - copied in the same edit as every change to the movie's, and refused here as locked-to-movie. Everything else is the sound's own, as any media cue's. Empty is detached; naming a cue that is gone is detached too, until an undo brings the movie back."
sound,stereoToMono,T,rw,false,,,state,50,no,park,show,,"Retired 2026-10-08 and read by nothing: it asked for a two-channel file to be folded onto a mono output, each side at half, and without it the run failed. The routing now folds a stereo cue onto any one-channel output by itself (namespace draft 42), so the switch had only an error left to choose. Kept so a show that set it still opens; no window offers it."
sound,directOut,s,rw,,,,state,50,no,park,show,bus,"The direct out this cue-s channels land on, by identifier; empty routes it nowhere by this road and is what every cue starts as. A mono cue feeds every channel of a stereo out; a stereo cue onto a mono out is folded, each side at half (2026-10-08); any other cue wider than its out fails the run as bad-route, because which side a third channel belongs to is a layout somebody has to say. Chosen among the outputs whose kind is direct - a mix channel is reached through a Send, at a level, which is the whole difference between the two."
sound,sharedOut,T,rw,false,,,state,50,no,park,show,,"This cue is MEANT to share its direct out with another. PRD 3.9c-s -allow marking deliberate sharing-, as feed/shared already gives a processor slot: the live-range analysis is conservative by design and reports overlaps it cannot prove impossible, so this is how a designer says of one pair that they considered it. It silences that pair-s warning and NOTHING ELSE - the menu still marks the out as taken, because which outs carry sound is a fact and the warning is a complaint, and only a complaint can be answered."
sound,dca,s,rw,,,,state,50,no,park,show,dca,"The DCA this cue is assigned to, by identifier, or empty. A mark on the member and never a list on the DCA (PRD 3.28), so assigning eight cues is a multi-select edit and nothing flows downward (4.12). Adds that DCA's trim, and the trim of every DCA it sits inside, to the level of every run of this cue - level only, one to one in dB; a mapping per assignment comes later."
media,strip,s,rw,,,,state,50,no,park,show,strip,"sampler member: the strip this clip is played from, by identifier - a fader or a pad (author, 2026-09-25: 'I need to specify which track goes where'). Empty is automatic: the next sampler strip nobody in the group has named, in member order, which is how every member was placed before. Two members naming one strip: the first in member order has it and the other is placed automatically. A strip that is not a sampler strip of this layout - deleted, or made a DCA strip - is no pin at all, and the member is placed automatically rather than left silent."
media,stripNow,s,r,,,,state,50,no,park,none,,"sampler member: the strip it is played from under the rule strip describes - its own, or the one automatic placement gives it - and empty when the layout has none left. Derived, so the menu says the strip that will be armed and never a guess at it."
media,stripsBefore,s,r,,,,state,50,no,park,none,,"sampler member: what the cue list put on each strip before this member's group, as strip and cue pairs - for every strip an earlier sampler group in the same list used, the member that group placed there, the nearest one winning. List order is the order a show runs in, so this is what a choice replaces (author, 2026-09-25: 'it should state what is the previous assignment in chronological order of the cuelist unless it's free'). A strip missing from it is free."
media,release,s,rw,playOut,hold|playOut,,state,50,no,park,show,,"sampler member: what letting go does. hold stops the clip on release - a pad lifted, a touched fader let go at silence - after the short releaseFade, so it does not click; playOut lets it run to its end, and silence on the fader is a mute rather than a stop."
media,secondPress,s,rw,restart,restart|noop|stop,,state,50,no,park,show,,"sampler member, play-out only: what a press does while the clip is already playing. restart takes it from the top; noop leaves it alone; stop ends it with the release fade. A hold clip cannot be pressed again by the hand holding it, and a press from anywhere else is ignored while it is held (PRD 3.8, 3.27)."
media,velocity,T,rw,false,,,state,50,no,park,show,,"sampler member: whether the velocity of a press sets the level the clip starts at (author, 2026-09-23). Off, a press starts at the member's initialLevel, which is where its fader already is. On, a press at 127 starts at 0 dB and a press at one at velocityFloor, in a straight line between them in dB."
media,velocityFloor,d,rw,-40,-120..0,dB,state,50,no,park,show,,"sampler member: the trim a press of velocity one starts at when velocity is on, and where a pressure of one takes it when pressure is on. -40 dB is a light tap on most pads; -120 is silence."
media,pressure,T,rw,false,,,state,50,no,park,show,,"sampler member: whether pressure on the pad - polyphonic aftertouch or channel pressure - rides the clip's trim while it is held, on velocity's scale: 127 is 0 dB, one is velocityFloor, and nought is ignored so a pad that rests at nought after the hit does not pull the sound down. A pad is a fader without a motor (author, 2026-09-23), and this is that fader."
media,releaseFade,d,rw,0.05,0..,s,state,50,no,park,show,,"sampler member: how long the fade to silence takes when a hold clip is released, or a play-out clip is stopped by a second press. Fifty milliseconds reads as a stop and does not click."
media,initialLevel,d,rw,0,-120..12,dB,state,50,no,park,show,,"sampler member: the level its strip's fader flies to when it is armed on one, and the trim the clip starts at (author, 2026-09-23). The fader waits there, and a touch on it starts the clip at wherever the fader is by then. A trim on the cue's own level, as every fader is (PRD 3.9a), so nought - the default - plays the clip at the level it was written at. On a pad it is the level a press without velocity starts at."
sound,eqOn,T,rw,true,,,state,50,no,park,show,,"Whether the EQ of this cue is in the signal at all. Off, every band is skipped and the audio passes untouched - the A/B a designer reaches for. On with every band flat is the same sound and the same bytes, by construction."
sound,eqHpf,T,rw,false,,,state,50,no,park,show,,"Whether the high-pass is in. A flag rather than a frequency parked at the band edge, because the click of a rotary switches a filter in and out, and a click that moved a frequency would move it somewhere."
sound,eqHpfFreq,d,rw,80,20..2000,Hz,state,50,no,park,show,,"Where the high-pass turns over: second-order Butterworth, -3 dB here and 12 dB an octave below. 80 Hz takes the rumble out of a voice."
sound,eqLpf,T,rw,false,,,state,50,no,park,show,,"Whether the low-pass is in. As eqHpf."
sound,eqLpfFreq,d,rw,12000,1000..20000,Hz,state,50,no,park,show,,"Where the low-pass turns over, second-order. 12 kHz takes the hiss off a recording without dulling it."
sound,eqB1On,T,rw,true,,,state,50,no,park,show,,"Whether band one is in the signal. Off takes the band out and keeps its shape, frequency, gain and width, so switching it back on brings back the same band - the press of its gain rotary on a surface page (author, 2026-09-25). A switch rather than the gain parked at nought, for the reason eqHpf gives: a press that moved a number would move it somewhere, and the number is what somebody decided."
sound,eqB1Shape,s,rw,peak,peak|lowShelf,,state,50,no,park,show,,"What band one is: a peak, or a shelf that lifts or drops everything below its frequency. The low band is the one that wants to be a shelf."
sound,eqB1Freq,d,rw,100,20..20000,Hz,state,50,no,park,show,,"The centre of band one, or the corner of its shelf."
sound,eqB1Gain,d,rw,0,-24..24,dB,state,50,no,park,show,,"The gain of band one. Nought is the band out of the signal, which is what every band starts at and rests at (PRD 4.6): a peak at nought is no peak."
sound,eqB1Q,d,rw,0.7,0.1..10,,state,50,no,park,show,,"The width of band one: higher is narrower. 0.7 is a gentle bell, 5 is a notch. On a shelf it sets how steep the corner is."
sound,eqB2On,T,rw,true,,,state,50,no,park,show,,"Whether band two is in the signal. Off takes the band out and keeps its shape, frequency, gain and width, so switching it back on brings back the same band - the press of its gain rotary on a surface page (author, 2026-09-25)."
sound,eqB2Freq,d,rw,500,20..20000,Hz,state,50,no,park,show,,"The centre of band two. Always a peak."
sound,eqB2Gain,d,rw,0,-24..24,dB,state,50,no,park,show,,"The gain of band two; nought is out."
sound,eqB2Q,d,rw,0.7,0.1..10,,state,50,no,park,show,,"The width of band two."
sound,eqB3On,T,rw,true,,,state,50,no,park,show,,"Whether band three is in the signal. Off takes the band out and keeps its shape, frequency, gain and width, so switching it back on brings back the same band - the press of its gain rotary on a surface page (author, 2026-09-25)."
sound,eqB3Freq,d,rw,2000,20..20000,Hz,state,50,no,park,show,,"The centre of band three. Always a peak."
sound,eqB3Gain,d,rw,0,-24..24,dB,state,50,no,park,show,,"The gain of band three; nought is out."
sound,eqB3Q,d,rw,0.7,0.1..10,,state,50,no,park,show,,"The width of band three."
sound,eqB4On,T,rw,true,,,state,50,no,park,show,,"Whether band four is in the signal. Off takes the band out and keeps its shape, frequency, gain and width, so switching it back on brings back the same band - the press of its gain rotary on a surface page (author, 2026-09-25)."
sound,eqB4Shape,s,rw,peak,peak|highShelf,,state,50,no,park,show,,"What band four is: a peak, or a shelf over everything above its frequency. The high band is the one that wants to be a shelf."
sound,eqB4Freq,d,rw,8000,20..20000,Hz,state,50,no,park,show,,"The centre of band four, or the corner of its shelf."
sound,eqB4Gain,d,rw,0,-24..24,dB,state,50,no,park,show,,"The gain of band four; nought is out."
sound,eqB4Q,d,rw,0.7,0.1..10,,state,50,no,park,show,,"The width of band four, or the steepness of its shelf."
sound,fx,s,r,,,,state,50,no,park,none,,"The ids of this cue-s enabled Fx children in chain order, space-separated - which inserts the cue has, in the order they process, for a page that walks them (pages draft 8, item 3)."
sound,live,s,r,,,,state,50,no,park,none,,"The names of this cue-s EQ rows a locked show is riding live, space-separated, empty when none is (author, 2026-09-25). Under the lock EQ and sends are ridden like faders: heard at once, written to nothing, until the show is unlocked and somebody keeps or discards them. The rows themselves publish the value heard."
sound,sends,s,r,,,,state,50,no,park,none,,"The identifiers of this cue-s sends, space-separated: its Send children in document order, then any a locked show made live - the index a page or a surface walks rather than scanning every send in the tree (2026-09-25)."
media,duration,d,r,0,0..,s,state,1,no,park,none,,"How long the file is, in seconds, read from its header once when the show is opened. On owner `media` and not `cue`, or every memo, group and fade would grow one - and `fade` and `stop` already carry a duration of their own, which is a different thing entirely. A READOUT about a file rather than a decision anybody took, so it is never stored (PRD 4.10) and never logged. Nought means the file is missing, unreadable, or in a format this build has no reader for; the state solver reads that as -I do not know how long this is- and says so rather than guessing."
media,hash,s,r,,,,state,1,no,park,none,,"The SHA-256 of this media cue's file as the analyser read it, in sixty-four lower-case hex characters: the key its pyramid is served under, at /media/<hash>/timbre on the same port, so a client that wants the colours of a bar asks for them by this and never by a path. The file this cue names NOW: a run armed before its cue's file was edited, or one still sounding after its cue was deleted, keeps playing the file it was armed with, which this does not follow. Empty until the analyser has hashed the file AND built its pyramid, so a hash a client can read is one the route will answer. Published from the runtime half although it is about a file, because it arrives late and changes while the show does not - the cached half would freeze it at whatever it was when a cue was last edited. On owner `media` for `duration`'s reason: a memo has no file to hash. A READOUT about a file and never a decision, so it is never stored (PRD 4.10) and never logged."
sound,outsBusy,s,r,,,,state,50,no,park,none,,"Which direct outs are PROVABLY carrying another cue while this one plays, as bus and cue pairs - at most one pair per output, naming the nearest cue that is in the way. What the direct-out menu marks as taken. Proven means one of two things and nothing else: the other cue never ends on its own, or both cues sit inside one timeline or automatic chain where the seconds are exact. Everything a GO separates is in outsMaybe instead, because between one GO and the next there is a person and a person is not a duration."
sound,outsMaybe,s,r,,,,state,50,no,park,none,,"Which direct outs MIGHT be carrying another cue while this one plays, in the same pairs. The menu marks these with no word at all rather than with a guess (author, 2026-09-22: -when uncertain, cue playing out until its end, then just don-t mark it, the user will decide-). A finite cue at the top of a manual list may well have finished long before the next GO, and it may equally still be sounding; nothing in the document says which, and saying so is more use than picking one."
sound,chainChannels,i,r,0,0..64,,state,5,no,park,none,,"How wide the cue is after the inserts it switches in (2026-09-26): its file's width, or wider where a plugin made it so - a mono cue through a stereo reverb is two. What its routing reads: where it is sent somewhere with room for every side it plays them apart, and where there is room for fewer they are summed. Its file's width when no insert widens it."
sound,insertLatency,i,r,0,0..,samples,state,5,no,park,none,,"How many samples late the cue sounds through the inserts that take it, as their plugins declare it - never compensated: PDC is off and a cue is not started early for it. Nought with none in."
mic,input,s,rw,,,,state,50,no,park,show,input,"The named input this cue takes, by identifier - Voix solo, not input 3 (PRD 3.18, namespace draft 18.2). Empty takes nothing, and is what a new mic cue starts as. An input its channel cannot take fails the run in words, and wfg validate says so before the show."
mic,channel,s,rw,,,,state,50,no,park,show,rackChannel,"The rack channel it plays through, by identifier: the channel's plugins, EQ and output are the cue's for as long as it holds the channel (decision BX). A cue wanting a channel another holds waits for it and says so. Empty plays through nothing, and wfg validate says so."
mic,fadeIn,d,rw,0,0..,s,state,50,no,park,show,,"How long GO takes to bring it from silence to its level. Nought opens it at once, behind a click-free ramp (namespace draft 18.5)."
mic,onGo,s,rw,wait,wait|loop|clear,,state,50,no,park,show,,"On a sampling channel (Phase 9c, decision CF): what GO does with a take the channel already holds. wait leaves it silent until Rec or Loop - the default, which makes no sound nobody asked for; loop plays it from the in point, and with no take waits for Rec; clear empties the channel for a fresh take. A later cue on the channel finding the take of an earlier one is how scene 5 brings back the loop of scene 2."
mic,through,T,rw,false,,,state,50,no,park,show,,"On a sampling channel (Phase 9c, namespace draft 19.3): whether the channel sounds its input as well as its loop, while it records and while it loops. Off by default: the voice being sampled is usually heard through the desk already, and would otherwise double."
route,bus,s,rw,,,,state,50,no,park,show,bus,"The identifier of the bus this destination feeds. A destination names a bus and never a hardware channel: the bus is where the author said a channel exists, and a show moved to a different rig re-points buses rather than every cue."
route,gains,d*,rw,,,,state,50,no,park,show,,"The coefficients from the cue's channels to the bus's, row by row: input 0 to every bus channel, then input 1, and so on. Its length is the cue's channel count times the bus width, and a length that does not match is refused when the show loads rather than discovered mid-cue. A coefficient is a plain multiplier and carries no dB - level is the cue's, and this is where it goes."
range,cue,s,r,,,,state,50,no,park,none,,"The cue this range belongs to, derived from where it sits. A range is a child of the media cue whose file it cuts up (PRD 3.24), so this is the containment read back rather than a second copy of it that could disagree."
range,index,i,r,0,0..,,state,50,no,park,none,,"Where it sits in the cue's list of ranges, counting from nought. Derived, and the one thing about a range that IS positional: the ranges of a cue are a playlist and a playlist is an order. It is read-only for the reason a cue's index is - moving a range is object.move, an edit somebody made, not a number somebody wrote."
range,name,s,rw,,,,state,50,no,park,show,,"What the strip shows (PRD 3.24). A range is a region of a file that somebody named - the verse, the approach, the last eight bars - and the name is the only part of it a designer says out loud."
range,in,d,rw,0,0..,s,state,50,no,park,show,,"Where in the file the range begins, in seconds. Ranges may be discontiguous and in any file order (author, 2026-09-06): a media cue with ranges is a playlist over one file, so the second range may start before the first ends, or before it begins."
range,out,d,rw,0,0..,s,state,50,no,park,show,,"Where in the file it ends, in seconds. Checked against the file length when the cue is ARMED, which is when the file is read, and not when the show loads - a show whose media is not on this machine yet is still a show somebody has to open. An out that is not after its in fails the arm."
range,loops,i,rw,1,0..,,state,50,no,park,show,,"How many passes of this range before playback continues into the next. Nought is for ever, which is what an ambience bed is: it plays until something advances it. The count is of passes rather than of repeats, so one is the range played once."
range,pingPong,T,rw,false,,,state,50,no,park,show,,"Whether the range BOUNCES between its points (namespace draft 41, the author's ping-pong loop): out to its out-point and back to its in-point, each way a pass, rather than from its in-point again. Played backwards, it bounces the same way round."
trigger,cue,s,r,,,,state,50,no,park,none,,"The cue this trigger fires, derived from where it sits. A trigger is a child of the cue it belongs to (PRD 3.7), so this is the containment read back rather than a second copy of it that could disagree."
trigger,kind,s,rw,osc,osc|midi|clock,,state,50,no,park,show,,"What kind of thing fires it. The three inputs Phase 3 builds: a message on Go.dot own OSC port, a MIDI event on an input it was told to open, and a time of day. Timecode is Phase 10, and GO is not in this list at all - GO is the operator, and the only trigger that moves the standby (PRD 3.5)."
trigger,enabled,T,rw,true,,,state,50,no,park,show,,"Whether it can fire. A trigger turned off during tech is still written down, which is the whole difference between disabling one and deleting it."
trigger,address,s,rw,,,,state,50,no,park,show,,"osc: the address that fires this cue, arriving on Go.dot own OSC port over UDP. Refused at load if it falls under /godot or under a mount prefix, because those are NODES - a trigger there would be a message that both wrote a value and fired a cue, and nobody could tell which had been meant."
trigger,value,s,rw,,,,state,50,no,park,show,,"osc: an argument the message must also carry, written the way the log writes one - f:1, i:3, T, s:go. Empty matches any arguments including none, which is what a bare address means to most of the things that will be sending one."
trigger,port,s,rw,,,,state,50,no,park,show,port,"midi: the declared port the event must arrive on, by identifier. Empty is any input, which is what a rig with one MIDI cable wants. THE PORT AND NOT THE CABLE (2026-09-22): the show says ""Lights"" and the machine says which socket that is, so moving an interface changes one binding in the settings and every trigger that named the port goes on firing. Matching a device name here would mean editing every trigger in the show for a moved cable, which is the cost the port exists to avoid."
trigger,channel,i,rw,0,0..16,,state,50,no,park,show,,"midi: the channel, 1 to 16. Nought is any, and it is nought rather than -1 because MIDI channels are one-based everywhere a musician looks at them."
trigger,type,s,rw,noteOn,noteOn|noteOff|programChange|controlChange,,state,50,no,park,show,,"midi: the event type. Four of them, which are the four a surface sends: the rest of the event types exist for MIDI CUES (PRD 3.10) rather than for listening."
trigger,number,i,rw,0,0..127,,state,50,no,park,show,,"midi: the note, controller or program number."
trigger,data,i,rw,-1,-1..127,,state,50,no,park,show,,"midi: the velocity or value that must match, or -1 for any. A note-on with velocity nought is a note-off on a great many devices, so matching on it is a thing somebody will need to do deliberately."
trigger,at,s,rw,,,,state,50,no,park,show,,"clock: a local time of day, HH:MM:SS, fired once each day it is crossed while the show is open. The wall clock is the one input the model refuses to read - nothing inside the engine reads a clock, which is what makes a replay reproducible - so a crossing is noticed outside it and arrives as a logged command like any other."
fade,target,s,rw,,,,state,50,no,park,show,cue,"The cue whose sound this fade moves. It targets the CUE and finds its live run when it fires, because a cue is what somebody wrote down and a run is what happens to be playing - and the show has to say the first without knowing the second."
fade,levelOn,T,rw,true,,,state,50,no,park,show,,"Whether the fade moves its target's level (namespace draft §22.6). On, so every fade written before a fade could move a speed moves the level it always did; off, the fade leaves the level alone and moves only what rateOn asks for. QLab's shape: a switch per thing a fade moves."
fade,level,d,rw,-120,-120..12,dB,state,50,no,park,show,,"Where the fade ends, in dB. -120 is silence rather than a very small number, and it is the default because a fade to silence is what most fades are - a fresh fade cue is a slow cut to nothing, which is a real thing to want and can only ever make the show quieter. Not read while points holds a curve, whose last level is where that fade ends."
fade,rateOn,T,rw,false,,,state,50,no,park,show,,"Whether the fade moves its target's speed, to its rate (namespace draft §22.6). Off unless asked. A switch rather than an empty rate, because an unreadable number reads as nought in places, and nought is a speed: a stopped tape. A speed fade aimed at a group, a DCA or a mic cue moves nothing, and wfg validate says so (EC)."
fade,rate,d,rw,1,-20..20,x,state,50,no,park,show,,"The speed a fade with rateOn takes its target to, over its duration and along its curve - straight or S-shaped in the ratio itself, since nought has no logarithm (EA). One is the file's own speed; nought is a tape stop in varispeed and a held sound in timestretch. The drawn points stay the level's. Below nought the target plays backwards (namespace draft 41): a fade through nought turns the sound round where it crosses it."
fade,duration,d,rw,0,0..,s,state,50,no,park,show,,"How long it takes. Zero is a jump, and it is the default so that a fade nobody has finished writing does something obvious rather than something slow and mysterious."
fade,curve,s,rw,linear,linear|sCurve,,state,50,no,park,show,,"The shape it takes between the two levels. Linear in the dB domain, which is what a fader feels like; sCurve eases out of the start and into the end, for a fade that should not announce itself. The two shapes a fade has when nobody has drawn one: not read while points holds a curve, because two shapes multiplied together would be a third that nobody drew."
fade,points,d*,rw,,,,state,50,no,park,show,,"A curve somebody drew, as (t, level) pairs: t a fraction of the duration and level in dB, within the -120..12 a fade's level may take. The fade meets each breakpoint at its time and runs straight in dB between them, which is what linear already means. Empty, the default, means curve applies - so a fade written before there was anything to draw with goes on meaning what it meant. Where it holds a curve it is the whole of the shape, and its last level is where the fade ends. The fade leaves from wherever the run's level is rather than from the first breakpoint's, for the reason a fade over a fade does: anything else is a jump, and a jump on a PA is a click. Refused, when written and when the show loads, unless it is pairs whose times climb strictly from exactly 0 to exactly 1."
fade,stopWhenDone,T,rw,false,,,state,50,no,park,show,,"Whether the target's run is stopped when the fade arrives, at whatever level it arrives at. Off, a fade to silence leaves the run playing silently until it ends by itself, which is what a fade that will come back up wants; on, the arrival is the stop, the same path a stop cue's fade verb takes."
fade,dca,s,rw,,,,state,50,no,park,show,dca,"The DCA whose trim this fade moves, by identifier, instead of a cue's level. When it is set, target is not read: a DCA has no run to find, so the fade moves /godot/dca/<id>/trim from wherever it stands to level, and stopWhenDone means nothing. A second row rather than a wider target, because target names a cue and the refers check knows one kind per row."
fade,sends,s,rw,,,,state,50,no,park,show,,"The target's sends this fade moves, as bus:dB pairs space-separated, sorted by bus (namespace draft §26, OY). A bus listed is moved to its level over the duration and along the curve, straight in dB; a bus not listed is left alone, which is what unticking it in the fade's mixer does. Keyed by the bus rather than by the target's Send, so a retargeted fade moves the same mix: one the target has no send into is faded in from silence as a send of the run alone, and one it has switched off stays off (PB). The run's, never the cue's: the cue's own send is untouched (OZ)."
fade,eq,s,rw,,,,state,50,no,park,show,,"The target's EQ numbers this fade moves, as row:value pairs space-separated - eqHpfFreq, eqLpfFreq and each band's Freq, Gain and Q, in the rows' own units and ranges (namespace draft §26, OY). A gain moves straight in dB, a frequency and a Q straight in their logarithm (PA). Switches and shapes are not listed: a fade is a move between two numbers, and a switch has no middle. Empty moves nothing."
fade,fx,s,rw,,,,state,50,no,park,show,,"The target's plugin values this fade moves, as plugin/index:value pairs space-separated, the plugin named by its set entry and each value normalised 0..1 as the plugin takes it (namespace draft §26, OY). Moved straight in the 0..1. A plugin the target has not switched in has its value moved and not heard. Never a whole state: a fade holds values (PH)."
fade,video,s,rw,,,,state,50,no,park,show,,"What the fade moves a video cue to, as row:value pairs space-separated, sorted - opacity, scale, offsetX, offsetY and rotation, and a movie's rate, in the rows' own units (namespace draft 36, VS). Each moves from where the picture is to its value over the duration, along the curve; a row not listed is left where it is. stopWhenDone takes the picture away where the fade arrives."
transport,target,s,rw,,,,state,50,no,park,show,cue,"The cue this stops. As with a fade it names the cue and finds the run, and a target that is not running is a no-op that is applied rather than refused."
transport,verb,s,rw,hard,hard|fade|afterMember|afterIteration|advance|record|loop|overdub|clear|enable|disable|jump,,state,50,no,park,show,,"How it stops. Hard stops now and takes Tracktion's own click suppression with it; fade runs a fade to silence first and stops when it arrives. The verb is separate from the duration so that a stop with a duration nobody meant cannot become a slow one by accident. afterMember and afterIteration are the two GRACEFUL ones, and they are only meaningful against a group: they let the scene reach a boundary it was going to reach anyway - the end of the member playing now, or the end of this round - and stop there, which is how an infinite loop is left without a cut. Against anything else they are a hard stop, because there is no boundary to wait for. advance is the third graceful one and belongs to a ranged media cue (PRD 3.24): it lets the range playing now finish the pass it is on and then leaves it, either into the next range or into silence - which is how an infinite ambience is got out of without a cut. Against a cue with no ranges it is a hard stop, for the same reason: there is no boundary. record, loop, overdub and clear are not stops at all (Phase 9c, namespace draft 19.6): aimed at a sounding mic cue on a sampling channel they are the press of that name on its take - Rec, Loop, a layer begun or closed, the channel emptied - and against anything else they are applied and do nothing, as a stop aimed at a cue that is not running is. enable, disable and jump are not stops either (namespace draft 27): enable and disable switch the target on or off FOR THIS RUN - the show file is never written, reopening the show forgets it, and Doh! of the GO puts it back - and jump moves the standby pointer of this cue's own list onto the target, firing it too when andGo is on."
transport,andGo,T,rw,false,,,state,50,no,park,show,,"With the jump verb: once standby is on the target, the target is fired as GO would fire it, and standby moves past it. The fire belongs to the GO that fired this cue, so one Doh! takes back both and puts standby back here (namespace draft 27). Ignored by every other verb."
transport,range,s,rw,,,,state,50,no,park,show,range,"Which slice of the target to go to, by identifier, when the verb is advance - and empty, which is what advance has always meant, is the NEXT one. Naming a slice is how a bed is sent to its outro from wherever it has got to rather than stepped through everything in between, which on a loop that never ends is the difference between a gesture and a wait. The slice still finishes the pass it is on before the jump, because that is what makes an advance graceful; a slice of some other cue is a warning and the run goes to the next one instead."
start,target,s,rw,,,,state,50,no,park,show,cue,"The cue this starts when it fires - by name, as cue.fire does, so standby does not move and the target may sit anywhere in any list. A start cue is a memo that presses a button (2026-09-19): it fires, its run is done the next tick, and the target runs on its own. What the live recorder writes into a take: one start cue per cue the operator fired, at the second they fired it, so a night pressed by hand can be played back by a timeline. A target that is a manual group is refused when it fires, as cue.fire refuses it."
transport,duration,d,rw,0,0..,s,state,50,no,park,show,,"How long the fade half takes, when the verb is fade. Ignored by a hard stop."
transport,curve,s,rw,linear,linear|sCurve,,state,50,no,park,show,,The shape of that fade. Ignored by a hard stop.
osc,address,s,rw,,,,state,50,no,park,show,,"The node this cue writes, which is an address in a mounted namespace rather than a message somebody composed. Naming the NODE is what lets the tree check it: a cue pointing at something the target does not have is findable before the show rather than during it, and the node already says what type it takes."
osc,value,s,rw,,,,state,50,no,park,show,,"What to write, spelled the way the log spells an argument - f:0.5 for a float, i:3 for an integer, T for true - and a LIST of them, space-separated, for a message of several arguments (namespace draft 45): /adm/obj/1/xyz takes f:0.5 f:2 f:1.2, and a device that describes the node takes exactly as many as it declares, each coerced to its own type. Empty sends the message with no argument at all, which is what /go is to a great many desks. The type is in the text so that a cue meaning the float and a cue meaning the integer are different cues rather than the same cue read twice by two machines."
osc,wait,s,rw,none,none|sent|verified,,state,50,no,park,show,,"How long the cue takes to be done. None finishes as soon as it is fired; sent finishes when the datagram has left the socket; verified finishes when the target has been asked and has answered with the value that was written. A sequence of verified cues is a chain that waits for each device instead of hoping (PRD 3.11), and it is the only one of the three that can tell you the device disagreed."
osc,timeout,d,rw,5,0..,s,state,50,no,park,show,,How long verified waits for an answer before failing the run. Ignored by the other two waits. Five seconds because it is long enough for a device that is thinking and short enough that a cue which is never going to answer does not hold a show past the point anybody would have given up on it. Zero means the first reply or nothing.
osc,doh,s,rw,device,device|takeBack|leave,,state,50,no,park,show,,"What Doh! does with what this cue sent (PRD 3.32; the author, 2026-10-01: a default per device that can be overridden at cue level). device - the default - follows the Doh! setting of the device its address is under; takeBack puts back what it wrote where it can be read back and has the corrected GO send it again; leave leaves it to the device-s operator - nothing put back, nothing sent again by the corrected GO, which still runs the cue with its timing and sends nothing. Only the exact words override: anything else reads as device. On screen, leave reads Meh and takeBack reads Undo(h) (the author-s words, 2026-10-02); the stored words do not change."
osc,dohRollback,s,rw,,,,state,50,no,park,show,,"What Doh! sends to take back what this cue sent, when it takes back (PRD 3.32; the author, 2026-10-03: we might send a go back command or a different cue or scene number if for instance the light board has autofollow cues after the last one sent). Written ahead, never at the Doh. The address, a space, then the value spelled as the value row spells it - /lx/go i:11. Empty - the default - follows its device-s rollback, else the previous command: the message of the nearest cue before it in its list that sends to the same device; with none, nothing is sent and the cue is named as could not be taken back. Only what somebody typed is stored. Sent once per device per Doh, the first sent cue-s, in place of could not be taken back; a value the device reads back is still put back exactly; the corrected GO sends the cue again."
osc,messages,s,r,,,,state,50,no,park,none,,"The identifiers of the cue-s further messages, in the order they are sent, space-separated (namespace draft 45, YP): the cue-s own address and value are its first message, and each <Message> under it is one more, sent after it in the same tick - in one bundle where its device takes them. Read-only: a message is made with message.create and taken away with object.delete."
message,cue,s,r,,,,state,50,no,park,none,,"The OSC cue this message belongs to, derived from where it sits, as a range-s cue is."
message,index,i,r,0,0..,,state,50,no,park,none,,"Where it sits among the cue-s further messages, from nought: the cue-s own message goes first, then these in this order. Derived, and counted among messages alone."
message,address,s,rw,,,,state,50,no,park,show,,"The node this message writes, as the cue-s own address is - and under the same device (namespace draft 45, YV, the author-s pick): a cue talks to one device, so its target menu moves every message at once and Doh! keeps its per-device setting. A message under another device fails the run at GO with several-devices, and wfg validate warns of it."
message,value,s,rw,,,,state,50,no,park,show,,"What this message sends, spelled as the cue-s own value: a list of atoms, every argument of the message, empty for one that carries nothing."
midi,port,s,rw,,,,state,50,no,park,show,port,"The identifier of the declared <Port> this cue sends on. An identifier and not a name, for the reason a route names its bus by one: the name is what a person reads and what --midi-out is given, and renaming a port must not silence every cue that used it. A port that is declared and not bound fails the RUN with no-port and never the load, because which cable ""Lights"" is on is a fact about the building (PRD 4.10) and a show travels to a rig that has not been patched yet."
midi,type,s,rw,noteOn,noteOn|noteOff|programChange|controlChange|pitchBend|aftertouch|channelPressure|sysex,,state,50,no,park,show,,"Which event to send. Every type PRD 3.10 lists, including sysex, because a show that can send seven of eight is a show somebody has to keep a second program open for. The type decides which of the fields below mean anything, which wfg validate says out loud rather than the grammar refusing - one element per type would be eight elements for one concept."
midi,channel,i,rw,1,1..16,,state,50,no,park,show,,"The channel, one to sixteen. One-based because that is what is written on every device a musician has ever looked at, and unlike a TRIGGER's channel there is no 'any': a message has to go somewhere."
midi,data1,i,rw,0,0..127,,state,50,no,park,show,,"The first byte of the message: the note for a note on, off or aftertouch, the controller for a control change, the program for a program change. Ignored by pitch bend, channel pressure and system exclusive, which have no such thing. NAMED AFTER ITS PLACE IN THE MESSAGE and not after any one of those meanings, because it is all of them depending on the type above it - and a client shows the word that fits, so nobody reads data1 anywhere but in the file. It was called number until 2026-09-22 and could not stay: every cue already has a number, which is its place in the list, and two rows of one name on one element are one attribute doing two jobs - the same twelve read as the cue's number and as the program it sends."
midi,data2,i,rw,0,0..16383,,state,50,no,park,show,,"The second byte: the velocity of a note, the value of a control change, the pressure of an aftertouch, or the whole fourteen bits of a pitch bend, where 8192 is the centre. Ignored by a program change, which has only one byte, and by system exclusive. Nought to 127 for everything but the bend. Renamed from data with its partner (2026-09-22) so the two read as the pair they are."
midi,sysex,s,rw,,,,state,50,no,park,show,,"The bytes of a system-exclusive message, in hex, F0 to F7 inclusive - written the way a manual prints them, because that is where a designer is copying from. Ignored by every other type. A dump of any size is legal and the send is off the tick thread for exactly that reason: on Windows a hundred bytes busy-waits the calling thread for about thirty milliseconds."
midi,wait,s,rw,none,none|sent,,state,50,no,park,show,,"How long the cue takes to be done. As a network cue, minus verified: MIDI has no read-back, so there is nothing that could answer, and asking for one is refused when the show loads rather than waiting for ever at half past seven. sent says the bytes reached the port."
midi,doh,s,rw,device,device|takeBack|leave,,state,50,no,park,show,,"What Doh! does with what this cue sent (PRD 3.32; the author, 2026-10-01). device - the default - follows its port-s Doh! setting; takeBack has the corrected GO send it again (a MIDI message cannot be put back); leave leaves it to whatever plays on that port - the corrected GO runs the cue with its timing and sends nothing. Only the exact words override: anything else reads as device. On screen, leave reads Meh and takeBack reads Undo(h) (the author-s words, 2026-10-02); the stored words do not change."
midi,dohRollback,s,rw,,,,state,50,no,park,show,,"What Doh! sends to take back what this cue sent, when it takes back (PRD 3.32; the author, 2026-10-03: we might send a go back command or a different cue or scene number if for instance the light board has autofollow cues after the last one sent). Written ahead, never at the Doh. The type, the channel, then the numbers - programChange 1 11, noteOn 1 60 0, controlChange 1 7 0 - or sysex then its hex bytes, F0 to F7. Empty - the default - follows its device-s rollback, else the previous command: the message of the nearest cue before it in its list that sends to the same device; with none, nothing is sent and the cue is named as could not be taken back. Only what somebody typed is stored. Sent once per device per Doh, the first sent cue-s, in place of could not be taken back; a value the device reads back is still put back exactly; the corrected GO sends the cue again."
port,name,s,rw,,,,state,50,no,park,show,,"What the show calls this port. The document holds what somebody decided (PRD 4.10), so it says 'Lights' or 'The desk'; --midi-out=<name>=<device> is what binds it to a cable on this machine, and the two are separate for the reason a bus and a hardware channel are."
port,outputDevice,s,rw,,,,state,50,no,park,show,,"The MIDI output on this machine this port sends through, by the name wfg midi lists. What somebody decided and what reads sensibly at the next venue, which is why it is in the show and not beside it (PRD 4.10); --midi-out overrides it for one session. Empty is unbound, and a cue on an unbound port fails its RUN with no-port and never the load, because a show travels to a rig nobody has patched yet."
port,outputDeviceId,s,rw,,,,state,50,no,park,state,,"The identifier that output had when this machine last found it, tried BEFORE the name. Two things fail in opposite directions and that is why both are kept: an identifier is operating-system formatted and is not stable - on Windows it carries the device's instance path, so moving a cable to another USB socket changes it - while a name survives the move and cannot tell two identical interfaces apart. State rather than show: it is what the machine matched and not what anybody decided, so it never dirties the show, and a stale one at another venue simply fails and falls through to the name. Written back by the engine whenever a port binds by name, so the next start is exact."
port,inputDevice,s,rw,,,,state,50,no,park,show,,"The MIDI input this port listens on. Events arriving there are matched as THIS port, so a trigger names the port and never the cable - which is what makes moving an interface one edit instead of one per trigger. Empty listens to nothing; --midi-in overrides."
port,inputDeviceId,s,rw,,,,state,50,no,park,state,,"The identifier that input had when this machine last found it, tried before the name, for the reason the output's twin gives."
port,rx,T,rw,true,,,state,50,no,park,show,,"Whether events arriving on this port's input fire triggers. Off is a port that sends and does not listen, which is most of them - a lighting desk takes messages and has nothing to say back."
port,tx,T,rw,true,,,state,50,no,park,show,,"Whether cues on this port are sent. Off, the cue still runs and finishes carrying the warning not-sent, exactly as a network device's tx does, so a rehearsal in a room without the desk plays the show instead of printing a column of failures."
port,audible,T,rw,false,,,state,50,no,park,show,,"Whether this port plays sound - a synth or a sampler rather than a lighting desk (the author, 2026-10-01: Should we have a toggle for this rather than assume?). A MIDI cue that fired to a port marked so, its tx on, makes its scene heard for Doh!: paused and carried on by the corrected GO, where a scene of lighting cues is taken back exactly and started over. Off unless set; a port marked and not bound on this machine still counts, binding being a fact about the building."
port,doh,s,rw,leave,takeBack|leave,,state,50,no,park,show,,"What Doh! does with what a cue sent on this port (PRD 3.32; the author, 2026-10-01: always leave to its operator, unless somebody says otherwise). leave - the default - leaves it to whoever plays that port: nothing sent again by the corrected GO, which runs the cue with its timing and sends nothing, and the Doh names it. takeBack has the corrected GO send it again, since a MIDI message cannot be put back. Only what had already left is concerned; a cue may override it either way. Only the exact word takeBack takes back. On screen, leave reads Meh and takeBack reads Undo(h) (the author-s words, 2026-10-02); the stored words do not change."
port,dohRollback,s,rw,,,,state,50,no,park,show,,"A general go-back command for Doh! (PRD 3.32; the author, 2026-10-03: a general go back command overrides at the device level, but can be edited). What a cue sent here that cannot be put back is taken back with this message, under Undo(h), unless the cue has its own; empty - the default - leaves each cue to the previous command. The type, the channel, then the numbers - programChange 1 11 - or sysex then its hex bytes."
port,bound,T,r,false,,,state,50,no,park,none,,"Whether this port has a device behind it. What the machine found, not what anybody decided, so it is published and never stored."
port,problem,s,r,,,,state,50,no,park,none,,"Why it has not, in one sentence, and empty when it has: no such device on this machine, or a name that fits two of them and cannot be told apart. Ambiguity is a refusal rather than a guess - a MIDI cue arriving at the wrong desk is worse than one that does not arrive - and this is the sentence that says which."
ports,inputs,s,r,,,,state,1,no,park,none,,"The MIDI inputs this machine has, one per line. NEWLINE and not space, because a device name contains spaces and nothing else would split - the same argument document/warnings makes. Read when the show opens and again on midi.rescan, never on the tick thread: enumerating MIDI devices blocks for milliseconds on Windows."
ports,outputs,s,r,,,,state,1,no,park,none,,"The MIDI outputs this machine has, one per line, read the same way."
runs,order,s,r,,,,state,50,no,park,none,,"The identifiers of the runs the engine is publishing, in the order they were created. A finished run keeps its place here for five seconds and is then dropped - Gogo is the present tense (PRD 7), and a four-hour show would otherwise publish four hours of finished runs on every tick."
run,cue,s,r,,,,state,50,no,park,none,,The cue this run instantiates. A run is the live instance and the cue is what somebody wrote: the cue keeps saying what was decided while the run says what is happening (PRD 4.10).
run,kind,s,r,,memo|group|media|fade|transport|osc|midi|start|mic|video,,state,50,no,park,none,,"The kind of the cue this run instantiates, copied at launch so a client reading a run does not have to go and look the cue up - and so the answer survives the cue being edited underneath it."
run,parent,s,r,,,,state,50,no,park,none,,"The group run this one is a member of, or empty at the top of a list. Runs and not cues, because the same cue can be a member of a group that is running twice - a shuffled loop plays it in round three and again in round five - and which one finished has to have an answer."
run,children,s,r,,,,state,50,no,park,none,,"The runs this group run is organising, in the order they were spawned, space-separated. A group owns time, order and lifetime and no output of its own (PRD 4.12), so this is the whole of what it holds."
run,phase,s,r,,entering|preparing|prepared|header|members|footer,,state,50,no,park,none,,"Which part of itself a group run is in: its own pre-wait, its header, its members, its footer. A READOUT and never a model input, like `position` and `rangeIteration` - the scheduler holds it on the job and mirrors it here for a client to watch, so it is not written to the log and a replay, which runs no scheduler, leaves it empty. Empty on every run that is not a group. The two prepare values arrive with the horizon (PR 4.5) and are declared here so the enum does not grow under a client that has already read it."
run,state,s,r,armed,preparing|waiting|armed|playing|stopping|postWait|done|failed,,state,50,no,park,none,,"Where the run is. Preparing means the horizon reached it and it is getting ready ahead of any GO - a run in that state is NOT live, and nothing that asks whether a cue is running counts it (PRD 3.12). Waiting means its pre-wait is running and nothing has fired yet; armed means its track is held and its media is being made ready; playing means the launch has been placed; stopping means a stop was asked for and has not landed; postWait means its own work is over and it is holding before it reports done to whatever is waiting on it; done and failed are both finished, and a failed run says why in error."
run,track,i,r,-1,,,state,50,no,park,none,,"The track it plays on, or -1 before one is held and after it is given back. The track count is the polyphony ceiling, so this is also which of those voices it is using. A playing track is never stolen."
run,position,d,r,0,0..,s,state,50,no,park,none,,"How far into the RUN it has got - which is how far into the FILE when there is one, start offset and range wrap included, and simply how long it has been going for a run with no voice at all. A fade is the case that makes the difference worth stating: it has a duration the document declares and nothing placed on a track, so it is measured in ticks from the GO that started it rather than in samples from a launch that never happened. Nought until it is launched, for every kind, because a cue parked on a standby has not got anywhere yet. A READOUT and never a model input: it is published for a client to watch and is not written to the log, because a log of every position would be a log of the clock rather than of anything anybody decided."
run,started,h,r,0,,tick,state,50,no,park,none,,"The tick GO was applied on for this run, which is when it STARTED - and nought while it has not, which is every run the anticipation window has prepared and nobody has let go yet. A tick index and not a wall clock, because the engine's own notion of when is the tick and a wall clock in a published node would be a value a replay could not reproduce - the argument undoName already makes. It exists so that a running pane can be ordered the way the show happened rather than the way the run table happens to hold it: a cue prepared ahead of time is created BEFORE things that are already sounding, so the engine order puts the next cue above them, which is upside down from where an operator looks for it. Ordered by this, with the not-yet-started last, a pane reads top to bottom like the list it came from."
run,remaining,d,r,0,0..,s,state,50,no,park,none,,"How many seconds of the wait it is in are left, counting down to nought - and nought whenever it is not waiting at all, so a reader never has to ask a second node whether this one means anything. It is the pre-wait while the state is waiting and the post-wait while it is postWait, which are the two states a run can be counted down in; both are the SAME question from where an operator sits - how long until this does the next thing - and telling them apart is what the state node is for. Computed from the absolute tick the wait comes due at, which a command handler set from its own tick, so it is exact rather than accumulated and a client that missed twenty publishes still reads the truth on the next one. A client draws it as a bar that EMPTIES rather than one that fills: what somebody watching a wait wants is the time left, not the fraction served. The total it is a fraction OF is the cue's own preWait or postWait, which is in the document where decisions live and not repeated here."
run,timbre,s,r,,,,state,10,no,park,none,,"What it sounds like where it has got to, as three numbers: the hue in degrees, then the saturation and the lightness from nought to one, of the analysis frame at its current `position` (PRD 3.30). Empty until the analyser has a pyramid for its file, and a client draws its own grey for empty - 3.30's answer for a clip whose colours have not arrived. `0 0 0` is silence, and a real reading rather than a missing one: lightness nought is below the ramp's darkest, so it cannot be mistaken for a low sound. A READOUT computed when the tree is published, like `position`, and never logged. The rate cap of 10 is what a surface is told to draw it at (PRD 3.30); the engine recomputes it every tick like everything else."
run,envelope,s,r,,,,state,50,no,park,none,,"How loud the file is where the run has got to: the analysed peak of the frame at its position, in decibels below full scale, to a tenth - -120 for a silent frame - or empty until the file is analysed, as timbre is. Before the fader and the DCA: it is the sound's own shape, which a surface pulses its colour with - half its level over a few seconds, half how it moves (author, 2026-09-25: 'make part of the LED level match the long term level of the music and the other half the shorter term variations')."
run,tint,s,r,,,,state,10,no,park,none,,"What a picture run shows, as one colour: the average of its layer over its canvas, as #RRGGBB, its opacity and its DCA already in it - dark when it is see-through (namespace draft §38, WR). Read by the renderer from the frames it holds, ten times a second, through the compositor the no-window probe uses; empty while no renderer runs or for a run that is not a picture. What a DCA strip-s ring shows of its pictures."
run,level,d,r,0,-120..12,dB,state,50,no,park,none,,"The level it is playing at now, which is what a fade writes. Not the cue's authored level - that one stays where the designer left it, so a night of riding faders does not rewrite the show."
run,rate,d,r,1,-20..20,x,state,50,no,park,none,,"The speed it is playing at now, which is what a speed fade writes and what the playhead advances by (namespace draft §22). Not the cue's authored rate - that one stays where the designer left it, so a night of speed fades does not rewrite the show. One for every run that is not a media cue. Negative while the file plays backwards (namespace draft 41)."
run,late,i,r,0,0..,,state,50,no,park,none,,"How many blocks the launch was late by, when GO arrived before the arm had finished. Zero is the ordinary case, and the number is here because it is the difference between GO is instant as a claim and as a measurement."
run,range,i,r,-1,-1..,,state,50,no,park,none,,"Which of the cue's ranges is playing, counting from nought, or -1 for a run that is not in one - every kind but media, and a media cue with no ranges. A TRANSITION IS AN EVENT (PRD 3.15): this changes when the boundary into the range is PLACED, which is a logged command, so a replay reproduces which range every run was in at every tick with no audio at all."
run,rangeIteration,i,r,0,0..,,state,50,no,park,none,,"Which pass of that range is playing, counting from one, or nought when there is no range. A READOUT and not an event, like position: it is computed from the sample counter rather than logged, because a bed looping for four hours would otherwise write a record every few seconds for something nobody decided. It is the 3 of the strip's 3/8."
run,iteration,i,r,0,0..,,state,50,no,park,none,,"Which round this group run is on, counting from one. Zero before the first round has been drawn. A client showing 3/8 is showing this and iterations."
run,iterations,i,r,1,0..,,state,50,no,park,none,,"How many rounds this run will play, copied from the group when it started - so an edit to loops changes the next run and not this one. Zero means for ever."
run,round,s,r,,,,state,50,no,park,none,,"The cue identifiers of the round in progress, in the order they will play, space-separated. MATERIALISED rather than computed: a shuffled round is drawn once, written into the log, and read back from there on replay - which is what lets a session reproduce without the random number generator ever being consulted again."
run,pruned,s,r,,,,state,50,no,park,none,,"The members dropped from this run, space-separated. Pruning is RUN-LOCAL and evaporates with the run (PRD 3.6): it is what an operator does at 22:40 when one of eight ambiences is wrong tonight, and it must not be an edit to the show - tomorrow the cue is back."
run,seed,i,r,0,0..,,state,50,no,park,none,,"The seed this run is drawing its rounds from: the group seed when there is one, and a fresh one otherwise. Published because a shuffled night somebody liked is a night worth being able to ask for again."
run,error,s,r,,,,state,50,no,park,none,,"Why it failed, when it did: no-track when every voice was busy, media-missing when the file is not in the bundle, is there and is not audio, or a range is not inside it, no-port when a MIDI cue names a port nothing was bound to, bad-message when its own fields do not make a message anybody could send, no-slot when the cue has more ranges than the graph has launcher slots - which is a range added since the show was loaded, and needs a reload rather than an edit - bad-route when the destination cannot be honoured, bad-target when a fade or a stop names a cue this show does not contain at all - which is different from one that is not running, and is a warning wfg validate has already given, send-failed when a message could not be put on the wire, and the write refusals - bad-address, read-only, type-mismatch - when a network cue names a node the target does not have or will not take. timeout when a verified cue asked and nothing answered in time, and disagreed when something answered with a different value, which is the one failure that means the device is there and is not doing what it was told. For a mic cue (Phase 9b): no-input when it takes no named input, bad-channel when it plays through no rack channel or a shared one, bad-width when its input is not as wide as its channel takes, not-built when the channel was declared since the graph was built and waits for Load now. Empty otherwise. A failed run was still an APPLIED command - the request was legal and the show could not honour it, which is a different thing from a request that was malformed."
run,claims,s,r,,,,state,50,no,park,none,,"The slots this run holds, by identifier, space-separated. A VOICE IS NOT AMONG THEM - a track is not a declared object and where a voice is held is this run-s own `track`. Held from the arm until the run reaches done or failed, which is the same moment the voice is freed: `holdsTrack()` is a track and an unfinished run, so the claim-s release and the voice-s are one rule written in two places rather than two rules (PRD 3.9e)."
run,pending,s,r,,,,state,50,no,park,none,,"The slots this run has claimed and not yet been given, because something else is holding them. PRD 3.9e: a claim on a busy slot is neither a failure nor a race - it lands when the holder-s run ends, and the claimant shows PENDING meanwhile. GO has already returned (4.1). A holder that never ends on its own, an infinite loop, is the operator-s to end. It also holds the word voice for a sampler member armed onto a strip while every track was busy (decision Z, 2026-09-23): that claim waits too, and lands when a track frees. The launch waits on this being empty: half a cue is not a cue, and sending it into a slot somebody else holds is the fighting a claim exists to prevent."
run,warning,s,r,,no-channel|revoked|not-sent|left-to-operator,,state,50,no,park,none,,"Something this run did less of than it meant to, while still going. NOT a weaker `error`: an error is a run that did not do what it said, and a warning is a run that carried on. `no-channel` is a cue that lost an exclusive rack channel and played dry, which PRD 3.9e calls DEGRADE and which is the whole point of that policy - reporting it as a failure would either stop the scene or teach an operator to ignore the state that means stopped. not-sent is a cue aimed at a device whose tx is off, or a MIDI cue on a port whose tx is off: it ran, it was applied, and nothing left the machine. left-to-operator is a cue a corrected GO ran without sending, because the GO that Doh! took back had already sent it to a device left to its operator (PRD 3.32). In words, never colour alone (4.8)."
run,asserted,T,r,false,,,state,50,no,park,none,,"Whether this run was started by the persistent assertion (PRD 3.29) rather than by a person or a group: the engine found the cue not as its section declares - a bed whose file had run out, a value the desk no longer held - and put it back through run.assert, after an applied trigger and never on its own clock. Shown so an operator can tell a sound they started from one the machine restored."
run,trim,d,rw,0,-120..12,dB,state,50,no,park,none,,"The trim a hand is adding to this run's level, in dB - the fader or the pad on the strip the run holds, and nothing else writes it. Added to the cue's own level and to every trim above it. A run armed onto a strip starts at its cue's initialLevel - where the fader flies to and waits for the touch that starts the clip - and so does a run armed onto a pad. Written with node.set by a surface, a panel or the page, and a ride is not undoable, being nothing anybody decided about the show (PRD 4.10)."
run,meter,d,r,-120,-120..24,dB,state,50,no,park,none,,"How loud it left its track over the last tick, in decibels below full scale: the loudest sample the track output stage sent, after the EQ, the inserts, the level and the trim of the hand - so after the fader - or -120 while it has no voice sounding (author, 2026-09-25: 'On the sampler fader displays of the D700 can we have a post fader level meter too?'). A surface draws it on the strip that holds the run. A READOUT like position, taken from the audio side once a tick and never logged: a replay, which has no audio, reads silence."
run,strip,s,r,,,,state,50,no,park,none,,"The strip this run holds, by identifier, when it is a sampler member on one; empty otherwise. The strip's holder read from the run's side, so a running pane can say which fader a sound is under."
run,held,T,r,false,,,state,50,no,park,none,,"Whether a pad is down on this run - pressed and not yet released. While it is held a press from any other origin is a no-op, and so is that origin's release (PRD 3.27): the hand that started it owns it."
run,solo,T,r,false,,,state,50,no,park,none,,"Whether this sampler clip is soloed on its strip (author, 2026-09-25: 'The solo switch could be engaged on a track to prevent other faders in the bank to trigger'): while it holds, a press on any other strip of its bank - a touch, a pad, a fire by name - starts nothing. Set with run.solo, the SOLO button on a surface; it lets go by itself when the clip stops - its end, a stop, a kill or a release - so a solo left on never outlives the clip it protected. A performance, never an edit: nothing is written to the show."
run,seekable,T,r,false,,,state,50,no,park,none,,"Whether a run.seek sent now would move this run (K9, 2026-10-02, namespace draft 23.18), so a client offers a scrub exactly where the engine honours one: a media run not over and not taken back by Doh!; a group run the machine paces - a timeline, or a sequence that advances by itself - that the walk times as written, or that has begun a round, a seek then landing within the round it is in. Never a manual group (a person stands between its members) or a sampler bank (played by hand). A readout, mirrored every tick and never logged."
run,roundFrom,d,r,0,0..,s,state,50,no,park,none,,"Where the round a running scene is in began, in seconds of the scene's own clock as position reads them (2026-10-05, namespace draft 30.6): for a group run a run.seek would move now, the round the seek is held to (K9) - a looping or shuffled scene's current round, or the one round of a scene that plays once, begun when its pre-wait ended. Nought for every other run. A client draws the scene's strip from here to here plus roundLength and keeps a scrub inside it. A readout, solved by a hook once a round and never logged."
run,roundLength,d,r,0,0..,s,state,50,no,park,none,,"How long the round in roundFrom is, in seconds: the furthest end among its members and the wait after it, as the seek clamps it (namespace draft 30.6). Nought when it cannot be solved - a member whose length is not known, a range that plays for ever - or when the run is not one a seek would move; a client then falls back to its own gearing. A readout, solved by a hook once a round and never logged."
group,order,s,r,,,,state,50,no,park,none,,"The identifiers of the group's children, in order, space-separated."
group,headerOrder,s,r,,,,state,50,no,park,none,,"The cues in this group's header, in order, space-separated. A header runs before the group's members (PRD 3.6) and is an ordinary cue list, so this is the same kind of answer as order - about a different list."
group,footerOrder,s,r,,,,state,50,no,park,none,,"The cues in this group's footer, in order, space-separated. A footer runs at group exit and BLOCKS: the group is not done until its cues are, so a following scene that reallocates the same channels waits for the release rather than racing it."
group,header,s,r,,,,state,50,no,park,none,,"The identifier of this group's header section, or empty when it has none - what object.move and cue.create take as a parent to put a cue in it. Made by group.role, which answers with the one that exists. Published (2026-09-18) so a client can move a cue into a section it can see, rather than into a container it has to guess."
group,footer,s,r,,,,state,50,no,park,none,,"The identifier of this group's footer section, or empty when it has none - what object.move and cue.create take as a parent to put a cue in it. Made by group.role, which answers with the one that exists."
group,headerDerived,s,r,,,,state,50,no,park,none,,"The cues whose preset names this group, in document order, space-separated - the header lines somebody did not write. Derived the way order and headerOrder are, and run BEFORE the written header cues when the horizon reaches the group: a written header cue may reasonably depend on what the presets set - position the source, then move it - and the reverse dependency has no natural example. What the horizon does with a preset member is its preparable part and nothing else (PRD 3.12); the member still runs where it sits, at its own moment, in its own group, which adopts the arm the ancestor made rather than making a second one."
group,folded,T,rw,false,,,state,50,no,park,state,,"Whether the group is drawn shut, its members hidden under its row. State, not show: how a group is read is not a decision about what it plays, so it lands in state.xml and does not mark the show unsaved."
group,headerFolded,T,rw,false,,,state,50,no,park,state,,"Whether the group's header band is drawn shut. State, as `folded` is."
group,footerFolded,T,rw,false,,,state,50,no,park,state,,"Whether the group's footer band is drawn shut. State, as `folded` is."
group,mode,s,rw,sequence,timeline|sequence|sampler,,state,50,no,park,show,,"Whether members are scheduled at entry, run one after another, or wait for a hand. sampler launches none of its members: GO arms the group, every member is loaded onto a strip, and faders and pads start them - in any order, any number of times, several at once (PRD 3.27)."
group,advance,s,rw,manual,auto|manual,,state,50,no,park,show,,Whether a member starts when the previous completes or on GO.
group,selection,s,rw,sequential,sequential|shuffle,,state,50,no,park,show,,"How the members of a round are ordered. sequential plays them as they are written; shuffle draws a fresh order for each round, redrawing until the first of the new round differs from the last of the one before it - so a member is never heard twice running across a boundary. With two members that constraint decides the order completely, which is correct rather than a degenerate case: alternating is what a designer asking for two shuffled ambiences means."
group,loops,i,rw,1,0..,,state,50,no,park,show,,"How many ROUNDS this group plays before it is done. Rounds, not playbacks: with play set, a round is a subset of the members, and three loops of two-of-five is six cues rather than three. Zero means for ever, which is what an ambience bed is, and is left by a stop verb, an advance or run.stop rather than by counting."
group,play,i,rw,0,0..,,state,50,no,park,show,,"How many members a round plays, out of however many there are (PRD 3.6 play N of M). Zero means all of them, which is the ordinary group. Larger than the membership is the same as all of them rather than a refusal: a designer deleting a member should not have their show stop loading."
group,seed,i,rw,0,0..,,state,50,no,park,show,,"The seed a shuffled group draws its rounds from. Zero means a fresh one per run, drawn when the run starts and written into its log - so a shuffled show is different every night AND every night reproduces exactly. A seed set here is the other thing somebody wants: the same order at every performance, which is how a shuffled scene gets rehearsed."
group,takeover,s,rw,group,group|strip,,state,50,no,park,show,,"sampler: what arming this group does to the sampler groups already armed (PRD 3.27). group closes every other sampler group - each launches nothing new, plays out what is playing and hands each strip over as that clip ends; strip takes only the strips this group's members land on and leaves the rest to whoever had them, and a group that has lost every strip completes. Read when the group is armed and at each refresh."
group,dca,s,rw,,,,state,50,no,park,show,dca,"The DCA this group is assigned to, by identifier, or empty. Adds the DCA's trim to the group run's own, which reaches every member through the sum a group already is (PRD 3.6, 3.28)."
mount,prefix,s,rw,,,,state,1,no,park,show,,"The address this device answers at, and the root every cue aimed at it carries. SEVERAL, separated by spaces, for a device whose addresses start at the root of its own world: a DiGiCo S21 reached directly answers at /channel for every strip control, /console for ping, pong and the channel counts, and /digico for snapshot recall, so its row reads ""/channel /console /digico"". Declaring it three times would be three rows, three names and three sent counts for one console, and giving it one root that is not its own would mean the address in the cue is not the address in the manual somebody copied it from. A space is what separates them because an OSC address can never contain one, and a device with a single root reads exactly as it always did. A device that DESCRIBES itself has one: its namespace file is one tree and mounts in one place. EDITING THIS DOES NOT REWRITE THE CUES: a cue holds the whole address it writes, so a root somebody changes leaves every cue under the old one aiming at nothing, which wfg validate says out loud. Moving a cue from one device to another is the target menu's job."
mount,transport,s,rw,udp,udp|tcp|ws,,state,1,no,park,show,,"How the mounted target is reached. Only udp carries messages today; tcp and ws are declared because a document should be able to say what a device is before Go.dot can talk to it, and a mount declaring either is refused when the show loads rather than going quiet during it."
mount,host,s,rw,127.0.0.1,,,state,1,no,park,show,,"Where the target is. A literal address rather than a name, because a socket resolves a hostname on every send whose destination differs from the last one, and a blocking lookup on the tick thread is a frame nobody gets back. It defaults to this machine because the ordinary rig is Go.dot and its processors on one box; anything else says so."
mount,port,i,rw,,1..65535,,state,1,no,park,show,,"The port the target listens on. Required, and deliberately without a default for the same reason audio/tracks is: no number could be right for every device, and a mount that guessed would send into the dark and report success. UDP never tells you nobody was listening, so this one has to be right in the document or it is never right at all."
mount,namespace,s,rw,,,,state,1,no,park,show,,"The bundle-relative OSCQuery namespace file describing the target, and EMPTY is the ordinary case for a device somebody typed an address into. Empty declares an OPAQUE device: nothing is published under its prefix, a cue aimed under it is sent exactly as it was written with no coercion and no read-back, and a cue whose wait is verified is refused when the show loads because there is nothing there to ask. A described device is the other half of PRD 3.22 and is unchanged: its nodes are checked, typed and askable."
mount,rateCap,d,rw,50,0..,Hz,state,1,no,park,show,,Default outbound rate cap for the mounted nodes.
mount,anticipatable,T,rw,false,,,state,1,no,park,show,,Whether the mounted nodes may be pre-sent before GO. False for third parties.
mount,panic,s,rw,park,park|snap,,state,1,no,park,show,,Default resting state for the mounted nodes.
mount,loaded,T,r,false,,,state,1,no,park,none,,Whether the namespace file has been read.
mount,nodeCount,i,r,0,,,state,1,no,park,none,,How many nodes the mount contributed.
mount,queryPort,i,rw,0,0..65535,,state,1,no,park,show,,"The port the target answers OSCQuery on, which is a different number from the one it listens for messages on - WFS-DIY takes messages on 8000 and describes itself on 5005. Zero means it was not declared, which is the only honest default: most devices do not run an OSCQuery server at all."
mount,readback,s,rw,none,none|oscquery,,state,1,no,park,show,,"Whether this target can be ASKED what a value is, and how. Transport says how to send and says nothing about the other direction, so without this a cue whose wait is verified against a write-only device is a cue that can never succeed and nothing notices until the show. None is the default because it is true of most devices: OSCQuery was never standardised, and a mounted namespace is usually hand-written for a box that will never answer. A verified cue aimed at a none is refused when the show loads, which is the whole point of declaring it."
mount,sent,i,r,0,,,state,1,no,park,none,,"How many messages have left for this target since the show opened. A readout for a tech rehearsal, and the first thing to establish when a device is not moving and nobody knows whose end is wrong: UDP cannot report delivery, so what Go.dot can honestly say is how many times it sent."
mount,name,s,rw,,,,state,1,no,park,show,,"What the show calls this device - 'Lighting desk', 'The WFS' - which is what a target menu shows and what somebody reads in a list. The prefix stays the address: a name is for people and renaming one must not move a single cue, which is the reason a MIDI port has both too. Empty shows the prefix instead, so a device is never a blank row."
mount,rx,T,rw,false,,,state,1,no,park,show,,"Whether what this device sends is accepted. It is read today by one thing only: with strict senders on, a datagram from a host no declared device holds with rx set is dropped and logged rather than obeyed. What is DONE with what a device sends - a state machine watching it, a desk writing cues into the show - comes later, and the flag is stored now because it is a decision about the rig rather than a thing the machine noticed (PRD 4.10)."
mount,tx,T,rw,true,,,state,1,no,park,show,,"Whether cues aimed at this device are put on the wire. Off, the cue still runs and still lands in the tree and the log - it finishes at once carrying the warning not-sent - so a rehearsal in a room without the desk plays the show instead of printing a column of failures. On is the default because a device somebody declared is a device they mean to talk to."
mount,bundles,T,rw,false,,,state,1,no,park,show,,"Whether everything Go.dot sends this device in one tick leaves as one OSC bundle (namespace draft 45, YQ, the author-s pick: the device-s setting rather than the cue-s). On, a cue-s messages and every curve moving at that moment arrive together - a source-s x, y and z in one datagram, even from two cues - time-tagged immediately, a datagram closed at 1200 bytes and a message too big for one sent alone. Off - the default, and what Go.dot always did - each message is a datagram of its own, which every device reads; a device that cannot read a bundle ignores one in silence, so it stays off until somebody knows."
mount,doh,s,rw,leave,takeBack|leave,,state,1,no,park,show,,"What Doh! does with what a cue sent to this device (PRD 3.32; the author, 2026-10-01: on a lighting desk running sequences, fixing with Doh would really do more damage than the light operator handling the damage). leave - the default for every device, whatever its kind, Go.dot-s own processors included (confirmed by the author, 2026-10-02) - leaves it to the device-s operator: nothing put back, nothing sent again by the corrected GO, which still runs the cue with its timing and sends nothing, and the Doh names the device and the cue. takeBack puts back what a cue wrote where the device can be read back, and has the corrected GO send the cue again. Only what had already left for the device is concerned, and a cue may override it either way. Only the exact word takeBack takes back. On screen, leave reads Meh and takeBack reads Undo(h) (the author-s words, 2026-10-02); the stored words do not change."
mount,dohRollback,s,rw,,,,state,50,no,park,show,,"A general go-back command for Doh! (PRD 3.32; the author, 2026-10-03: a general go back command overrides at the device level, but can be edited). What a cue sent here that cannot be put back is taken back with this message, under Undo(h), unless the cue has its own; empty - the default - leaves each cue to the previous command. The address, a space, then the value spelled as a cue-s value row spells it - /lx/key/go_back I."
mount,problem,s,r,,,,state,1,no,park,none,,"Why the engine cannot use this device as it is declared - no usable port, a namespace file it could not read, a transport it cannot speak - in one sentence, and empty when it can. It exists because these refusals were a line on somebody's terminal at startup and nothing else: a device that will never work looked exactly like one that works, in every client, until a cue failed during the show."
network,strictSenders,T,rw,false,,,state,1,no,park,show,,"Whether messages are taken only from the devices this show declares. On, a datagram whose sender is not a declared device with rx set is dropped and written to the log as a refusal naming who sent it; off, which is the default and what Go.dot has always done, anybody who can reach the port is heard. It gates the OSC port alone: a client on the WebSocket is a client rather than a device, and gating those would lock the page and the tablet out of their own engine."
network,refused,i,r,0,0..,,state,1,no,park,none,,"How many datagrams strict senders has dropped since the show opened. The first thing to look at when a surface has gone quiet and nobody knows whose end is wrong: a number that climbs as somebody presses a button says the message is arriving and being refused, which is a different morning from one that never came."
audio,tracks,i,rw,,0..,,state,1,no,park,show,,"How many cues can sound at once - the fixed number of audio tracks, and so the polyphony ceiling. Zero is legal and means a show with no audio. Required, and deliberately without a default: the number is a decision about the shape of a show, and no value here could be right for every rig. WRITABLE since 2026-09-21, because a decision a client cannot state is a decision nobody can take: it was read-only, no command set it, and a show made by File - New therefore declared nought and could never play anything. The graph is built from it when the audio settings are applied, so a change lands at the next apply and not under a running show - which is the same moment a changed buffer size lands."
audio,channelsPerTrack,i,rw,2,1..64,,state,1,no,park,show,,"How many channels one track carries, and so the widest cue this show can play. Two is a stereo file, which is what almost every show is; a six-channel bed or a first-order ambisonic one needs it said. A cue wider than this fails its arm as bad-route rather than being quietly narrowed - PRD 3.9b: width is explicit and never automatic. Fixed when the graph is built and never after, like tracks and for the same reason (3.25), so a show is reopened to change it. It costs: every track carries this many buffers whether a cue uses them or not."
audio,device,s,r,,,,state,1,no,park,none,,"The audio device the engine has open, or empty when there is none."
audio,enabled,T,rw,false,,,state,1,no,park,show,,Open the saved audio interface when this show starts.
audio,deviceType,s,rw,,,,state,1,no,park,show,,Audio driver type selected for this show.
audio,outputDevice,s,rw,,,,state,1,no,park,show,,Output interface selected for this show. Empty selects the system default.
audio,inputDevice,s,rw,,,,state,1,no,park,show,,Input interface selected for this show. Empty disables inputs.
audio,bufferSize,i,rw,0,0..65536,samples,state,1,no,park,show,,Requested buffer size. Zero uses the device default; the granted size is observed.
audio,inputPatch,s,rw,,,,state,1,no,park,show,,Space-separated hardware input indices per logical input. Zero based; -1 disconnects. Empty preserves identity routing.
audio,outputPatch,s,rw,,,,state,1,no,park,show,,Space-separated hardware output indices per logical output. Zero based; -1 disconnects. Empty preserves identity routing.
audio,patchSettled,T,rw,false,,,state,1,no,park,state,,"Whether the output patch has stopped following the output layout one for one. False in a fresh show: the patch stays empty, which the device layer already reads as identity, so every output added, removed, moved or widened simply re-flows it and the designer never touches a matrix. It goes true when somebody edits the patch by hand, and when the first media run launches with audio - after which every output keeps the interface channels it has and a new one takes the next free ones. State rather than show: it records what has happened to this rig, not a decision about what the show plays, so it lands in state.xml beside the standby and does not mark the show unsaved."
audio,inputPatchSettled,T,rw,false,,,state,1,no,park,state,,"Whether the input patch has stopped following the list of named inputs one for one - the twin of patchSettled, for the other side of the interface. False in a fresh show: the input patch stays empty, which the device layer reads as identity, so every input added, removed, moved or widened re-flows it. True once somebody edits the input patch by hand, after which every named input keeps the interface channels it has and a new one takes the next free ones. State rather than show, for the reason patchSettled gives."
audio,settingsStatus,s,r,ready,ready|applying|error,,state,10,no,park,none,,Whether the requested audio settings have finished applying.
audio,settingsRevision,i,r,0,0..,,state,10,no,park,none,,Number of completed audio settings apply operations in this session.
audio,settingsError,s,r,,,,state,10,no,park,none,,Why the most recent audio settings operation failed.
audio,actualSampleRate,i,r,0,0..,Hz,state,1,no,park,none,,The observed device sample rate.
audio,actualBufferSize,i,r,0,0..,samples,state,1,no,park,none,,The buffer size granted by the device.
audio,availableBufferSizes,s,r,,,,state,1,no,park,none,,Space-separated buffer sizes supported by the active interface. Read from the engine-owned device without opening another driver.
audio,testType,i,r,0,0..4,,state,10,no,park,none,,Output test signal: off pink noise tone sweep or pulse.
audio,testChannel,i,r,-1,-1..511,,state,10,no,park,none,,Hardware output under test. Minus one means stopped.
audio,testFrequency,i,r,1000,20..20000,Hz,state,10,no,park,none,,Output test sine frequency.
audio,testLevel,d,r,-40,-92..0,dB,state,10,no,park,none,,Output test level.
audio,testHold,T,r,false,,,state,1,no,park,none,,Output test hold toggle.
audio,hardwareInputs,i,r,0,0..,,state,1,no,park,none,,The number of active hardware input channels.
audio,hardwareOutputs,i,r,0,0..,,state,1,no,park,none,,The number of active hardware output channels.
audio,inputLatency,i,r,0,0..,samples,state,1,no,park,none,,"The interface input delay as its driver reports it, read when the device opens and carried on the logged audio.settingsReady so a replay reads what the session read. Nought for the hosted interface, which has no converters. Half of what a mic cue is late by before any plugin (PRD 3.18)."
audio,outputLatency,i,r,0,0..,samples,state,1,no,park,none,,"The interface output delay as its driver reports it, read and carried as inputLatency is. The other half of what a mic cue is late by before any plugin."
audio,rackBudget,d,rw,5,0..100,ms,state,1,no,park,show,,"How much delay the plugins of a mic cue may add, in milliseconds, before the cue, its channel and the plugin that did it say so (PRD 3.18, decision BY). Never refused and never compensated: a budget is a line drawn, and crossing it is said in words."
audio,panicFade,d,rw,1,0..30,s,state,1,no,park,show,,"How long Esc takes, in seconds (author, 2026-09-28: a Panic fade duration that fades out all playing cues). Esc and the PANIC button fade every cue that is sounding to silence over this long and then stop it; a group-s footer runs when its members have gone, as PRD 4.4 has it. A mic cue is faded at its input and its reverb rings on. A cue already fading out on a stop of its own keeps that stop when it lands first. Esc again within the double-press window cuts everything at once, fade or not. Nought is a cut. Read at the press, so a change lands at the next Esc."
audio,outputs,i,r,0,0..,,state,1,no,park,none,,How many hardware output channels are available to route to. A cue wider than this is refused when the show loads.
audio,mixes,s,r,,,,state,1,no,park,none,,"The show-s mix channels by identifier, space-separated, in the order the outputs list them - by first channel, then identifier: what a surface-s Send page walks, one rotary a channel, in the order the window-s send mixer draws them (2026-09-25)."
audio,status,s,r,stopped,stopped|running|noClock,,state,5,no,park,none,,"Whether audio is running. An unlocked device is present and producing nothing, which is a different failure from no device at all and wants a different remedy."
audio,rateMoved,s,r,,,,state,1,no,park,none,,"What came of the last time the interface came back from an outage on another clock and the show followed it (PRD 6.2, 2026-09-28), in words: from which rate to which, and whether the cues that were playing were stopped. Empty until it first happens this session."
audio,rateMovedTick,i,r,0,0..,,state,1,no,park,none,,"The tick at which the show last followed the interface onto another clock, so a client can tell rateMoved from a refusal that came before or after it. Nought until it first happens."
bus,name,s,rw,,,,state,50,no,park,show,,The bus name as the designer wrote it. Names are what appear in a dropdown and on a scribble strip; channel numbers are not.
bus,kind,s,rw,direct,direct|mix,,state,1,no,park,show,,"Whether this bus is a direct out - where one cue's own channels land, chosen from that cue's direct-out menu - or a mix channel that many cues send into at a level. The word decides which menu the bus appears in and nothing about the hardware: both kinds are contiguous output channels and both are summing points, so a second cue sent to a direct out is mixed there like anywhere else rather than refused."
bus,firstChannel,i,r,0,0..,,state,1,no,park,show,,"The first hardware output channel this bus occupies, counting from zero. Read-only at the door and maintained by bus.create, bus.delete, bus.move and bus.width, which repack every bus as the running sum of the widths before it: a client that could write this one could leave two buses overlapping, and nothing downstream would notice until a show night. A layout written by hand that is not packed is left exactly as it is and warned about, never rewritten."
bus,width,i,r,1,1..,,state,1,no,park,show,,"How many consecutive channels the bus occupies - one for a mono output, two for a stereo pair, more for a processor send. Explicit and never inferred: the engine will not quietly widen or narrow a cue to make it fit. Read-only at the door and changed by bus.width, which repacks the channels after it."
bus,trim,d,rw,0,-120..12,dB,state,50,no,park,show,,"A level trim on everything leaving this output, in dB, after every cue and send has reached it (namespace draft §38, the author-s request of 2026-10-07): the place an output is set against the room and the rest of the rig, written in the show because somebody decided it. Nought, the resting value, leaves the output as it was. Applied on the audio side as one gain per channel, smoothed over 20 ms, so a change is never a click; a double Esc leaves it where it is, as it leaves a DCA."
bus,dca,s,rw,,,,state,50,no,park,show,dca,"The DCA this output is assigned to, by identifier, or empty (namespace draft §38). The DCA-s trim, and that of every DCA it sits inside, is added to the output-s own trim. It COUNTS AT EACH PLACE (WQ, the author-s pick): a cue marked with the same DCA and played through this output is trimmed by it twice, as a channel and the master it feeds are on a desk with one VCA on both."
bus,usage,s,r,,,,state,50,no,park,none,,"The live ranges of this direct out, as cue pairs: the cue that lands on it and the cue whose row that claim is released at, space-separated, one pair after another. Exactly as slot/usage reads, over the same analysis - PRD 3.9c asks for ONE allocator over three resource kinds, and an output channel is the third. Empty for a mix channel, always: many cues arriving at one mix is what a mix is for, so nothing about it is a claim."
bus,overlaps,s,r,,,,state,50,no,park,none,,"The pairs of cues that can both be on this direct out at once, space-separated. A WARNING AND NEVER A REFUSAL (PRD 3.9c) and never a reason to refuse an assignment: two cues on one output sum, which is better than a cue that plays nowhere. Marking either cue-s sharedOut says the sharing was meant and silences that pair - and leaves the menu still marking the out as taken, because which outs carry sound is a fact and only the complaint about it can be answered."
bus,laneRide,d,rw,0,-120..12,dB,state,50,no,park,none,,"What the flipped fader of this mix rides, while the faders are flipped to a cue: the cue-s send into this mix at its written level plus its lane, or silence when the cue does not send here, where the file is - and, once this lane is armed and touched in a pass, the hand-s level, held after the hand lets go and written into the send-s lane as the difference from its written level. A mix with no send ridden in a pass is given one when the pass ends. Written by the fader through node.set, never a step of undo, and ignored unless this lane records (namespace draft 34)."
inputs,order,s,r,,,,state,50,no,park,none,,"The identifiers of the named inputs of the show, space-separated, in the order the list reads them - by first logical input, then identifier: what every input menu offers, in the order the interface is wired."
input,name,s,rw,,,,state,50,no,park,show,,"What the input is called - Voix solo - in every menu that offers one. PRD 3.9b: names appear in a dropdown and on a scribble strip, channel numbers do not, because an input number is a fact about a patch that will change."
input,width,i,r,1,1..8,,state,1,no,park,show,,"How many consecutive logical inputs it takes: one for a microphone, two for a stereo line. Read-only at the door and changed by input.width, which repacks the inputs after it, exactly as bus.width does for the outputs."
input,firstChannel,i,r,0,0..,,state,1,no,park,show,,"Its first logical input, counting from zero: the running sum of the widths before it, maintained by input.create, input.delete, input.move and input.width as a bus first channel is by the bus commands. The input patch maps logical inputs to the channels of the interface."
input,meter,d,r,-120,-120..24,dB,state,10,no,park,none,,"The loudest sample on any of its channels over the last tick, in decibels below full scale, whether or not anything listens to it - the soundcheck question, whether the microphone is alive before GO. -120 while nothing arrives."
input,problem,s,r,,,,state,1,no,park,none,,"Why it is not reaching Go.dot, in one sentence: no input interface is open, or the input lies past the last channel the interface gives. Empty when it arrives."
slots,order,s,r,,,,state,50,no,park,none,,"Every slot the show declares, in document order: the processor inputs of every mount, then the rack channels, then the strips of every surface (Phase 6). A VOICE IS NOT IN IT - a track is not an object anybody wrote down, it has no identifier, and Show/Audio/@tracks is a count rather than a list; where a voice is held has been readable at /godot/run/<id>/track since Phase 2. The allocator still treats a track as a slot kind (PRD 3.9e); being one mechanism does not oblige it to be one data structure."
slot,name,s,rw,,,,state,50,no,park,show,,"What the designer called it. PRD 3.9b: the names appear in the dropdown and on the OLED, and the channel numbers do not - -Voix solo- is what somebody wrote down and -input 3- is a fact about a patch that will change."
slot,kind,s,r,processorInput,processorInput|rackChannel|strip,,state,50,no,park,none,,"Which kind of slot this is, derived from the element rather than stored: a Slot under a Mount is a processor input, a Channel under the Rack is a rack channel, and a Strip under a Surface is a strip - the fourth kind, a fader or a pad (PRD 3.9e, 3.16). Derived for the reason cue/kind is - a client that could write it could turn one into the other by writing a word, and the two are released and refused by different policies (PRD 3.9e)."
slot,holder,s,r,,,,state,50,no,park,none,,"The run holding this slot, or empty. Read off the run table rather than kept beside it, the way a busy track is: a second copy of who holds what is a second thing to keep in step, and the one that is wrong is always the copy."
slot,pending,s,r,,,,state,50,no,park,none,,"The runs waiting for this slot, in the order they claimed it. A QUEUE rather than a set, so that who gets it next is read rather than inferred - and the answer is the same on a replay, because the order runs were created in is the order the log made them."
slot,usage,s,r,,,,state,50,no,park,none,,"The live ranges of this slot, as cue pairs: the cue that claims it and the cue whose row the claim is released at, space-separated, one pair after another. The data behind PRD 3.9c-s usage-over-show-time plot, which Phase 5 draws. Read in list order rather than in seconds because a manual list has no time between GOs; inside a timeline or an automatic chain the analysis knows the seconds too and uses them to decide overlap, but a pair of cues is what a plot can draw and a person can read."
slot,overlaps,s,r,,,,state,50,no,park,none,,"The pairs of cues whose live ranges intersect on this slot, space-separated. A WARNING AND NEVER A REFUSAL (PRD 3.9c): the analysis is conservative by design - it reports overlap it cannot prove impossible - so a show with an ambience looping for ever and two cues on one processor input reports an overlap that is correct, unavoidable and completely fine. Marking either cue-s Feed or Insert shared says the sharing was meant and silences that pair."
processorInput,address,s,rw,,,,state,50,no,park,show,,"The address of the input this slot is, under its own mount-s prefix: /wfs/input/3 and not input 3. The parameters underneath it - a position, a send, an LFO rate - are ordinary mounted nodes that an osc cue writes; this says which of them belong to the source a cue claims, which is what stops two cues fighting over one trajectory (PRD 3.9b)."
processorInput,width,i,rw,1,1..,,state,50,no,park,show,,"How many channels the input takes. Explicit and never inferred, like a bus-s: PRD 3.9b refuses a silent downmix or upmix, and a slot is the one destination where width is enforced, because a slot has one and a bus is a summing point that does not care."
processorInput,bus,s,rw,,,,state,50,no,park,show,bus,"The bus that carries audio into this input. A slot is a routing and a claim in one object: the audio reaches the processor through an ordinary bus, and the claim is what keeps a second cue out of the position and the LFO state behind it. Two separate objects would let a show route a cue somewhere it had not claimed."
processorInput,firstChannel,i,rw,0,0..,,state,50,no,park,show,,"Where in that bus this slot-s channels begin, counting from zero. The attribute that makes one wide send ordinary: a rig feeding a twelve-input processor has one twelve-channel bus rather than twelve buses, and the third input is channel two of it. Exactly bus/firstChannel-s idea one level down. firstChannel + width must fit inside the bus, checked when the show loads."
rackChannel,class,s,rw,mono,mono|monoToStereo|stereo,,state,50,no,park,show,,"What this channel takes in and puts out. Stereo-to-mono is deliberately absent (PRD 3.18) and wider comes later. The class is the type a claim is matched against, the way a processor input-s width is."
rackChannel,access,s,rw,exclusive,exclusive|shared,,state,50,no,park,show,,"Whether a cue holds this channel alone. A per-source insert is exclusive and is allocated; a reverb many cues send into is SHARED, which PRD 3.9e says is a bus with a chain rather than a slot - declared and published here, and never claimed."
rackChannel,plugins,s,r,,,,state,50,no,park,none,,"The plugins of this channel chain, by id, space-separated, in the order they process - the order of the Plugin children, which is the order of the track the graph builds for the channel. What a mic cue through the channel switches in and sets (PRD 3.18, decision BX)."
rackChannel,latencySamples,i,r,0,0..,samples,state,10,no,park,none,,"What the chain declares with every plugin in, in samples - the worst case, shown when somebody adds a plugin rather than discovered on the night. A mic cue is late only by what it switches in (namespace draft 18.7)."
rackChannel,takeSeconds,d,rw,0,0..600,s,state,50,no,park,show,,"The longest take this channel records, in seconds (Phase 9c, namespace draft 19.2): above nought the channel carries a recorder between its plugins before it and after it, and nought is no recorder - the channel of 9b. What it costs is memory, set aside and touched when the graph is built, never when Rec is pressed: (1 + layers) times this, at the rate, two channels, four bytes a sample. A change takes effect at Load now, and empties the take the channel held."
rackChannel,layers,i,rw,4,1..16,,state,50,no,park,show,,"How many passes the recorder keeps on top of the take, each undoable one at a time (decision CA). A channel that has used them all refuses another pass, in words, until one is undone or the take cleared. Part of the memory the take sets aside; a change takes effect at Load now."
rackChannel,takeMemory,d,r,0,0..,MB,state,1,no,park,none,,"What the graph has set aside for this channel's take tonight, in megabytes - nought with no recorder, or before a graph is built. It moves at Load now, not when takeSeconds or layers do, which is how the Rack tab knows a change is still waiting."
rackChannel,takeProblem,s,r,,,,state,1,no,park,none,,"The last thing the take did by itself or refused, in a sentence - the take was cleared because the rate or its size changed at Load now. Empty when there is nothing to say."
rackChannel,take,s,r,empty,empty|recording|looping|overdubbing|held,,state,5,no,park,none,,"What the take is doing, in a word (Phase 9c, namespace draft 19.3): empty; recording its first pass; looping; overdubbing, a layer being laid while it loops; or held, a take kept silent - its cue ended, or GO said wait. It moves with the take verbs and with what the audio thread reports, never with anything the channel happens to be sounding."
rackChannel,takeLength,d,r,0,0..,s,state,5,no,park,none,,"How long the take is, in seconds, as the audio thread closed it - a Rec pressed, or the take reaching its longest. Nought while it records its first pass and when it is empty."
rackChannel,takeLayers,i,r,0,0..16,,state,5,no,park,none,,"How many layers lie on the take, the one being laid not counted. Undo takes the top one off, never the take."
rackChannel,playhead,d,r,0,0..,s,state,20,no,park,none,,"Where the loop is playing, in seconds into the take - for the picture and the running pane, read off the audio side a tick at a time. Not in the log: a replay has no audio and reads nought."
rackChannel,loopIn,d,rw,0,0..,s,state,50,no,park,none,,"Where the loop starts, in seconds into the take (decision CQ): tonight's, never the show's, answered in front of the document by the take's door, logged as the node.set it is, never a step of the history and allowed under the lock. Kept inside the take and at least two crossfades before the out point; set to the take's start each time a take closes. The loop plays on through every move."
rackChannel,loopOut,d,rw,0,0..,s,state,50,no,park,none,,"Where the loop ends and wraps to the in point, crossfaded, in seconds into the take - the in point's partner, by the same door and the same rules; set to the take's end each time a take closes."
rackChannel,keeping,T,r,false,,,state,5,no,park,none,,"Whether a Keep is writing this channel's take into the show's media now (Phase 9c, namespace draft 19.8). While it is, Undo and Clear and another Keep are refused busy, so the file is the take that was asked for."
rackChannel,kept,s,r,,,,state,5,no,park,none,,"The file the last Keep wrote, relative to the show's media - takes/Looper take 3.wav - or empty. Named by the writer, which found it free on the disk, and logged with take.kept so a replay reads the same name."
feed,slot,s,rw,,,,state,50,no,park,show,slot,"The processor input this cue feeds. A cue-s destinations are a list, not a choice (PRD 3.9b): a source into WFS plus a stereo feed to foldback is ordinary, so a Feed sits beside a Route rather than instead of one."
feed,gains,d*,rw,,,,state,50,no,park,show,,"The coefficients from the cue-s channels to the slot-s, row by row, exactly as a route-s are. Its length is the cue-s channel count times the slot-s width, and a length that does not match is refused when the show loads. Required rather than defaulted to an identity: PRD 3.9b says width is explicit and never automatic, and what keeps that from being tedious is copy-assignment and multi-select edit rather than a default that is right until it is not."
feed,shared,T,rw,false,,,state,50,no,park,show,,"This cue is MEANT to share the slot with another. PRD 3.9c-s -allow marking deliberate sharing-: the live-range analysis is conservative by design and reports overlaps it cannot prove impossible, so this is how a designer says of one pair that they considered it. It silences that pair-s warning and nothing else."
feed,cue,s,r,,,,state,50,no,park,none,,"The cue this destination belongs to, derived from where it sits. A Feed is addressed by identity like every other object (§1), so this is how a client that found one gets back to the cue that owns it - the same answer range/cue gives."
send,bus,s,rw,,,,state,50,no,park,show,bus,"The mix channel this send feeds. One Send per bus per cue: a second naming the same one is refused when it is created, because two sends into one mix are a level nobody can read off a fader."
send,level,d,rw,0,-120..12,dB,state,50,no,park,show,,"How loud this cue arrives at that mix channel, on top of the cue-s own level - so a fade on the cue moves every send with it, which is what a designer means by fading a cue. -120 dB is silence rather than a very small number: a send at silence contributes no coefficient at all, and a track with nothing to add costs nothing to mix."
send,on,T,rw,true,,,state,50,no,park,show,,"Whether this send is in the mix. Off contributes nothing and keeps its level, so switching it back on brings back the same send - the press of its rotary on a surface page (author, 2026-09-25). Unlike a send at silence, an off send still says what level it would arrive at."
send,levelLane,d*,rw,,,,state,50,no,park,show,,"A curve over the file that this send follows, as (seconds, level) pairs: seconds of the FILE from its start, as the cue's own levelLane, and a level in dB within -120..12. An OFFSET on this send's level - beside what the lock is riding and what a fade moved it to tonight - so nought is the send as written, and the other sends and the cue's level are untouched. Straight in dB between two points; before the first it holds the first, after the last the last; every pass of a looping range hears the same stretch of it again. A media cue's send only: a mic cue has no file to follow. Empty, the default, is no lane (namespace draft 28)."
send,live,T,r,false,,,state,50,no,park,none,,"Whether a locked show is riding this send live - its level or its switch held in place of the saved one, or the whole send made under the lock and not in the show yet (author, 2026-09-25)."
send,cue,s,r,,,,state,50,no,park,none,,"The cue this send belongs to, derived from where it sits. As feed/cue."
fx,plugin,s,rw,,,,state,50,no,park,show,plugin,"Which entry of the show-s set this cue switches in, by the entry-s id - the id and not the scan-s identifier, because a set may hold one plugin twice and a cue must say which. One Fx per entry per cue: a second naming the same one is refused when it is created, because an entry is on the voice once."
fx,enabled,T,rw,true,,,state,50,no,park,show,,"Whether the plugin is in this cue-s signal. Off keeps the values and takes the plugin out - the click that switches an insert in and out on a page - and costs the voice nothing: a proxy that is off is never signalled."
fx,values,s,rw,,,,state,50,no,park,show,,"The parameter values this cue sets, as index:value pairs space-separated, each value normalised 0..1 as the plugin takes it, and only the parameters somebody changed: one absent rests at the set entry-s preset. Writable whole for a script; a hand writes ONE parameter through the p<n> nodes beneath, one node a parameter, so a rotary-s turn is one address and one undo step (PRD 4.10)."
fx,stateFile,s,rw,,,,state,50,no,park,show,,"The whole state of the plugin for this cue, as a file under the plugins/ folder of the bundle, by name - state/ then the entry-s id and the start of a hash of the bytes - or empty for the preset of the entry. What the own window of the plugin changes that is not a parameter (an impulse response, a sample, a mode) is kept here, captured by the editing helper a moment after the hand stops (author, 2026-09-25); it is loaded onto the voice when the cue is armed, before it may launch, and values sit on top of it. Files are never changed once written, so undo points the row back at an older one. A file and not the bytes, for the reason media/file is."
fx,cue,s,r,,,,state,50,no,park,none,,"The cue this insert belongs to, derived. As send/cue."
fx,name,s,r,,,,state,50,no,park,none,,"The plugin-s name, read off the set entry, so a page can say which insert it is on without a second lookup."
fx,index,i,r,0,0..,,state,50,no,park,none,,"Where the plugin sits in the chain, from nought: its position in plugins/order, which is the order every voice processes in, whatever order this cue-s Fx children sit in."
fx,problem,s,r,,,,state,5,no,park,none,,"Why this insert, switched in, plays its cue dry, in one sentence - the cue wider than the plugin takes, or the plugin would give it back narrower - and empty when it takes the cue (2026-09-26). Never half the cue wet and half dry."
fx,live,s,r,,,,state,50,no,park,none,,"The parameters a locked show is riding live on this insert, by index, space-separated, empty when none is (2026-09-26, the FX page). As media/live: heard at once, written to nothing, until the show is unlocked and somebody keeps or discards them. The values row and the p<n> nodes publish the values heard."
insert,channel,s,rw,,,,state,50,no,park,show,rackChannel,"The rack channel this cue processes through. In Phase 4 the claim is bookkeeping and changes no sound: the pool and its claims are this phase-s, and the tracks, the sends and the plugins inside a channel are Phase 9-s (PRD 3.18)."
insert,shared,T,rw,false,,,state,50,no,park,show,,"As feed/shared, for an exclusive channel two cues are meant to share."
insert,cue,s,r,,,,state,50,no,park,none,,"The cue this insert belongs to, derived. As feed/cue."
surfaces,order,s,r,,,,state,50,no,park,none,,"The identifiers of the surfaces the show declares, in document order, space-separated. The order matters: a sampler group fills the sampler strips of every surface counted in this order and then by each strip's index, left to right."
surfaces,aim,s,r,,,,state,50,no,park,none,,"The media cue a surface-s rotaries edit on its EQ and Send pages, by identifier, or empty. One cue for every surface, set by surface.aim - a SELECT on a sample strip, or a click on a running cue-s name in the window (author, 2026-09-25). Not the window-s pick and not the list GO acts on: picking a row in the cue list does not move it. Empty when the cue it named is gone. What the hands are on tonight, so never stored (PRD 4.10)."
surfaces,dial,s,r,,,,state,50,no,park,none,,"The number the master dial of the control surfaces turns, by its address, or empty. The last number clicked or touched in the window-s inspector or foot panel, set by surface.dial; it stays on that cue-s row when the pick moves, and the dial-s click lets it go (author, 2026-09-26). Empty when what it named is gone. What the hands are on tonight, so never stored (PRD 4.10)."
surfaces,lane,s,r,,,,state,50,no,park,none,cue,"The media cue the fader surfaces are flipped to, by identifier, or empty: set by lane.arm, which flips every fader surface to the cue-s level and sends, and kept across its passes until lane.free, a lane.arm with nothing, a double Esc, or the lock. Tonight-s, never the show-s (namespace draft 34)."
surfaces,laneRec,s,r,,,,state,50,no,park,none,,"The lanes armed to be written, by key, space-separated: level for the cue-s level lane, and the identifier of each mix whose send lane is armed. Set by lane.rec - a strip-s REC while the faders are flipped - before a pass or during one, and kept across passes until the faders are flipped back (namespace draft 34)."
surfaces,laneRecording,T,r,false,,,state,50,no,park,none,,"Whether a pass is running: the flipped cue playing with every fader following its lane, and each armed lane-s hand heard and written from its first touch until the pass stops (latch)."
surfaces,laneRide,d,rw,0,-120..12,dB,state,50,no,park,none,,"What the flipped level fader rides: the cue-s written level plus its lane, where the file is - where it starts, outside a pass - and, once its lane is armed and touched in a pass, the hand-s level, held after the hand lets go and written into the lane as the difference from the written level. Written by the fader through node.set, in front of the document like a trim; never a step of undo, and ignored unless its lane records (namespace draft 34)."
surfaces,lanePass,s,r,,,,state,50,no,park,none,,"What the last pass ended in, for a client to say rather than end in silence: the tick it ended on, its cue, then kept with the points it wrote, the first and last second they span and the lanes it wrote, untouched when nobody rode an armed fader while the cue sounded, locked when the show was locked under the pass and the lanes kept as they were, or dropped when a kill took the pass. Empty until a pass has ended in this session (namespace draft 30.4, 34)."
surface,name,s,rw,,,,state,50,no,park,show,,"What the show calls this surface - 'The D700', 'Pads by the desk'. A name for people; the profile says what the hardware is."
surface,profile,s,rw,virtual,virtual|mcu|d700|midiPads,,state,50,no,park,show,,"What kind of surface this is, which decides how its strips are driven and what each one has (PRD 3.16: a device profile is topology plus protocol). virtual is the desktop client's own panel and needs no port; mcu is a Mackie Control unit, eight fader strips per port; d700 is the Asparion D700, Mackie plus its native display, colour and rings, eight strips per port; midiPads is a pad controller sending notes with velocity and pressure. Changing it changes how the strips are driven and leaves the strips as they are."
surface,ports,s,rw,,,,state,50,no,park,show,port,"The declared ports this surface is reached through, by identifier, space-separated, in bank order: the first port carries strips one to eight, the second nine to sixteen. The bank is the port and never the message (docs/D700_CONTROL_GUIDE.md 1.1), which is why this is a list. A virtual surface has none."
surface,preset,s,rw,,,,state,50,no,park,show,,"The preset the hardware must be set to for this profile to read it - Mackie for the D700 - written down and shown to the operator, never detected: two presets can differ by one button, and a surface cannot be fingerprinted from its traffic (docs/godot-asparion-d700-protocol-0.1.md 5)."
surface,enabled,T,rw,true,,,state,50,no,park,show,,"Whether the engine drives this surface at all. Off, nothing is sent to it and nothing it sends is heard; its strips still exist and are still filled, so a surface left in the van is still part of the layout the show was written for."
surface,channel,i,rw,0,0..16,,state,50,no,park,show,,"midiPads: the channel the pads send on, one to sixteen, or nought for any."
surface,firstNote,i,rw,36,0..127,,state,50,no,park,show,,"midiPads: the note the first pad sends; the strips follow it upwards, one note each. 36 is where most pad controllers start."
surface,strips,i,r,0,0..,,state,50,no,park,none,,"How many strips this surface has, counted off its Strip children. Read-only because a strip is an object: surface.create makes the ones its profile implies, strip.create adds one, and object.delete takes one away."
surface,connected,T,r,false,,,state,50,no,park,none,,"Whether the engine is talking to this surface tonight: every port it names is bound, with rx and tx on. A virtual surface is always connected, being the client's own. What the machine found and never what anybody decided, so it is published and never stored."
surface,problem,s,r,,,,state,50,no,park,none,,"Why it is not, in one sentence - a port with no device behind it, a port whose rx or tx is off, a profile that names no port - and empty when it is."
surface,serial,s,r,,,,state,50,no,park,none,,"The serial the hardware reported when it was asked who it is, and empty until it has answered. Nothing depends on it; it is the one identifier that survives the operating system renumbering the ports."
surface,page,s,r,show,show|eq|send|fx|loop,,state,50,no,park,none,,"What this surface-s rotaries are showing: show is its normal page, eq the aimed cue-s EQ, send its send levels (author, 2026-09-25), fx the parameters of its inserts, walked in chain order (2026-09-26), loop the take of the aimed mic cue-s channel - in, out, a slide of both and the cue-s level (Phase 9c). The surface-s own, changed by its EQ, Send, FX, Pan and star buttons and by no command - which page a controller shows is where its hands are looking, like the window-s selection. Published so the window can open the foot panel on the aimed cue while a surface adjusts it."
surface,pageIndex,i,r,0,0..,,state,50,no,park,none,,"Which page of that kind the surface shows, from nought: an eight-rotary surface shows the EQ-s higher bands on page one."
surface,pageCount,i,r,1,1..,,state,50,no,park,none,,"How many pages of that kind there are on this surface - the EQ-s sixteen controls on sixteen rotaries are one page, on eight are two; the sends are one a rotary."
surface,edited,s,r,,,,state,50,no,park,none,,"The address this surface-s page last wrote, or empty since the page came up: how the window knows the surface is adjusting, and which control it moved."
strip,surface,s,r,,,,state,50,no,park,none,,"The surface this strip belongs to, derived from where it sits."
strip,index,i,r,0,0..,,state,50,no,park,none,,"Where it sits on its surface, from nought: fader one is index nought. Derived from the element's position among the surface's strips, as a range's index is."
strip,role,s,rw,sampler,sampler|dca,,state,50,no,park,show,,"What this strip is for (PRD 3.9a, 3.27): a sampler strip is filled by whichever sampler group is armed - by the member whose strip row names it, or else automatically in member order across the sampler strips of every surface; a dca strip is pinned to one DCA and never reassigned. The two may be mixed on one surface."
strip,dca,s,rw,,,,state,50,no,park,show,dca,"The DCA a dca strip rides, by identifier. Read only when the role is dca; a dca strip naming nothing says unassigned and moves nothing."
strip,endpoint,s,r,absolute,absolute|gate,,state,50,no,park,none,,"What the strip's hand control is (PRD 3.16): absolute is a fader, whose position is the value; gate is a pad, a press and a release with a velocity at the press. Derived from the surface's profile - midiPads strips are gates and every other profile's are faders - and published so a client draws the right thing and the engine knows how a clip on it starts: a touch on a fader, a press on a pad."
strip,target,s,r,,,,state,50,no,park,none,,"The node this strip is riding now: /godot/dca/<id>/trim for a dca strip, /godot/run/<id>/trim for the run holding a sampler strip, and empty when nothing is on it. A surface or a panel writes THIS address with node.set and holds it with node.touch; it changes at every handover, which is how one fader rides a different sound after a bank change."
strip,word,s,r,free,free|dca|unassigned|armed|pending|playing|held|stopping|closing|lane|rec|off|recording,,state,50,no,park,none,,"What the strip is doing, in a word for the display and never colour alone (PRD 4.8): free with nothing on it; dca, or unassigned for a dca strip naming no DCA; armed when the member on it is ready and not yet launched; pending while the member waits for the strip or for a voice; playing; held while a pad is down on it; stopping; closing when the group holding it has been taken over and its clip is finishing; lane while the faders are flipped to a cue and its lane is not armed, rec when it is, off for a send switched off, and recording while it is written in a pass (namespace draft 34)."
strip,cue,s,r,,,,state,50,no,park,none,,"The member cue on this strip, by identifier - the run holding it, or the first run waiting for it - so a display can show a name and a number. Empty on a dca strip and on a free one."
dcas,order,s,r,,,,state,50,no,park,none,,"The identifiers of the DCAs the show declares, in document order, space-separated."
dca,name,s,rw,,,,state,50,no,park,show,,"What the DCA is called - 'Band', 'Ambiences', 'Everything' - which is what a client and a wide display show."
dca,shortName,s,rw,,,,state,50,no,park,show,,"The name for a seven-character scribble strip, written by somebody rather than cut by the machine (PRD 3.16). Empty, a display cuts the name to its width."
dca,dca,s,rw,,,,state,50,no,park,show,dca,"The DCA this one sits inside, by identifier, or empty at the top. A nested DCA adds its parent's trim to its own (PRD 3.28), so Everything over Band over one guitar is three terms in one sum. A cycle is refused when it is written and when the show loads, because no reading of it says what anything should play at."
dca,trim,d,rw,0,-120..12,dB,state,50,no,park,none,,"The trim this DCA is applying now, in dB, added to the level of every run whose cue is marked with it and of every run under a group so marked. Nought is the resting value and what a show opens with. Never stored: it is what a fader is doing tonight and not a decision about the show (PRD 4.10), which is also why writing it is not undoable. Written with node.set from a strip, a panel or the page, and moved by a fade cue that names this DCA."
plugins,changed,T,r,false,,,state,5,no,park,none,,"Whether the show's set differs from the audio graph playing it - an entry added, taken out or moved since the graph was built (2026-09-26). The graph is fixed when it is built (PRD 3.25), so a changed set sounds as it was until plugin.load rebuilds the graph, which Show settings, Plugins offers as Load now. False when there is no graph to differ from."
plugins,order,s,r,,,,state,50,no,park,none,,"The identifiers of the plugins the show declares, in document order, space-separated - which is the ORDER OF THE CHAIN on every voice: the EQ first, then these in this order, then the output stage of the cue. The inserts of a cue process in this order whatever order its Fx children sit in."
plugin,name,s,rw,,,,state,50,no,park,show,,"What the plugin is called on screen and on a scribble strip - the name the scan gave when it was added, editable since two instances of one plugin in a set want telling apart."
plugin,identifier,s,r,,,,state,50,no,park,show,,"The plugin as the machine knows it: the identifier string of JUCE from the scan, fixed at creation and written only by plugin.create. What this show needs; whether the machine of tonight has it is state."
plugin,format,s,r,,VST3|AU|LV2,,state,50,no,park,show,,"Which kind of plugin it is, from the scan: VST3 on every platform, LV2 on every platform since 2026-09-26, AU on macOS. JUCE names an AU AudioUnit; the show says AU."
plugin,path,s,r,,,,state,50,no,park,show,,"Where the file was on the machine it was added from. A fact about that machine kept for the operator who has to find it on another; the identifier is what a load resolves by."
plugin,preset,s,rw,,,,state,50,no,park,show,,"The preset the plugin is put into when the show opens: a .vstpreset file under the plugins/ folder of the bundle, by name, or empty for the own defaults of the plugin. Applied once per instance in the child; the own values of a cue sit on top of it, so a parameter a cue does not mention rests at the value of this preset. A file and not the bytes, for the reason media/file is."
plugin,side,s,rw,after,before|after,,state,50,no,park,show,,"On a sampling channel's plugin (Phase 9c, decision BZ): before the recorder, and what it does is printed into the take, or after the player, and it is heard as the take loops and can be changed without recording again. After by default, so a plugin on a channel that had no recorder stays where it was heard. On a channel with no recorder, and on the set's plugins, it does nothing. A change takes effect at Load now, as the chain's order does."
plugin,state,s,r,unloaded,unloaded|loading|loaded|missing|failed,,state,5,no,park,none,,"What became of it tonight: unloaded before the graph of the show is built and on a machine with no audio; loading while the child brings its instances up; loaded when every voice has one; missing when the scan does not know the identifier; failed when the child died or stopped answering - and then every voice that has it switched in is silent, never dry, and nothing calls it until it is back."
plugin,problem,s,r,,,,state,5,no,park,none,,"Why it is not loaded, in one sentence - the identifier is not in the scan, the plugin took neither the voice's channels, stereo nor mono on its main buses, the child died after 8 misses, it was added since the audio graph was built - and empty when it is."
plugin,inputs,i,r,0,0..64,,state,5,no,park,none,,"How many channels the plugin takes on its main input, as it agreed to be laid out on a voice (2026-09-26): the voice's width, or stereo, or mono, asked in that order. A cue wider than this passes the plugin dry, whole, never half wet. Nought before the child has said."
plugin,outputs,i,r,0,0..64,,state,5,no,park,none,,"How many channels the plugin gives back on its main output. A plugin whose outputs are wider than its inputs - one in, two out - makes a mono cue stereo; one that would make a cue narrower than it went in passes it dry. Nought before the child has said."
plugin,layout,s,r,,,,state,5,no,park,none,,"The two widths in words - stereo in, stereo out; mono in, stereo out - for the Plugins tab and the FX chain. Every other bus the plugin has, a sidechain above all, is fed silence."
plugin,latencySamples,i,r,0,0..,samples,state,5,no,park,none,,"The delay the plugin itself declares, uncompensated: the proxy declares none and PDC is off, so a cue through this plugin is late by this many samples while it is enabled, on that voice only. Nought until the child reports it."
plugin,paramCount,i,r,0,0..,,state,5,no,park,none,,"How many parameters it has, from the catalogue - the cache from the last time this identifier was loaded on this machine, or the child tonight. Nought when neither has answered; the nodes under param/ count to it."
plugin,stateLoadMs,d,r,0,0..,ms,state,5,no,park,none,,"How long the last whole state of a cue took to load onto a voice of this plugin, in milliseconds: a cue armed at GO rather than in standby is late by about this much. Nought until one has loaded."
plugin,stateProblem,s,r,,,,state,5,no,park,none,,"Why the last whole state of a cue could not load onto a voice - the file is not in the bundle, the plugin refused it - and then that voice plays the preset with the own values of the cue; empty when it loaded."
video,source,s,rw,fill,fill|mask|picture|movie|capture,,state,50,no,park,show,,"What the cue puts on its canvas (namespace draft 35, the author's words): a fill, one flat colour over the whole canvas, sitting behind; a mask, a shape laid over what is under it; a picture, an image file; a movie; a capture, the picture a video input brings in from another program (namespace draft 44, YC). One element for every source (VE), because the canvas, the layer, the opacity and the blend are the same whatever it shows."
video,canvas,s,rw,,,,state,50,no,park,show,canvas,"The canvas it is laid onto, by identifier. Empty puts it nowhere: the cue runs and shows nothing, and wfg validate says so before the show."
video,videoInput,s,rw,,,,state,50,no,park,show,videoInput,"The video input a capture shows, by identifier (namespace draft 44, YC): the picture another program sends, placed, graded, faded and blended as a picture is. Many cues may show one input. Read by nothing but a capture. Not `input`, which is a mic cue's rack input at the same cue address."
video,videoInsert,s,rw,,,,state,50,no,park,show,videoInsert,"The video insert the cue's picture goes through, by identifier, or empty for none (namespace draft 44, YE): the picture after its source and grade, at its own size, sent to another program, and what comes back shown in its place - placed, faded and blended as the cue says (YF). Switched on and off by this row, as a sound switches in a plugin of the set. One cue at a time: of two through one insert the later has it and the other shows black (YG); black too while nothing comes back. Not `insert`, a sound's plugin's."
video,layer,i,rw,0,0..999,,state,50,no,park,show,,"Where it lies in the canvas's stack: higher is on top, and of two on the same layer the one brought up later (VI). An integer per cue and never the list's order, which changes all through a technical rehearsal and would silently restack the picture (PRD 3.19b)."
video,blend,s,rw,normal,normal|add|screen|multiply,,state,50,no,park,show,,"How it lies on what is under it, in display space (namespace draft 35, VD): normal covers it by its opacity; add adds its light; screen lightens as two projectors on one wall do, never past white; multiply darkens, as a gel does. Each at the layer's opacity."
video,opacity,d,rw,100,0..100,%,state,50,no,park,show,,"How solid it is, as decided, in % (the author's unit, namespace draft 36, VR): 100 covers what is under it, nought is not there. Not what it is doing - a fade moves the run and leaves this alone, as a cue's level is left alone."
video,dca,s,rw,,,,state,50,no,park,show,dca,"The DCA this cue is assigned to, by identifier, or empty - a mark on the member as a sound's is (PRD 3.28). The DCA's trim, and the trim of every DCA it sits inside and of every group's above the cue, turn into how solid the picture is (namespace draft 37.5, WE, the author's): nought dB and above is the opacity as it stands, -120 dB is nothing, and between the two the picture follows the show's fader travel - half way up the fader is about half way faded. Never more solid than the cue's own opacity."
video,paint,s,rw,#000000,,,state,50,no,park,show,,"The colour of a fill or a mask, as #RRGGBB, which the inspector calls Colour (VG): cue/colour is the cue's tint in the list, and every row of a cue shares its address. Black by default - a mask's usual colour, and a fill of black is the plate that covers what is under it."
video,fadeIn,d,rw,0,0..,s,state,50,no,park,show,,"How long GO takes to bring it from nothing to its opacity. Nought puts it up on the frame it is due."
video,file,s,rw,,,,state,50,no,park,show,,"A picture's file, as a path relative to the bundle's media/ folder, as a sound's is. Read by the renderer as soon as its cue is the standby; GO only shows it, and a picture not read yet stays black until it is (namespace draft 36, VX). A file that is missing is said when the show loads and leaves the picture black, never the show unopened."
video,fit,s,rw,fit,fit|fill|stretch,,state,50,no,park,show,,"How a picture meets its canvas (VO, the author's three): fit shows the whole picture, its shape kept, with bars where it does not reach; fill covers the canvas, its shape kept, the overflow cropped; stretch covers the canvas and distorts the picture. Scale, offset and the turn apply after."
video,scale,d,rw,100,0..1000,%,state,50,no,park,show,,"How large, in % of the fitted size (VQ): 100 is as the fit leaves it. A fade moves it (fade/video pairs)."
video,offsetX,d,rw,0,-1000..1000,%,state,50,no,park,show,,"How far right of the canvas's middle, in % of the canvas's width (VQ): 100 is a whole canvas over. Negative is left. A fade moves it."
video,offsetY,d,rw,0,-1000..1000,%,state,50,no,park,show,,"How far up from the canvas's middle, in % of the canvas's height (VQ, VT: up is up). Negative is down. A fade moves it."
video,rotation,d,rw,0,-3600..3600,deg,state,50,no,park,show,,"How far it is turned about its own centre, clockwise, in degrees (VT). A fade moves it, and several turns are a fade's to make."
video,flipH,T,rw,false,,,state,50,no,park,show,,"Mirrored left to right about its own centre, before the turn."
video,flipV,T,rw,false,,,state,50,no,park,show,,"Mirrored top to bottom about its own centre, before the turn."
video,rate,d,rw,1,-20..20,x,state,50,no,park,show,,"A movie's speed, as a sound's (namespace draft 37, WA): one is the file's own, a half takes twice as long, two half as long; nought holds the frame. A fade moves it (fade/video pairs). Proposed, waiting for the author. Below nought the movie plays backwards (namespace draft 41, WX); a movie played as a preview through FFmpeg holds its frame instead, since it decodes forwards only."
video,startOffset,d,rw,0,0..,s,state,50,no,park,show,,"How far into the movie it begins, in seconds of the file, as a sound's start offset - and like a sound's, refused beside Ranges, which say where it plays instead (namespace draft 37.5, WL). A movie with no Range plays once from here to its end."
video,duration,d,r,0,0..,s,state,1,no,park,none,,"How long a movie's file is, in seconds, as a sound's duration: read when the show opens, and by the analyser for a file that arrives later; nought until it is known, and for a fill, a mask or a picture. What a Range's out point is held inside."
video,contrast,d,rw,100,0..400,%,state,50,no,park,show,,"A picture's or a movie's contrast about mid-grey, in % (namespace draft 36, VP, VU): 100 changes nothing, nought is flat grey. Applied after the gamma."
video,saturation,d,rw,100,0..400,%,state,50,no,park,show,,"How far its colours stand from grey, in %: 100 changes nothing, nought is black and white."
video,gamma,d,rw,1,0.1..10,,state,50,no,park,show,,"Its gamma: above one brightens the middle tones, below one darkens them; the ends stay where they are. Applied first."
video,hue,d,rw,0,-180..180,deg,state,50,no,park,show,,"Its colours turned round the colour wheel, in degrees; nought changes nothing."
video,curveLuma,d*,rw,,,,state,50,no,park,show,,"The luminosity curve, on all three channels, as (in, out) pairs 0..1, straight between; empty is no curve (VU). Applied after the saturation, before each colour's own."
video,curveRed,d*,rw,,,,state,50,no,park,show,,"The red channel's curve, after the luminosity curve, as (in, out) pairs 0..1."
video,curveGreen,d*,rw,,,,state,50,no,park,show,,"The green channel's curve, as (in, out) pairs 0..1."
video,curveBlue,d*,rw,,,,state,50,no,park,show,,"The blue channel's curve, as (in, out) pairs 0..1."
video,shape,d*,rw,,,,state,50,no,park,show,,"A mask's outline, as (x, y) corners in 0..1 of the canvas from its top-left corner - x to the right, y down - at most 64, filled even-odd (namespace draft 35, UY, VF). Fewer than three is no shape: nothing is covered, or everything when inverted."
video,feather,d,rw,0,0..,px,state,50,no,park,show,,"How soft a mask's edge is, in canvas pixels across it; nought is a hard edge."
video,invert,T,rw,false,,,state,50,no,park,show,,"Whether a mask covers what is outside its outline rather than inside - the spill round a set, with the set left clear."
cueTemplates,order,s,r,,,,state,50,no,park,none,,"The identifiers of the show-s cue templates, in document order, space-separated (namespace draft §38): the order the Add menu offers them in."
cueTemplate,name,s,rw,,,,state,50,no,park,show,,"What the template is called in the Add menu and in Apply template - Voice, Ambience bed, Projection left (namespace draft §38). A template is a set of a cue-s settings kept in the show, a new cue born with them; it never names a file."
cueTemplate,kind,s,r,media,media|movie|picture|fill|mask,,state,50,no,park,show,,"What kind of cue the template makes, fixed when it is saved from a cue: a media cue, or a video cue of one source - a movie, a picture, a fill or a mask. The Add menu offers it beside cues of that kind."
cueTemplate,parts,s,r,,,,state,50,no,park,show,,"What the template carries, as the fragment `cue.pastePart` takes: a <Fragment part=""…""> holding a stripped copy of the cue it was saved from (namespace draft §38, WP: everything not bound to the file - level, DCA, routing, colour, EQ, sends, effects, speed, how a sample answers a hand; a picture-s canvas, layer, blend, opacity, geometry, grade and mask). Written by `cueTemplate.create` and `cueTemplate.save`, read by `cueTemplate.apply` and `cue.createFrom`. A template is stamped into a cue, never linked (PRD 4.12): a template saved again changes no cue already made."
canvases,order,s,r,,,,state,50,no,park,none,,"The identifiers of the canvases the show declares, in document order, space-separated."
canvas,name,s,rw,,,,state,50,no,park,show,,"What the canvas is called - Stage, Cyclo - in every menu that offers one. A canvas is the flat picture video cues are laid onto (namespace draft 35, the author's word; a surface in QLab's)."
canvas,width,i,rw,1920,16..16384,px,state,50,no,park,show,,"How wide the canvas is, in pixels. The pictures are laid out on it and each output's mapping picks the part it shows."
canvas,height,i,rw,1080,16..16384,px,state,50,no,park,show,,"How high the canvas is, in pixels."
canvas,level,d,rw,100,0..100,%,state,50,no,park,show,,"How much of the canvas reaches its outputs, in percent: 100 all of it, nought black (namespace draft §38, WT, proposed). It takes the whole composited picture towards black at once - two layers stacked go down together as one picture, never each turning see-through over the other - after the layers and before each output-s mapping. The canvas-s DCA multiplies it."
canvas,dca,s,rw,,,,state,50,no,park,show,dca,"The DCA this canvas is assigned to, by identifier, or empty (namespace draft §38, the author-s request of 2026-10-07: a DCA can be set on sound and on pictures, and the balance is the user-s). Its trim, and that of every DCA it sits inside, turns into how much of the canvas shows along the fader-s travel, as a cue-s does (37.5, WE): nothing at -inf, the canvas-s level at 0 dB and above. It counts at each place (WQ): a picture cue marked with the same DCA is taken down by it as well."
canvas,tint,s,r,,,,state,10,no,park,none,,"What the canvas shows, as one colour: the average of its composite, its level in it, as #RRGGBB (namespace draft §38, WR). Ten times a second, from the renderer; empty while none runs. What a DCA strip-s ring shows of a canvas the DCA rides."
videoOutputs,order,s,r,,,,state,50,no,park,none,,"The identifiers of the video outputs the show declares, in document order, space-separated."
videoOutputs,displays,s,r,,,,state,1,no,park,none,,"The displays this machine has, one per line, by the name the system gives each (VL). NEWLINE and not space, because a display's name contains spaces. Read from the renderer, which is the program that opens them; empty until it has started."
videoOutputs,renderer,s,r,stopped,stopped|starting|running|failed,,state,5,no,park,none,,"How the program that draws the pictures is (UV): stopped while the show has no output, starting, running, or failed - and then it is started again, and what was up is drawn again (VC)."
videoOutputs,rendererProblem,s,r,,,,state,5,no,park,none,,"Why the renderer last failed, in one sentence, and empty when it has not."
videoOutputs,ffmpeg,s,r,,,,state,50,no,park,none,,"Where FFmpeg was found on this machine, or empty: beside Go.dot, where WFG_FFMPEG says, or on the path (namespace draft 37.5, WG). Without it a movie that is not HAP neither previews nor converts, and HAP plays as ever."
videoOutputs,conversions,s,r,,,,state,50,no,park,none,,"The movies asked to be converted to HAP this session (namespace draft 37.6, F.3), one line each: the file as the show names it, then a tab, then waiting, converting, done, failed or cancelled, a tab, how far in %, a tab, and what went wrong when it failed."
videoOutputs,projectorsHidden,T,r,false,,,state,5,no,park,none,,"Whether the projectors' windows are put away while the show is unlocked, so their displays show the desktop for editing (namespace draft 39). Turned on and off by video.hideProjectors; a locked show shows every projector whatever this says. Tonight's, never stored."
videoOutputs,ffmpegInstall,s,r,,,,state,50,no,park,none,,"FFmpeg being downloaded into Go.dot's own folder (namespace draft 37.5, WN): empty when nobody asked, else downloading, unpacking, checking, done or failed, a tab, how far in %, a tab, and what went wrong; and a tab and where it comes from."
videoOutput,name,s,rw,,,,state,50,no,park,show,,"What the show calls this output - Face, Wings monitor. An output is a display on this machine showing one canvas through its own mapping (namespace draft 35, the author's word)."
videoOutput,canvas,s,rw,,,,state,50,no,park,show,canvas,"The canvas it shows, by identifier. Several outputs may show one canvas, each through its own mapping (VA). Empty shows black."
videoOutput,display,s,rw,,,,state,50,no,park,show,,"The display on this machine it opens on, by the name the system gives it (VL). What somebody decided and what reads sensibly at the next venue, which is why it is in the show: displayId is what this machine called it."
videoOutput,displayId,s,rw,,,,state,50,no,park,state,,"The identifier that display had when this machine last found it, tried BEFORE the name - the MIDI port's twin rows exactly (port/outputDeviceId)."
videoOutput,kind,s,rw,display,display|ndi|spout|syphon,,state,50,no,park,show,,"What the output does with its canvas (namespace draft 44, YA): display shows it on a display of this machine, as every output did; ndi sends it over the network, spout to another program on this Windows machine, syphon to another on this Mac - warped and calibrated as an output is, its display rows read by nothing. A kind this system has not got sends nothing and says so."
videoOutput,sendName,s,rw,,,,state,50,no,park,show,,"The name another program finds a sending output by, and empty for Go.dot and the output's name - Go.dot - Face. Read by nothing on a display."
videoOutput,frameRate,d,rw,60,1..240,Hz,state,50,no,park,show,,"How many frames a second a sending output sends (namespace draft 44, YJ). One at a display's rate rides that display's refresh; any other keeps its own time. Read by nothing on a display, which is drawn at its own refresh."
videoOutput,enabled,T,rw,true,,,state,50,no,park,show,,"Whether the output is opened. Off, the cues still run and this output shows nothing, so a rehearsal in a room without the projector plays the show instead of failing it."
videoOutput,meshColumns,i,rw,2,2..16,,state,50,no,park,show,,"How many control points the output's mesh has across (namespace draft 35, PRD 3.19a): two by two is a corner-pin keystone, more bend the canvas round what is not flat."
videoOutput,meshRows,i,rw,2,2..16,,state,50,no,park,show,,"How many it has down."
videoOutput,mesh,d*,rw,,,,state,50,no,park,show,,"Where each control point of the canvas lands on the display, as (x, y) pairs in 0..1 of the display - x right, y down - row by row from the top-left, meshColumns by meshRows of them. A smooth surface runs through them. Empty, or the wrong count, is the canvas filling the display."
videoOutput,cdl,d*,rw,,,,state,50,no,park,show,,"The output's calibration, ASC CDL (VP): slope red green blue, offset red green blue, power red green blue, saturation - ten numbers, in the order a .cdl file lists them. Empty changes nothing. What matches a second projector, or a grey wall, to the first."
videoOutput,bound,T,r,false,,,state,50,no,park,none,,"Whether a display is behind it tonight. What the machine found, not what anybody decided, so it is published and never stored."
videoOutput,problem,s,r,,,,state,50,no,park,none,,"Why it is not, in one sentence, and empty when it is: no such display on this machine, a name that fits two of them, or the renderer not running. Nothing fails because of it: the show runs without this output."
videoOutput,testPattern,T,r,false,,,state,50,no,park,none,,"Whether the output shows its test pattern - a white frame and a cross - over whatever is up, to find which projector is which. Turned on and off by videoOutput.identify, which Identify on the Video tab sends; tonight's, never stored."
videoOutput,framesPresented,h,r,0,0..,,state,5,no,park,none,,"How many frames the renderer has shown on this output since it opened it - its own count, so a frame's pacing is a number and not something judged by eye."
videoOutput,framesLate,h,r,0,0..,,state,5,no,park,none,,"How many of those were shown later than they were due."
videoOutput,presentJitter,d,r,0,0..,ms,state,5,no,park,none,,"How far, lately, a frame was shown from the moment it was due, in milliseconds."
videoOutput,zones,s,r,,,,state,50,no,park,none,,"The identifiers of the zones laid over this output's own canvas, bottom first, space-separated (namespace draft 40, WY, the author's pick): each a further canvas through a warp of its own, drawn in this order over what is under it. Derived from where they sit."
videoInputs,order,s,r,,,,state,50,no,park,none,,"The identifiers of the video inputs the show declares, in document order, space-separated."
videoInputs,available,s,r,,,,state,1,no,park,none,,"The pictures other programs offer this machine now, one per line: the kind (ndi, spout or syphon), a tab, and the name the program sends under (namespace draft 44, YB) - what a video input's sender is picked from. From the renderer, which looks for them; empty until it has started."
videoInput,name,s,rw,,,,state,50,no,park,show,,"What the show calls this input - TouchDesigner, Camera 2 - in every menu that offers one. A video input is a picture another program sends, which a capture cue shows (namespace draft 44, YB)."
videoInput,kind,s,rw,ndi,ndi|spout|syphon,,state,50,no,park,show,,"How the picture arrives: ndi over the network, spout from another program on this Windows machine, syphon from one on this Mac."
videoInput,sender,s,rw,,,,state,50,no,park,show,,"The name the other program sends under, as videoInputs/available lists it - for NDI the machine's name and the source's, MACHINE (Source). Empty takes nothing."
videoInput,enabled,T,rw,true,,,state,50,no,park,show,,"Whether Go.dot takes it in. It is connected while declared and enabled, never at GO (namespace draft 44, YD), so a cue showing it shows the latest picture that arrived."
videoInput,connected,T,r,false,,,state,5,no,park,none,,"Whether its pictures are arriving tonight. What the machine found, never stored."
videoInput,width,i,r,0,0..,px,state,5,no,park,none,,"How wide the pictures arriving are, nought while none are."
videoInput,height,i,r,0,0..,px,state,5,no,park,none,,"How high they are."
videoInput,frameRate,d,r,0,0..,Hz,state,5,no,park,none,,"How many arrive a second, lately. A live picture is not on the audio clock (YD): it is shown as it comes."
videoInput,problem,s,r,,,,state,50,no,park,none,,"Why none are arriving, in one sentence, and empty when they are: nothing sending under that name, a kind this system has not got, the NDI runtime not installed, the renderer not running."
videoInserts,order,s,r,,,,state,50,no,park,none,,"The identifiers of the video inserts the show declares, in document order, space-separated."
videoInsert,name,s,rw,,,,state,50,no,park,show,,"What the show calls this insert - Kaleidoscope, Key - in the menu a cue picks one from. An insert sends a cue's picture to another program and shows what comes back (namespace draft 44, YE)."
videoInsert,kind,s,rw,spout,ndi|spout|syphon,,state,50,no,park,show,,"How the picture goes and comes back: spout to and from another program on this Windows machine, syphon on this Mac, ndi over the network."
videoInsert,sendName,s,rw,,,,state,50,no,park,show,,"The name the cue's picture is sent under, which the other program takes it in by; empty for Go.dot - insert and the insert's name."
videoInsert,returnSender,s,rw,,,,state,50,no,park,show,,"The name the other program sends the picture back under, as videoInput/available lists it."
videoInsert,connected,T,r,false,,,state,5,no,park,none,,"Whether what comes back is arriving tonight. What the machine found, never stored."
videoInsert,frameRate,d,r,0,0..,Hz,state,5,no,park,none,,"How many pictures come back a second, lately."
videoInsert,returnAge,d,r,0,0..,s,state,5,no,park,none,,"How long ago the last picture came back, in seconds: the round trip's delay shows here, and is never made up for (YH)."
videoInsert,problem,s,r,,,,state,50,no,park,none,,"Why the cue shows black, in one sentence, and empty when it does not: nothing coming back, a kind this system has not got, two cues through the insert at once, the renderer not running."
zone,output,s,r,,,,state,50,no,park,none,,"The output this zone is on, derived from where it sits. A zone is a child of its output, as a range is of its cue."
zone,name,s,rw,,,,state,50,no,park,show,,"What the zone is called - Left flat, Floor. Empty reads as its canvas's name."
zone,canvas,s,rw,,,,state,50,no,park,show,canvas,"The canvas the zone shows, by identifier (namespace draft 40, WY). Empty shows nothing. One canvas may be in several zones and on several outputs, each through its own warp."
zone,blend,s,rw,normal,normal|add|screen|multiply,,state,50,no,park,show,,"How the zone lies on what is under it on the output - the output's own canvas and the zones before it - in the layers' four ways (VD): normal covers it by its opacity; add adds it; screen lightens; multiply darkens."
zone,opacity,d,rw,100,0..100,%,state,50,no,park,show,,"How solid the zone is on the output, in %: 100 covers what is under it by its blend, nought is not there."
zone,meshColumns,i,rw,2,2..16,,state,50,no,park,show,,"How many control points the zone's warp has across: two by two is its four corners, more are the extra splits that bend it."
zone,meshRows,i,rw,2,2..16,,state,50,no,park,show,,"How many it has down."
zone,mesh,d*,rw,,,,state,50,no,park,show,,"Where each control point of the zone's canvas lands on the output, as (x, y) pairs in 0..1 of the display - x right, y down - row by row from the top-left, as the output's own mesh. Empty or the wrong count is the whole output, which is where a new zone starts."
